label,trial_id,repeat_index,timestamp,contact_threshold,size_contact_angle_mean,size_closure_mean,active_contact_count,contact_order_span_s,final_force_delta_mean,final_force_delta_max,final_force_delta_sum,lift_force_delta,weight_g,notes,hover_sample_count,hover_duration_s,hover_thumb_force_delta_mean,hover_thumb_force_delta_max,hover_thumb_force_delta_std,hover_thumb_force_delta_last,hover_thumb_force_delta_drift,hover_force_delta_sum_mean,hover_force_delta_sum_max,hover_force_delta_sum_std,hover_force_delta_sum_last,hover_force_delta_sum_drift,hover_force_delta_little_mean,hover_force_delta_little_max,hover_force_delta_little_std,hover_force_delta_little_last,hover_force_delta_little_drift,hover_force_delta_ring_mean,hover_force_delta_ring_max,hover_force_delta_ring_std,hover_force_delta_ring_last,hover_force_delta_ring_drift,hover_force_delta_middle_mean,hover_force_delta_middle_max,hover_force_delta_middle_std,hover_force_delta_middle_last,hover_force_delta_middle_drift,hover_force_delta_index_mean,hover_force_delta_index_max,hover_force_delta_index_std,hover_force_delta_index_last,hover_force_delta_index_drift,hover_force_delta_thumb_bend_mean,hover_force_delta_thumb_bend_max,hover_force_delta_thumb_bend_std,hover_force_delta_thumb_bend_last,hover_force_delta_thumb_bend_drift,hover_force_delta_thumb_swing_mean,hover_force_delta_thumb_swing_max,hover_force_delta_thumb_swing_std,hover_force_delta_thumb_swing_last,hover_force_delta_thumb_swing_drift,squeeze_sample_count,squeeze_duration_s,squeeze_baseline_source,squeeze_middle_ready,squeeze_middle_contact_delta,squeeze_middle_seek_steps,squeeze_command_sample_index,tactile_window_sample_count,tactile_friction_command_sample_index,squeeze_force_delta_sum_mean,squeeze_force_delta_sum_max,squeeze_force_delta_sum_last,squeeze_thumb_force_delta_mean,squeeze_thumb_force_delta_max,squeeze_thumb_force_delta_last,squeeze_thumb_force_delta_series,squeeze_middle_force_delta_max,squeeze_middle_force_delta_series,squeeze_force_delta_sum_series,squeeze_angle_delta_mean,squeeze_stiffness_sum_per_angle,squeeze_force_delta_little_mean,squeeze_force_delta_little_max,squeeze_force_delta_little_last,squeeze_force_delta_little_series,squeeze_force_delta_ring_mean,squeeze_force_delta_ring_max,squeeze_force_delta_ring_last,squeeze_force_delta_ring_series,squeeze_force_delta_middle_mean,squeeze_force_delta_middle_max,squeeze_force_delta_middle_last,squeeze_force_delta_middle_series,squeeze_force_delta_index_mean,squeeze_force_delta_index_max,squeeze_force_delta_index_last,squeeze_force_delta_index_series,squeeze_force_delta_thumb_bend_mean,squeeze_force_delta_thumb_bend_max,squeeze_force_delta_thumb_bend_last,squeeze_force_delta_thumb_bend_series,squeeze_force_delta_thumb_swing_mean,squeeze_force_delta_thumb_swing_max,squeeze_force_delta_thumb_swing_last,squeeze_force_delta_thumb_swing_series,tactile_normal_index_series,tactile_tangential_index_series,tactile_friction_index_series,tactile_friction_index_mean,tactile_friction_index_max,tactile_normal_index_mean,tactile_tangential_index_mean,tactile_normal_middle_series,tactile_tangential_middle_series,tactile_friction_middle_series,tactile_friction_middle_mean,tactile_friction_middle_max,tactile_normal_middle_mean,tactile_tangential_middle_mean,tactile_normal_thumb_series,tactile_tangential_thumb_series,tactile_friction_thumb_series,tactile_friction_thumb_mean,tactile_friction_thumb_max,tactile_normal_thumb_mean,tactile_tangential_thumb_mean,baseline_angle_little,baseline_force_little,final_angle_little,final_force_little,final_force_delta_little,contacted_little,contact_time_little,contact_angle_little,contact_force_delta_little,baseline_angle_ring,baseline_force_ring,final_angle_ring,final_force_ring,final_force_delta_ring,contacted_ring,contact_time_ring,contact_angle_ring,contact_force_delta_ring,baseline_angle_middle,baseline_force_middle,final_angle_middle,final_force_middle,final_force_delta_middle,contacted_middle,contact_time_middle,contact_angle_middle,contact_force_delta_middle,baseline_angle_index,baseline_force_index,final_angle_index,final_force_index,final_force_delta_index,contacted_index,contact_time_index,contact_angle_index,contact_force_delta_index,baseline_angle_thumb_bend,baseline_force_thumb_bend,final_angle_thumb_bend,final_force_thumb_bend,final_force_delta_thumb_bend,contacted_thumb_bend,contact_time_thumb_bend,contact_angle_thumb_bend,contact_force_delta_thumb_bend,baseline_angle_thumb_swing,baseline_force_thumb_swing,final_angle_thumb_swing,final_force_thumb_swing,final_force_delta_thumb_swing,contacted_thumb_swing,contact_time_thumb_swing,contact_angle_thumb_swing,contact_force_delta_thumb_swing,stage1_predicted_label,stage1_prediction_confidence,stage1_prediction_distance,ab_squeeze_triggered,ab_friction_finger,ab_friction_feature,ab_friction_threshold,ab_friction_a_direction,prediction_status,ab_friction_value,predicted_label,prediction_confidence,prediction_distance,miss_grasp_active_contact_count,miss_grasp_size_closure_mean,miss_grasp_size_contact_angle_mean,miss_grasp_hover_sample_count,miss_grasp_hover_thumb_force_delta_mean,miss_grasp_hover_force_delta_sum_mean,miss_grasp_final_force_delta_sum,stage1_distance_a,stage1_distance_bc,bc_distance_b,bc_distance_c,miss_grasp_low_hover_after_lift,miss_grasp_deep_empty_close,ab_squeeze_threshold,ab_squeeze_a_standard,ab_squeeze_b_standard,ab_squeeze_middle_force_delta_max,ab_squeeze_curve_distance_a,ab_squeeze_curve_distance_b,ab_shape_late_slope,ab_shape_rebound,ab_shape_peak_pos,ab_shape_score_a,hover_proximity_sample_count,hover_proximity_mean,hover_proximity_max,hover_proximity_little_series,hover_proximity_little_mean,hover_proximity_little_max,hover_proximity_little_last,hover_proximity_little_drift,hover_proximity_ring_series,hover_proximity_ring_mean,hover_proximity_ring_max,hover_proximity_ring_last,hover_proximity_ring_drift,hover_proximity_middle_series,hover_proximity_middle_mean,hover_proximity_middle_max,hover_proximity_middle_last,hover_proximity_middle_drift,hover_proximity_index_series,hover_proximity_index_mean,hover_proximity_index_max,hover_proximity_index_last,hover_proximity_index_drift,hover_proximity_thumb_series,hover_proximity_thumb_mean,hover_proximity_thumb_max,hover_proximity_thumb_last,hover_proximity_thumb_drift,ab_proximity_assist_triggered,ab_proximity_index_force_threshold,ab_proximity_thumb_threshold,ab_proximity_a_direction,ab_proximity_thumb_mean,ab_proximity_index_contacted,ab_proximity_index_final_force_delta,ab_proximity_index_hover_force_delta_mean,ab_proximity_label,bc_proximity_assist_triggered,bc_proximity_thumb_threshold,bc_proximity_middle_threshold,bc_proximity_thumb_mean,bc_proximity_middle_mean,bc_proximity_index_mean,bc_proximity_label
unknown,20260730_174710,0.0,2026-07-30 17:47:23,70.0,1406.75,275.0,5.0,0.0,584.1666666666666,1342.0,3505.0,,,claw_machine,11.0,1.8848745229915949,1588.0,1590.0,1.5374122295716148,1586.0,-4.0,3468.4545454545455,3470.0,1.5587661999529314,3466.0,-4.0,62.63636363636363,63.0,0.48104569292083466,63.0,1.0,84.0,84.0,0.0,84.0,0.0,1020.7272727272727,1021.0,0.616575453011388,1019.0,-2.0,713.0909090909091,714.0,0.28747978728803447,714.0,1.0,1340.1818181818182,1342.0,1.33608531424537,1338.0,-4.0,247.8181818181818,248.0,0.38569460791993504,248.0,0.0,21.0,3.197605573994224,hover_last_10,1.0,1019.0,0.0,2.0,31.0,12.0,386.9428571428571,538.5999999999999,508.59999999999997,150.7238095238095,213.2,202.2,2.2;3.2;4.2;68.2;125.2;132.2;130.2;140.2;140.2;152.2;197.2;213.2;211.2;209.2;209.2;206.2;206.2;206.2;204.2;202.2;202.2,198.29999999999995,1.7;1.7;1.7;101.3;126.3;130.3;128.3;143.3;141.3;161.3;198.3;191.3;188.3;186.3;186.3;183.3;181.3;179.3;178.3;178.3;177.3,4.0;5.0;6.0;227.6;322.6;338.6;332.6;369.6;366.6;415.6;530.6;538.6;531.6;527.6;526.6;519.6;517.6;515.6;510.6;510.6;508.6,10.475000000000023,48.55369928400944,0.5571428571428546,2.299999999999997,0.29999999999999716,0.3;0.3;0.3;0.3;0.3;1.3;0.3;2.3;2.3;0.7;0.3;0.3;0.3;0.3;0.3;0.3;0.3;0.3;0.3;0.3;0.3,4.190476190476191,7.0,5.0,0.0;0.0;2.0;3.0;3.0;4.0;3.0;4.0;3.0;4.0;4.0;6.0;6.0;7.0;6.0;5.0;6.0;6.0;6.0;5.0;5.0,141.21428571428567,198.29999999999995,177.29999999999995,1.7;1.7;1.7;101.3;126.3;130.3;128.3;143.3;141.3;161.3;198.3;191.3;188.3;186.3;186.3;183.3;181.3;179.3;178.3;178.3;177.3,95.00476190476192,135.10000000000002,129.10000000000002,0.1;0.1;0.1;58.1;71.1;76.1;74.1;86.1;85.1;102.1;135.1;134.1;132.1;132.1;131.1;130.1;130.1;130.1;128.1;130.1;129.1,95.28571428571429,138.0,133.0,2.0;3.0;4.0;24.0;73.0;80.0;80.0;86.0;87.0;94.0;118.0;138.0;136.0;136.0;136.0;135.0;135.0;135.0;133.0;133.0;133.0,55.43809523809523,79.19999999999999,69.19999999999999,0.2;0.2;0.2;44.2;52.2;52.2;50.2;54.2;53.2;58.2;79.2;75.2;75.2;73.2;73.2;71.2;71.2;71.2;71.2;69.2;69.2,644.0;644.0;644.0;644.0;644.0;644.0;644.0;644.0;645.0;644.0;644.0;644.0;644.0;620.0;590.0;585.0;584.0;576.0;575.0;567.0;539.0;529.0;528.0;528.0;528.0;528.0;527.0;527.0;527.0;527.0;527.0,486.0;486.0;486.0;487.0;486.0;486.0;486.0;487.0;487.0;487.0;486.0;487.0;487.0;498.0;503.0;504.0;504.0;503.0;503.0;499.0;497.0;495.0;494.0;493.0;493.0;493.0;493.0;492.0;492.0;492.0;492.0,0.7547;0.7547;0.7547;0.7562;0.7547;0.7547;0.7547;0.7562;0.7550;0.7562;0.7547;0.7562;0.7562;0.8032;0.8525;0.8615;0.8630;0.8733;0.8748;0.8801;0.9221;0.9357;0.9356;0.9337;0.9337;0.9337;0.9355;0.9336;0.9336;0.9336;0.9336,0.8416618740773562,0.9357277882797732,589.8387096774194,492.38709677419354,56.0;56.0;56.0;56.0;56.0;56.0;56.0;56.0;56.0;56.0;56.0;56.0;57.0;73.0;90.0;94.0;95.0;100.0;100.0;106.0;119.0;123.0;123.0;123.0;123.0;123.0;124.0;124.0;124.0;124.0;124.0,50.0;51.0;51.0;51.0;51.0;50.0;50.0;51.0;51.0;51.0;51.0;51.0;51.0;59.0;76.0;80.0;81.0;84.0;85.0;89.0;100.0;105.0;105.0;106.0;106.0;106.0;106.0;107.0;107.0;107.0;107.0,0.8929;0.9107;0.9107;0.9107;0.9107;0.8929;0.8929;0.9107;0.9107;0.9107;0.9107;0.9107;0.8947;0.8082;0.8444;0.8511;0.8526;0.8400;0.8500;0.8396;0.8403;0.8537;0.8537;0.8618;0.8618;0.8618;0.8548;0.8629;0.8629;0.8629;0.8629,0.8740383609374907,0.9107142857142857,88.41935483870968,76.64516129032258,81.0;81.0;81.0;81.0;81.0;81.0;81.0;81.0;81.0;81.0;81.0;81.0;81.0;81.0;81.0;81.0;81.0;81.0;81.0;81.0;81.0;80.0;80.0;80.0;80.0;80.0;80.0;80.0;80.0;80.0;80.0,178.0;178.0;178.0;178.0;178.0;178.0;178.0;178.0;178.0;178.0;178.0;178.0;178.0;177.0;177.0;177.0;177.0;177.0;177.0;177.0;177.0;176.0;176.0;176.0;176.0;176.0;176.0;176.0;176.0;176.0;176.0,2.1975;2.1975;2.1975;2.1975;2.1975;2.1975;2.1975;2.1975;2.1975;2.1975;2.1975;2.1975;2.1975;2.1852;2.1852;2.1852;2.1852;2.1852;2.1852;2.1852;2.1852;2.2000;2.2000;2.2000;2.2000;2.2000;2.2000;2.2000;2.2000;2.2000;2.2000,2.1951413779370768,2.2,80.6774193548387,177.09677419354838,1739.0,48.0,1208.0,108.0,60.0,0.0,,,,1739.0,-3.0,1224.0,83.0,86.0,1.0,98557.775018992,1224.0,86.0,1742.0,-18.0,1500.0,1021.0,1039.0,1.0,98557.775018992,1500.0,1039.0,1742.0,15.0,1539.0,737.0,722.0,1.0,98557.775018992,1539.0,722.0,1504.0,-1.0,1364.0,1341.0,1342.0,1.0,98557.775018992,1364.0,1342.0,1050.0,99.0,997.0,355.0,256.0,1.0,98557.775018992,997.0,256.0,B,0.08939917969320994,1.767130975111853,1.0,middle,last,0.1464,>=,ab_friction,0.8629,A,1.0,,,,,,,,,,,,,,,,,,,,,,,,,,,,,,,,,,,,,,,,,,,,,,,,,,,,,,,,,,,,,,,,,,,,
unknown,20260731_170726,0.0,2026-07-31 17:07:35,70.0,1440.25,239.75,5.0,0.3111834420124069,673.3333333333334,1460.0,4040.0,,,claw_machine,23.0,4.925326344004134,1798.391304347826,1816.0,9.234807172652175,1786.0,-30.0,3450.0,3490.0,19.812161394720032,3424.0,-66.0,36.65217391304348,38.0,0.9604661754075879,38.0,2.0,749.304347826087,758.0,4.712931171451912,743.0,-15.0,424.2608695652174,431.0,3.49182139221935,420.0,-11.0,441.39130434782606,449.0,3.2934603242444562,437.0,-12.0,1290.8695652173913,1304.0,6.955162910767218,1281.0,-23.0,507.5217391304348,512.0,2.338144288651957,505.0,-7.0,,,,,,0.0,,,,,,,,,,,,,,,,,,,,,,,,,,,,,,,,,,,,,,,,,,,,,,,,,,,,,,,,,,,,,1739.0,46.0,1365.0,84.0,38.0,0.0,,,,1739.0,-4.0,1323.0,336.0,340.0,1.0,1.2135251259896904,1467.0,71.0,1739.0,-21.0,1407.0,928.0,949.0,1.0,1.5247085680020973,1452.0,226.0,1743.0,20.0,1414.0,837.0,817.0,1.0,1.5247085680020973,1453.0,393.0,1499.0,0.0,1393.0,1460.0,1460.0,1.0,1.350106649013469,1389.0,87.0,1050.0,97.0,1011.0,533.0,436.0,1.0,1.350106649013469,1006.0,114.0,BC,0.19256590193964274,2.184397880535302,0.0,middle,last,0.1464,>=,a_bc_then_b_c,,B,0.18257859576216978,2.184397880535302,5.0,239.75,1440.25,23.0,1798.391304347826,3450.0,4040.0,2.705357484871267,2.184397880535302,2.184397880535302,2.672303256794003,,,,,,,,,,,,,,,,,,,,,,,,,,,,,,,,,,,,,,,,,,,,,,,,,,,,,,,,
unknown,20260731_170904,0.0,2026-07-31 17:09:13,70.0,1502.0,177.5,5.0,0.2770576080074534,277.6666666666667,660.0,1666.0,,,claw_machine,18.0,4.659975536982529,44.55555555555556,46.0,0.8314794192830981,44.0,-1.0,273.1111111111111,276.0,1.4487116456005886,273.0,-2.0,46.888888888888886,47.0,0.31426968052735443,47.0,0.0,95.55555555555556,97.0,0.7617394000445604,94.0,-1.0,48.666666666666664,50.0,0.816496580927726,50.0,0.0,37.44444444444444,38.0,0.7617394000445604,38.0,0.0,21.0,21.0,0.0,21.0,0.0,23.555555555555557,25.0,0.8314794192830981,23.0,-1.0,,,,,,0.0,,,,,,,,,,,,,,,,,,,,,,,,,,,,,,,,,,,,,,,,,,,,,,,,,,,,,,,,,,,,,1739.0,46.0,1336.0,97.0,51.0,1.0,1.0330082169966772,1372.0,72.0,1739.0,-6.0,1400.0,129.0,135.0,1.0,0.8929621939896606,1609.0,173.0,1741.0,-19.0,1400.0,641.0,660.0,1.0,1.0330082169966772,1638.0,438.0,1743.0,19.0,1393.0,52.0,33.0,0.0,,,,1499.0,-1.0,1390.0,518.0,519.0,1.0,1.170019801997114,1389.0,90.0,1049.0,94.0,914.0,362.0,268.0,1.0,1.170019801997114,913.0,163.0,BC,0.08271064979197972,5.465040106741575,0.0,middle,last,0.1464,>=,a_bc_then_b_c,,C,0.05524725579817403,5.465040106741575,5.0,177.5,1502.0,18.0,44.55555555555556,273.1111111111111,1666.0,5.957814843903877,5.465040106741575,5.784624750059826,5.465040106741575,,,,,,,,,,,,,,,,,,,,,,,,,,,,,,,,,,,,,,,,,,,,,,,,,,,,,,,,
unknown,20260731_171913,0.0,2026-07-31 17:19:22,70.0,1617.5,121.5,3.0,0.6696384639944881,43.333333333333336,97.0,260.0,,,claw_machine,24.0,4.964630539005157,41.458333333333336,43.0,0.6441510347391795,42.0,-1.0,249.625,252.0,1.6282019735483269,247.0,-5.0,34.208333333333336,36.0,0.4982608642958916,34.0,0.0,92.04166666666667,93.0,0.8405933750763339,91.0,-2.0,45.333333333333336,46.0,0.6871842709362768,44.0,-2.0,36.583333333333336,38.0,0.8122328620674136,36.0,0.0,18.0,18.0,0.0,18.0,0.0,23.458333333333332,25.0,0.6441510347391795,24.0,-1.0,,,,,,0.0,,,,,,,,,,,,,,,,,,,,,,,,,,,,,,,,,,,,,,,,,,,,,,,,,,,,,,,,,,,,,1739.0,46.0,1421.0,80.0,34.0,0.0,,,,1739.0,-6.0,1302.0,91.0,97.0,1.0,0.5853076879866421,1613.0,100.0,1739.0,-19.0,1399.0,24.0,43.0,1.0,0.7501754009863362,1622.0,312.0,1744.0,17.0,1402.0,49.0,32.0,0.0,,,,1500.0,0.0,1420.0,26.0,26.0,0.0,,,,1052.0,94.0,912.0,122.0,28.0,1.0,1.2549461519811302,912.0,82.0,,,,0.0,middle,last,0.1464,>=,miss_grasp,,NONE,1.0,,3.0,121.5,1617.5,24.0,41.458333333333336,249.625,260.0,,,,,1.0,0.0,190.0,238.0,142.5,,,,,,,,,,,,,,,,,,,,,,,,,,,,,,,,,,,,,,,,,,,,,,,,,,,
unknown,20260731_171954,0.0,2026-07-31 17:20:02,70.0,1454.25,224.75,5.0,0.4749388469790574,413.6666666666667,968.0,2482.0,,,claw_machine,26.0,4.914959185989574,45.84615384615385,48.0,0.6617173282340483,45.0,-1.0,270.6923076923077,273.0,1.3234346564680965,268.0,-3.0,53.73076923076923,54.0,0.5921078583977174,52.0,-2.0,89.07692307692308,91.0,0.7297563831157798,89.0,0.0,42.11538461538461,44.0,0.5058825553063809,42.0,-1.0,39.92307692307692,41.0,0.6153846153846154,40.0,1.0,18.0,18.0,0.0,18.0,0.0,27.846153846153847,30.0,0.6617173282340483,27.0,-1.0,,,,,,0.0,,,,,,,,,,,,,,,,,,,,,,,,,,,,,,,,,,,,,,,,,,,,,,,,,,,,,,,,,,,,,1739.0,44.0,1327.0,93.0,49.0,1.0,1.1900308220065199,1332.0,93.0,1739.0,-6.0,1396.0,344.0,350.0,1.0,1.3298213410016615,1420.0,543.0,1739.0,-19.0,1408.0,949.0,968.0,1.0,0.8548824940226041,1670.0,214.0,1744.0,19.0,1393.0,75.0,56.0,0.0,,,,1499.0,0.0,1394.0,713.0,713.0,1.0,1.3298213410016615,1395.0,197.0,1052.0,93.0,911.0,439.0,346.0,1.0,1.1900308220065199,910.0,82.0,,,,0.0,middle,last,0.1464,>=,miss_grasp,,NONE,1.0,,5.0,224.75,1454.25,26.0,45.84615384615385,270.6923076923077,2482.0,,,,,1.0,0.0,190.0,238.0,142.5,,,,,,,,,,,,,,,,,,,,,,,,,,,,,,,,,,,,,,,,,,,,,,,,,,,
unknown,20260731_172037,0.0,2026-07-31 17:20:45,70.0,1475.3333333333333,183.66666666666666,4.0,0.6047392440086696,291.3333333333333,601.0,1748.0,,,claw_machine,28.0,4.829728624987183,1020.1785714285714,1037.0,7.564265479535866,1010.0,-27.0,1995.2857142857142,2018.0,11.563048111663857,1982.0,-36.0,27.142857142857142,29.0,0.5150787536377128,28.0,-1.0,866.0357142857143,872.0,3.4998177795130876,861.0,-11.0,45.67857142857143,47.0,0.8474150369789052,47.0,2.0,36.25,37.0,0.9112393444409339,36.0,1.0,608.3214285714286,620.0,5.1133828013820155,602.0,-18.0,411.85714285714283,417.0,2.503059352562176,408.0,-9.0,,,,,,0.0,,,,,,,,,,,,,,,,,,,,,,,,,,,,,,,,,,,,,,,,,,,,,,,,,,,,,,,,,,,,,1739.0,44.0,1427.0,69.0,25.0,0.0,,,,1739.0,-6.0,1325.0,595.0,601.0,1.0,1.3148291140096262,1373.0,78.0,1739.0,-20.0,1360.0,267.0,287.0,1.0,0.7100898700009566,1627.0,276.0,1744.0,16.0,1360.0,57.0,41.0,0.0,,,,1499.0,0.0,1426.0,438.0,438.0,1.0,1.3148291140096262,1426.0,98.0,1049.0,93.0,991.0,449.0,356.0,1.0,1.3148291140096262,990.0,135.0,C,0.06234793584133837,3.688553777164489,0.0,middle,last,0.1464,>=,ok,,C,0.06234793584133837,3.688553777164489,4.0,183.66666666666666,1475.3333333333333,28.0,1020.1785714285714,1995.2857142857142,1748.0,,,,,0.0,0.0,190.0,238.0,142.5,,,,,,,,,,,,,,,,,,,,,,,,,,,,,,,,,,,,,,,,,,,,,,,,,,,
unknown,20260731_172131,0.0,2026-07-31 17:21:40,70.0,1456.75,224.0,5.0,0.6485184069897514,129.33333333333334,301.0,776.0,,,claw_machine,28.0,5.0488981009984855,1157.2142857142858,1166.0,3.7640891789301136,1153.0,-13.0,2665.0714285714284,2679.0,6.369170003274543,2658.0,-21.0,34.214285714285715,36.0,0.817537367304257,36.0,4.0,78.89285714285714,79.0,0.30929478706587094,79.0,1.0,752.7142857142857,756.0,1.0642617446965243,751.0,-5.0,642.0357142857143,647.0,2.4565094698596632,639.0,-8.0,872.1071428571429,880.0,3.6384777597455873,868.0,-12.0,285.10714285714283,286.0,0.30929478706587094,285.0,-1.0,,,,,,0.0,,,,,,,,,,,,,,,,,,,,,,,,,,,,,,,,,,,,,,,,,,,,,,,,,,,,,,,,,,,,,1739.0,46.0,1403.0,74.0,28.0,0.0,,,,1739.0,-5.0,1311.0,84.0,89.0,1.0,1.3098336459952407,1375.0,76.0,1742.0,-22.0,1392.0,279.0,301.0,1.0,0.8312201169901527,1637.0,252.0,1743.0,17.0,1391.0,201.0,184.0,1.0,1.4797385239799041,1391.0,184.0,1499.0,0.0,1424.0,79.0,79.0,1.0,1.4797385239799041,1424.0,79.0,1049.0,95.0,912.0,190.0,95.0,1.0,1.4797385239799041,912.0,95.0,C,0.031220290208816247,2.790842384166838,0.0,middle,last,0.1464,>=,ok,,C,0.031220290208816247,2.790842384166838,5.0,224.0,1456.75,28.0,1157.2142857142858,2665.0714285714284,776.0,,,,,0.0,0.0,190.0,238.0,142.5,,,,,,,,,,,,,,,,,,,,,,,,,,,,,,,,,,,,,,,,,,,,,,,,,,,
unknown,20260731_172217,0.0,2026-07-31 17:22:25,70.0,1476.6666666666667,264.0,3.0,0.6049287149799056,48.333333333333336,91.0,290.0,,,claw_machine,28.0,4.925083809997886,837.5357142857143,869.0,13.03424649270732,822.0,-47.0,1829.5,1894.0,28.477434675797006,1794.0,-100.0,33.535714285714285,34.0,0.7310531960878115,33.0,0.0,88.96428571428571,91.0,1.4263375391225614,91.0,4.0,648.6785714285714,654.0,2.5781163033248498,646.0,-8.0,220.78571428571428,251.0,14.158180731741387,202.0,-49.0,556.0714285714286,582.0,10.806507865397496,543.0,-39.0,281.4642857142857,287.0,2.2596166371618827,279.0,-8.0,,,,,,0.0,,,,,,,,,,,,,,,,,,,,,,,,,,,,,,,,,,,,,,,,,,,,,,,,,,,,,,,,,,,,,1739.0,44.0,1432.0,73.0,29.0,0.0,,,,1739.0,-6.0,1334.0,85.0,91.0,1.0,1.1195155140012503,1391.0,73.0,1741.0,-21.0,1402.0,22.0,43.0,1.0,0.6998700700059999,1635.0,242.0,1742.0,17.0,1404.0,97.0,80.0,1.0,1.3047987849859055,1404.0,80.0,1499.0,-1.0,1421.0,29.0,30.0,0.0,,,,1048.0,95.0,988.0,112.0,17.0,0.0,,,,C,0.09697225353387622,3.2900893633744133,0.0,middle,last,0.1464,>=,ok,,C,0.09697225353387622,3.2900893633744133,3.0,264.0,1476.6666666666667,28.0,837.5357142857143,1829.5,290.0,,,,,0.0,0.0,190.0,238.0,142.5,,,,,,,,,,,,,,,,,,,,,,,,,,,,,,,,,,,,,,,,,,,,,,,,,,,
unknown,20260731_172816,0.0,2026-07-31 17:28:26,70.0,1476.75,203.5,5.0,0.41724364101537503,552.6666666666666,1029.0,3316.0,,,claw_machine,23.0,4.818300342012662,680.1304347826087,1421.0,403.6756451224527,302.0,-1119.0,1408.304347826087,2863.0,754.4411945725478,718.0,-2145.0,51.73913043478261,54.0,1.960864745005162,54.0,7.0,344.8695652173913,714.0,183.9083666791524,183.0,-531.0,73.8695652173913,165.0,35.37907063422383,52.0,-113.0,257.69565217391306,516.0,136.04009472358052,127.0,-389.0,469.9130434782609,1034.0,301.01883705949416,194.0,-840.0,210.2173913043478,387.0,103.21440602254131,108.0,-279.0,5.0,0.6134391959931236,hover_last_10,1.0,187.0,2.0,3.0,15.0,13.0,740.2,1991.0,1991.0,307.2,1220.3999999999999,1220.3999999999999,18.4;18.4;29.4;249.4;1220.4,715.1,149.1;175.1;224.1;530.1;715.1,240.0;272.0;345.0;853.0;1991.0,30.599999999999966,65.06535947712426,1.6,3.0,1.0,1.0;1.0;3.0;2.0;1.0,82.39999999999999,115.19999999999999,111.19999999999999,48.2;55.2;82.2;115.2;111.2,358.7,715.1,715.1,149.1;175.1;224.1;530.1;715.1,74.3,91.5,55.5,72.5;78.5;91.5;73.5;55.5,240.9,1009.3,1009.3,14.3;14.3;26.3;140.3;1009.3,66.3,211.1,211.1,4.1;4.1;3.1;109.1;211.1,118.0;109.0;103.0;100.0;97.0;95.0;93.0;80.0;79.0;78.0;0.0;0.0;0.0;0.0;0.0,53.0;52.0;52.0;51.0;51.0;50.0;115.0;113.0;112.0;112.0;0.0;0.0;0.0;0.0;0.0,0.4492;0.4771;0.5049;0.5100;0.5258;0.5263;1.2366;1.4125;1.4177;1.4359;0.0000;0.0000;0.0000;0.0000;0.0000,0.5663892141005402,1.435897435897436,63.46666666666667,50.733333333333334,0.0;0.0;0.0;0.0;0.0;0.0;0.0;0.0;0.0;0.0;66.0;71.0;108.0;203.0;303.0,0.0;0.0;0.0;0.0;0.0;0.0;0.0;0.0;0.0;0.0;14.0;15.0;27.0;27.0;47.0,0.0000;0.0000;0.0000;0.0000;0.0000;0.0000;0.0000;0.0000;0.0000;0.0000;0.2121;0.2113;0.2500;0.1330;0.1551,0.0641006170276363,0.25,50.06666666666667,8.666666666666666,127.0;120.0;117.0;115.0;114.0;113.0;112.0;112.0;111.0;111.0;118.0;118.0;119.0;158.0;314.0,71.0;59.0;54.0;50.0;46.0;43.0;42.0;39.0;39.0;37.0;31.0;32.0;29.0;20.0;60.0,0.5591;0.4917;0.4615;0.4348;0.4035;0.3805;0.3750;0.3482;0.3514;0.3333;0.2627;0.2712;0.2437;0.1266;0.1911,0.34894949572641765,0.5590551181102362,131.93333333333334,43.46666666666667,1739.0,44.0,1329.0,93.0,49.0,0.0,,,,1739.0,-7.0,1382.0,230.0,237.0,1.0,1.2087196419888642,1421.0,399.0,1741.0,-25.0,1429.0,780.0,805.0,1.0,0.9356794039777014,1630.0,212.0,1742.0,16.0,1422.0,879.0,863.0,1.0,1.3529230449930765,1462.0,78.0,1499.0,0.0,1396.0,1029.0,1029.0,1.0,1.2087196419888642,1394.0,166.0,1049.0,90.0,930.0,423.0,333.0,1.0,1.2087196419888642,928.0,232.0,A,0.0892145354418635,2.0475735961734123,1.0,middle,last,0.1464,>=,ab_friction,0.1551,A,0.05942622950819662,,,,,,,,,,,,,,,190.0,238.0,142.5,715.1,,,,,,,,,,,,,,,,,,,,,,,,,,,,,,,,,,,,,,,,,,,,,,,,,,
unknown,20260731_172911,0.0,2026-07-31 17:29:19,70.0,1455.5,225.0,4.0,0.6147428090043832,194.5,484.0,1167.0,,,claw_machine,25.0,4.915743656980339,22.44,24.0,0.6374950980203691,23.0,2.0,236.12,240.0,2.3378622713923933,240.0,10.0,41.0,43.0,1.296148139681572,43.0,3.0,98.0,99.0,0.8944271909999159,99.0,2.0,38.28,39.0,0.8255906976220118,39.0,2.0,36.4,37.0,0.848528137423857,36.0,1.0,18.0,18.0,0.0,18.0,0.0,4.44,6.0,0.6374950980203691,5.0,2.0,,,,,,0.0,,,,,,,,,,,,,,,,,,,,,,,,,,,,,,,,,,,,,,,,,,,,,,,,,,,,,,,,,,,,,1739.0,46.0,1317.0,83.0,37.0,0.0,,,,1739.0,-6.0,1297.0,92.0,98.0,1.0,1.6549697919981554,1375.0,80.0,1742.0,-16.0,1356.0,28.0,44.0,1.0,1.0402269829937723,1634.0,205.0,1742.0,16.0,1371.0,500.0,484.0,1.0,1.6549697919981554,1398.0,424.0,1499.0,0.0,1415.0,459.0,459.0,1.0,1.6549697919981554,1415.0,117.0,1049.0,95.0,1021.0,140.0,45.0,0.0,,,,,,,0.0,middle,last,0.1464,>=,miss_grasp,,NONE,1.0,,4.0,225.0,1455.5,25.0,22.44,236.12,1167.0,,,,,1.0,0.0,190.0,238.0,142.5,,,,,,,,,,,,,,,,,,,,,,,,,,,,,,,,,,,,,,,,,,,,,,,,,,,
unknown,20260731_173326,0.0,2026-07-31 17:33:38,70.0,1403.0,276.75,4.0,0.28845268601435237,220.0,640.0,1320.0,,,claw_machine,22.0,4.9099894349928945,1528.590909090909,1535.0,3.366399356597368,1525.0,-10.0,3388.9545454545455,3401.0,6.553814106216546,3382.0,-17.0,40.0,41.0,0.5222329678670935,41.0,3.0,82.18181818181819,83.0,0.38569460791993504,82.0,0.0,1075.7272727272727,1080.0,2.319518331304195,1073.0,-7.0,662.4545454545455,664.0,1.2694763676153582,661.0,-3.0,1199.5,1204.0,2.251262272189053,1197.0,-7.0,329.09090909090907,331.0,1.275969895238018,328.0,-3.0,21.0,3.4974178410193417,hover_last_10,1.0,1073.0,0.0,4.0,31.0,14.0,496.20476190476194,800.9000000000001,751.9000000000001,164.39047619047625,257.2000000000001,245.2000000000001,0.8;2.8;2.8;3.8;3.8;54.2;146.2;156.2;155.2;166.2;252.2;257.2;255.2;253.2;251.2;251.2;249.2;248.2;249.2;248.2;245.2,420.4000000000001,0.6;0.6;0.6;0.6;0.6;122.4;217.4;208.4;206.4;223.4;420.4;399.4;396.4;395.4;393.4;391.4;389.4;387.4;387.4;387.4;387.4,2.7;4.7;4.1;5.7;4.7;220.9;433.9;431.9;426.9;462.9;800.9;777.9;772.9;768.9;763.9;761.9;757.9;754.9;755.9;754.9;751.9,10.75,69.94418604651163,1.1999999999999988,2.799999999999997,0.7999999999999972,2.8;1.8;2.8;1.8;1.8;2.8;1.8;0.8;2.8;0.8;0.2;0.8;0.2;0.2;0.2;0.8;0.8;0.2;0.2;0.8;0.8,5.595238095238091,10.099999999999994,9.099999999999994,0.9;0.9;0.1;0.1;0.9;2.1;4.1;4.1;4.1;4.1;9.1;8.1;8.1;8.1;10.1;9.1;9.1;8.1;9.1;8.1;9.1,253.16190476190482,420.4000000000001,387.4000000000001,0.6;0.6;0.6;0.6;0.6;122.4;217.4;208.4;206.4;223.4;420.4;399.4;396.4;395.4;393.4;391.4;389.4;387.4;387.4;387.4;387.4,78.65238095238091,128.29999999999995,119.29999999999995,1.3;1.3;0.7;1.3;0.3;44.3;70.3;67.3;65.3;73.3;128.3;121.3;121.3;120.3;119.3;119.3;119.3;119.3;119.3;119.3;119.3,147.59047619047624,234.4000000000001,226.4000000000001,0.6;2.6;2.6;2.6;2.6;30.4;122.4;135.4;134.4;142.4;223.4;234.4;232.4;232.4;230.4;230.4;228.4;228.4;228.4;228.4;226.4,16.800000000000004,28.80000000000001,18.80000000000001,0.2;0.2;0.2;1.2;1.2;23.8;23.8;20.8;20.8;23.8;28.8;22.8;22.8;20.8;20.8;20.8;20.8;19.8;20.8;19.8;18.8,0.0;0.0;0.0;0.0;0.0;0.0;0.0;0.0;0.0;0.0;0.0;0.0;0.0;0.0;0.0;0.0;0.0;0.0;0.0;0.0;0.0;0.0;0.0;0.0;0.0;0.0;0.0;0.0;0.0;0.0;0.0,0.0;0.0;0.0;0.0;0.0;0.0;0.0;0.0;0.0;0.0;0.0;0.0;0.0;0.0;0.0;0.0;0.0;0.0;0.0;0.0;0.0;0.0;0.0;0.0;0.0;0.0;0.0;0.0;0.0;0.0;0.0,0.0000;0.0000;0.0000;0.0000;0.0000;0.0000;0.0000;0.0000;0.0000;0.0000;0.0000;0.0000;0.0000;0.0000;0.0000;0.0000;0.0000;0.0000;0.0000;0.0000;0.0000;0.0000;0.0000;0.0000;0.0000;0.0000;0.0000;0.0000;0.0000;0.0000;0.0000,0.0,0.0,0.0,0.0,0.0;0.0;0.0;0.0;0.0;0.0;0.0;0.0;0.0;0.0;0.0;0.0;0.0;0.0;0.0;0.0;0.0;0.0;0.0;0.0;0.0;0.0;0.0;0.0;0.0;0.0;0.0;0.0;0.0;0.0;0.0,0.0;0.0;0.0;0.0;0.0;0.0;0.0;0.0;0.0;0.0;0.0;0.0;0.0;0.0;0.0;0.0;0.0;0.0;0.0;0.0;0.0;0.0;0.0;0.0;0.0;0.0;0.0;0.0;0.0;0.0;0.0,0.0000;0.0000;0.0000;0.0000;0.0000;0.0000;0.0000;0.0000;0.0000;0.0000;0.0000;0.0000;0.0000;0.0000;0.0000;0.0000;0.0000;0.0000;0.0000;0.0000;0.0000;0.0000;0.0000;0.0000;0.0000;0.0000;0.0000;0.0000;0.0000;0.0000;0.0000,0.0,0.0,0.0,0.0,0.0;0.0;0.0;0.0;0.0;0.0;0.0;0.0;0.0;0.0;0.0;0.0;0.0;0.0;0.0;0.0;0.0;0.0;0.0;0.0;0.0;0.0;0.0;0.0;0.0;0.0;0.0;0.0;0.0;0.0;0.0,0.0;0.0;0.0;0.0;0.0;0.0;0.0;0.0;0.0;0.0;0.0;0.0;0.0;0.0;0.0;0.0;0.0;0.0;0.0;0.0;0.0;0.0;0.0;0.0;0.0;0.0;0.0;0.0;0.0;0.0;0.0,0.0000;0.0000;0.0000;0.0000;0.0000;0.0000;0.0000;0.0000;0.0000;0.0000;0.0000;0.0000;0.0000;0.0000;0.0000;0.0000;0.0000;0.0000;0.0000;0.0000;0.0000;0.0000;0.0000;0.0000;0.0000;0.0000;0.0000;0.0000;0.0000;0.0000;0.0000,0.0,0.0,0.0,0.0,1739.0,46.0,1358.0,86.0,40.0,0.0,,,,1739.0,-4.0,1285.0,88.0,92.0,1.0,1.2101945339818485,1391.0,71.0,1739.0,-21.0,1402.0,225.0,246.0,1.0,1.4986472199962009,1402.0,246.0,1742.0,18.0,1405.0,658.0,640.0,1.0,1.4986472199962009,1405.0,640.0,1499.0,0.0,1414.0,233.0,233.0,1.0,1.4986472199962009,1414.0,233.0,1049.0,97.0,926.0,166.0,69.0,0.0,,,,C,0.0096439544691981,2.3455195524642267,1.0,middle,last,0.1464,>=,low_confidence_c_friction,0.0,B,1.0,,,,,,,,,,,,,,,190.0,238.0,142.5,420.4000000000001,,,,,,,,,,,,,,,,,,,,,,,,,,,,,,,,,,,,,,,,,,,,,,,,,,
unknown,20260731_173413,0.0,2026-07-31 17:34:23,70.0,1401.2,291.2,6.0,0.45532221300527453,673.3333333333334,1405.0,4040.0,,,claw_machine,24.0,4.775152299989713,689.4583333333334,1357.0,259.1518183045521,516.0,-841.0,1376.0416666666667,2712.0,500.256140989016,1038.0,-1674.0,66.75,68.0,0.82915619758885,67.0,2.0,297.4583333333333,604.0,110.8001125024499,224.0,-380.0,207.875,420.0,76.28035597933018,155.0,-265.0,114.5,266.0,54.923431550963144,76.0,-190.0,472.5833333333333,1002.0,201.7713054976406,343.0,-659.0,216.875,355.0,58.03756865169319,173.0,-182.0,6.0,0.8006433930131607,hover_last_10,1.0,155.0,0.0,4.0,16.0,14.0,340.4333333333333,1953.8,1953.8,184.06666666666663,1065.9,1065.9,8.1;7.1;9.1;9.1;5.1;1065.9,494.0,3.0;5.0;5.0;5.0;8.0;494.0,13.2;14.2;16.2;16.2;29.0;1953.8,16.350000000000023,119.49847094801207,0.0,0.0,0.0,0.0;0.0;0.0;0.0;0.0;0.0,17.933333333333326,78.1,78.1,5.1;5.1;7.1;7.1;5.1;78.1,86.66666666666667,494.0,494.0,3.0;5.0;5.0;5.0;8.0;494.0,69.69999999999999,393.9,393.9,2.1;2.1;2.1;2.1;15.9;393.9,159.4333333333333,932.1,932.1,4.9;4.9;4.9;4.9;4.9;932.1,24.633333333333326,133.8,133.8,3.2;2.2;4.2;4.2;0.2;133.8,0.0;0.0;0.0;0.0;0.0;0.0;0.0;0.0;0.0;0.0;0.0;0.0;0.0;0.0;0.0;162.0,0.0;0.0;0.0;0.0;0.0;0.0;0.0;0.0;0.0;0.0;0.0;0.0;0.0;0.0;0.0;76.0,0.0000;0.0000;0.0000;0.0000;0.0000;0.0000;0.0000;0.0000;0.0000;0.0000;0.0000;0.0000;0.0000;0.0000;0.0000;0.4691,0.029320987654320986,0.4691358024691358,10.125,4.75,0.0;0.0;0.0;0.0;0.0;0.0;0.0;0.0;0.0;0.0;0.0;0.0;0.0;0.0;0.0;160.0,0.0;0.0;0.0;0.0;0.0;0.0;0.0;0.0;0.0;0.0;0.0;0.0;0.0;0.0;0.0;13.0,0.0000;0.0000;0.0000;0.0000;0.0000;0.0000;0.0000;0.0000;0.0000;0.0000;0.0000;0.0000;0.0000;0.0000;0.0000;0.0813,0.005078125,0.08125,10.0,0.8125,136.0;135.0;135.0;134.0;134.0;134.0;134.0;134.0;133.0;133.0;133.0;133.0;133.0;133.0;133.0;346.0,174.0;171.0;170.0;169.0;168.0;168.0;167.0;167.0;166.0;166.0;165.0;165.0;165.0;165.0;164.0;180.0,1.2794;1.2667;1.2593;1.2612;1.2537;1.2537;1.2463;1.2463;1.2481;1.2481;1.2406;1.2406;1.2406;1.2406;1.2331;0.5202,1.2049057661039786,1.2794117647058822,147.0625,168.125,1739.0,44.0,1256.0,99.0,55.0,1.0,1.5751436429854948,1229.0,76.0,1739.0,-4.0,1376.0,525.0,529.0,1.0,1.7942966319969855,1396.0,658.0,1742.0,-23.0,1429.0,979.0,1002.0,1.0,1.338974418991711,1540.0,83.0,1742.0,15.0,1425.0,674.0,659.0,1.0,1.7942966319969855,1452.0,441.0,1500.0,0.0,1397.0,1405.0,1405.0,1.0,1.5751436429854948,1389.0,125.0,1050.0,93.0,904.0,483.0,390.0,1.0,1.5751436429854948,901.0,72.0,B,0.4289255947412043,0.7741303882652252,1.0,middle,last,0.1464,>=,ab_friction,0.0813,B,0.444672131147541,,,,,,,,,,,,,,,190.0,238.0,142.5,494.0,,,,,,,,,,,,,,,,,,,,,,,,,,,,,,,,,,,,,,,,,,,,,,,,,,
unknown,20260731_173503,0.0,2026-07-31 17:35:12,70.0,1406.5,274.0,5.0,0.5069173559895717,321.0,646.0,1926.0,,,claw_machine,25.0,4.8487300659762695,33.8,34.0,0.565685424949238,34.0,0.0,244.6,247.0,1.131370849898476,247.0,2.0,37.92,39.0,0.39191835884530846,38.0,0.0,93.28,94.0,0.44899888641287294,94.0,0.0,47.48,49.0,0.6997142273814361,49.0,2.0,32.12,34.0,0.5153639490690051,32.0,0.0,16.0,16.0,0.0,16.0,0.0,17.8,18.0,0.565685424949238,18.0,0.0,,,,,,0.0,,,,,,,,,,,,,,,,,,,,,,,,,,,,,,,,,,,,,,,,,,,,,,,,,,,,,,,,,,,,,1739.0,46.0,1380.0,75.0,29.0,0.0,,,,1739.0,-2.0,1237.0,85.0,87.0,1.0,1.5527964619977865,1328.0,83.0,1741.0,-20.0,1378.0,419.0,439.0,1.0,1.8512625180010218,1378.0,439.0,1742.0,17.0,1457.0,598.0,581.0,1.0,1.3443451620114502,1503.0,102.0,1500.0,0.0,1417.0,646.0,646.0,1.0,1.5527964619977865,1417.0,558.0,1048.0,97.0,930.0,241.0,144.0,1.0,1.8512625180010218,930.0,144.0,,,,0.0,middle,last,0.1464,>=,miss_grasp,,NONE,1.0,,5.0,274.0,1406.5,25.0,33.8,244.6,1926.0,,,,,1.0,0.0,190.0,238.0,142.5,,,,,,,,,,,,,,,,,,,,,,,,,,,,,,,,,,,,,,,,,,,,,,,,,,,
unknown,20260731_174001,0.0,2026-07-31 17:40:13,70.0,1408.75,272.0,5.0,0.2996218259795569,427.0,776.0,2562.0,,,claw_machine,28.0,4.91035978202126,1522.3214285714287,1542.0,8.916491828662899,1512.0,-30.0,3153.5,3200.0,21.306437658939743,3129.0,-71.0,28.714285714285715,29.0,0.5890150893739515,29.0,0.0,242.35714285714286,259.0,7.541382431596467,234.0,-25.0,754.1428571428571,757.0,1.3286482312670196,753.0,-4.0,605.9642857142857,613.0,3.78419780947356,601.0,-12.0,1114.5,1130.0,7.063487604778333,1106.0,-24.0,407.82142857142856,412.0,1.890834498849864,406.0,-6.0,29.0,3.494878459983738,hover_last_10,1.0,753.0,0.0,4.0,39.0,14.0,282.7172413793104,422.4000000000001,349.4000000000001,173.51034482758624,266.4000000000001,212.4000000000001,3.6;4.6;4.6;5.6;5.6;3.6;75.4;153.4;175.4;261.4;266.4;254.4;245.4;238.4;235.4;233.4;229.4;229.4;227.4;223.4;223.4;221.4;218.4;218.4;218.4;214.4;214.4;214.4;212.4,87.0,0.0;0.0;0.0;1.0;0.0;0.0;20.0;41.0;52.0;79.0;83.0;85.0;87.0;87.0;87.0;87.0;87.0;87.0;87.0;87.0;87.0;87.0;87.0;87.0;87.0;87.0;86.0;86.0;86.0,4.6;5.6;5.6;7.6;6.6;5.6;140.4;247.4;279.4;421.4;422.4;408.4;397.4;387.4;383.4;379.4;374.4;373.4;371.4;366.4;365.4;363.4;358.4;358.4;358.4;354.4;351.4;351.4;349.4,5.75,60.76521739130436,1.793103448275862,3.0,3.0,0.0;0.0;0.0;0.0;0.0;1.0;0.0;0.0;0.0;0.0;0.0;2.0;2.0;3.0;2.0;3.0;3.0;3.0;3.0;3.0;3.0;3.0;3.0;3.0;3.0;3.0;3.0;3.0;3.0,49.63103448275863,96.9,50.900000000000006,2.1;3.1;3.1;3.1;3.1;3.1;45.9;57.9;56.9;96.9;83.9;77.9;71.9;67.9;65.9;63.9;62.9;60.9;60.9;58.9;58.9;56.9;55.9;54.9;54.9;52.9;52.9;50.9;50.9,63.3448275862069,87.0,86.0,0.0;0.0;0.0;1.0;0.0;0.0;20.0;41.0;52.0;79.0;83.0;85.0;87.0;87.0;87.0;87.0;87.0;87.0;87.0;87.0;87.0;87.0;87.0;87.0;87.0;87.0;86.0;86.0;86.0,45.86206896551724,81.0,51.0,1.0;1.0;1.0;1.0;1.0;2.0;45.0;53.0;52.0;81.0;73.0;69.0;65.0;62.0;61.0;59.0;58.0;57.0;57.0;56.0;55.0;55.0;53.0;53.0;53.0;53.0;51.0;51.0;51.0,102.85517241379316,157.4000000000001,127.40000000000009,3.6;3.6;3.6;3.6;3.6;3.6;23.4;84.4;104.4;142.4;157.4;151.4;146.4;143.4;142.4;140.4;138.4;138.4;136.4;134.4;134.4;133.4;131.4;131.4;131.4;129.4;129.4;129.4;127.4,70.65517241379311,119.0,85.0,0.0;1.0;1.0;2.0;2.0;0.0;52.0;69.0;71.0;119.0;109.0;103.0;99.0;95.0;93.0;93.0;91.0;91.0;91.0;89.0;89.0;88.0;87.0;87.0;87.0;85.0;85.0;85.0;85.0,207.0;207.0;207.0;207.0;207.0;207.0;207.0;207.0;207.0;207.0;207.0;207.0;207.0;207.0;207.0;207.0;196.0;189.0;190.0;177.0;180.0;182.0;185.0;186.0;186.0;187.0;187.0;188.0;188.0;189.0;189.0;190.0;190.0;191.0;191.0;191.0;191.0;192.0;192.0,259.0;259.0;259.0;259.0;259.0;258.0;259.0;259.0;259.0;259.0;258.0;258.0;259.0;258.0;258.0;258.0;238.0;228.0;228.0;206.0;211.0;214.0;219.0;220.0;221.0;222.0;223.0;223.0;224.0;225.0;226.0;226.0;227.0;227.0;228.0;229.0;229.0;229.0;230.0,1.2512;1.2512;1.2512;1.2512;1.2512;1.2464;1.2512;1.2512;1.2512;1.2512;1.2464;1.2464;1.2512;1.2464;1.2464;1.2464;1.2143;1.2063;1.2000;1.1638;1.1722;1.1758;1.1838;1.1828;1.1882;1.1872;1.1925;1.1862;1.1915;1.1905;1.1958;1.1895;1.1947;1.1885;1.1937;1.1990;1.1990;1.1927;1.1979,1.2147726964106558,1.251207729468599,195.87179487179486,238.23076923076923,13.0;13.0;13.0;13.0;13.0;13.0;13.0;13.0;13.0;13.0;13.0;13.0;13.0;13.0;13.0;13.0;14.0;17.0;19.0;23.0;25.0;26.0;27.0;28.0;28.0;28.0;28.0;29.0;29.0;29.0;29.0;29.0;30.0;30.0;30.0;30.0;30.0;30.0;30.0,27.0;27.0;28.0;27.0;27.0;28.0;28.0;28.0;28.0;28.0;27.0;28.0;28.0;28.0;28.0;27.0;30.0;34.0;33.0;37.0;38.0;40.0;41.0;42.0;42.0;42.0;43.0;43.0;43.0;43.0;44.0;43.0;44.0;43.0;44.0;44.0;44.0;44.0;44.0,2.0769;2.0769;2.1538;2.0769;2.0769;2.1538;2.1538;2.1538;2.1538;2.1538;2.0769;2.1538;2.1538;2.1538;2.1538;2.0769;2.1429;2.0000;1.7368;1.6087;1.5200;1.5385;1.5185;1.5000;1.5000;1.5000;1.5357;1.4828;1.4828;1.4828;1.5172;1.4828;1.4667;1.4333;1.4667;1.4667;1.4667;1.4667;1.4667,1.7892999599587398,2.1538461538461537,21.17948717948718,35.56410256410256,428.0;428.0;428.0;428.0;428.0;428.0;428.0;428.0;428.0;428.0;428.0;428.0;428.0;428.0;428.0;428.0;442.0;462.0;472.0;499.0;503.0;505.0;507.0;508.0;508.0;509.0;509.0;509.0;510.0;510.0;510.0;510.0;511.0;511.0;511.0;511.0;511.0;511.0;511.0,415.0;415.0;415.0;415.0;415.0;415.0;415.0;415.0;415.0;415.0;415.0;415.0;415.0;415.0;415.0;415.0;426.0;469.0;487.0;551.0;558.0;560.0;563.0;563.0;564.0;565.0;565.0;566.0;566.0;567.0;567.0;567.0;567.0;567.0;568.0;568.0;568.0;568.0;568.0,0.9696;0.9696;0.9696;0.9696;0.9696;0.9696;0.9696;0.9696;0.9696;0.9696;0.9696;0.9696;0.9696;0.9696;0.9696;0.9696;0.9638;1.0152;1.0318;1.1042;1.1093;1.1089;1.1105;1.1083;1.1102;1.1100;1.1100;1.1120;1.1098;1.1118;1.1118;1.1118;1.1096;1.1096;1.1115;1.1115;1.1115;1.1115;1.1115,1.044364134392301,1.111984282907662,471.7435897435897,495.3333333333333,1739.0,46.0,1457.0,66.0,20.0,0.0,,,,1739.0,-6.0,1279.0,479.0,485.0,1.0,1.135724891006248,1398.0,77.0,1742.0,-24.0,1398.0,247.0,271.0,1.0,1.435346716985805,1398.0,271.0,1742.0,17.0,1406.0,793.0,776.0,1.0,1.435346716985805,1406.0,776.0,1500.0,0.0,1434.0,638.0,638.0,1.0,1.288985839986708,1433.0,115.0,1049.0,95.0,995.0,467.0,372.0,1.0,1.288985839986708,994.0,209.0,C,0.019537993859844546,2.323184353821299,1.0,middle,last,0.1464,>=,low_confidence_c_friction,1.4667,A,1.0,,,,,,,,,,,,,,,190.0,238.0,142.5,87.0,,,,,,,,,,,,,,,,,,,,,,,,,,,,,,,,,,,,,,,,,,,,,,,,,,
unknown,20260731_174045,0.0,2026-07-31 17:40:53,70.0,1396.5,284.5,5.0,0.1694240840151906,439.0,867.0,2634.0,,,claw_machine,26.0,4.949738242983585,1255.8846153846155,1297.0,19.214031177315192,1230.0,-67.0,2657.1923076923076,2745.0,42.218314683020644,2601.0,-144.0,42.88461538461539,44.0,1.1873345415717793,44.0,3.0,90.15384615384616,92.0,1.1331476817427872,92.0,5.0,529.1538461538462,597.0,31.95994164297684,486.0,-111.0,739.1153846153846,749.0,6.924465672676196,749.0,26.0,978.0,1008.0,13.58732440973515,960.0,-48.0,277.88461538461536,289.0,5.645467365519699,270.0,-19.0,,,,,,0.0,,,,,,,,,,,,,,,,,,,,,,,,,,,,,,,,,,,,,,,,,,,,,,,,,,,,,,,,,,,,,1739.0,45.0,1297.0,84.0,39.0,0.0,,,,1740.0,-4.0,1286.0,86.0,90.0,1.0,1.725593293987913,1350.0,80.0,1742.0,-21.0,1394.0,576.0,597.0,1.0,1.8950173780031037,1394.0,597.0,1742.0,17.0,1446.0,818.0,801.0,1.0,1.725593293987913,1460.0,838.0,1500.0,0.0,1383.0,867.0,867.0,1.0,1.725593293987913,1382.0,300.0,1049.0,93.0,992.0,333.0,240.0,1.0,1.8950173780031037,992.0,240.0,C,0.2974064599687449,1.0988829349046942,0.0,middle,last,0.1464,>=,ok,,C,0.2974064599687449,1.0988829349046942,5.0,284.5,1396.5,26.0,1255.8846153846155,2657.1923076923076,2634.0,,,,,0.0,0.0,190.0,238.0,142.5,,,,,,,,,,,,,,,,,,,,,,,,,,,,,,,,,,,,,,,,,,,,,,,,,,,
unknown,20260731_174140,0.0,2026-07-31 17:41:49,70.0,1393.0,346.0,1.0,0.0,42.833333333333336,97.0,257.0,,,claw_machine,26.0,4.739868011994986,44.5,45.0,0.6354889093022426,45.0,1.0,247.42307692307693,250.0,2.2899962533237224,249.0,6.0,38.92307692307692,40.0,0.8736782070461959,38.0,0.0,79.88461538461539,80.0,0.31948553318915673,80.0,1.0,47.0,48.0,0.9607689228305228,48.0,2.0,37.11538461538461,38.0,0.8912792481735744,38.0,2.0,20.96153846153846,21.0,0.19230769230769232,21.0,0.0,23.53846153846154,24.0,0.6343239424027171,24.0,1.0,,,,,,0.0,,,,,,,,,,,,,,,,,,,,,,,,,,,,,,,,,,,,,,,,,,,,,,,,,,,,,,,,,,,,,1739.0,46.0,1401.0,86.0,40.0,0.0,,,,1739.0,-6.0,1233.0,91.0,97.0,1.0,1.1550814830115996,1393.0,74.0,1741.0,-21.0,1407.0,20.0,41.0,0.0,,,,1742.0,15.0,1407.0,47.0,32.0,0.0,,,,1500.0,0.0,1410.0,21.0,21.0,0.0,,,,1051.0,93.0,914.0,119.0,26.0,0.0,,,,,,,0.0,middle,last,0.1464,>=,miss_grasp,,NONE,1.0,,1.0,346.0,1393.0,26.0,44.5,247.42307692307693,257.0,,,,,1.0,0.0,190.0,238.0,142.5,,,,,,,,,,,,,,,,,,,,,,,,,,,,,,,,,,,,,,,,,,,,,,,,,,,
unknown,20260731_174212,0.0,2026-07-31 17:42:21,70.0,1358.5,380.5,2.0,0.17004314498626627,50.333333333333336,96.0,302.0,,,claw_machine,28.0,4.899772614997346,55.535714285714285,56.0,0.7310531960878115,56.0,0.0,280.92857142857144,284.0,1.7914194577120646,284.0,2.0,38.892857142857146,39.0,0.4087686836521285,39.0,0.0,91.60714285714286,93.0,0.8593721011082831,93.0,0.0,51.285714285714285,52.0,0.7953949089757174,52.0,0.0,43.607142857142854,44.0,0.6729087029077419,44.0,2.0,38.0,38.0,0.0,38.0,0.0,17.535714285714285,18.0,0.7310531960878115,18.0,0.0,,,,,,0.0,,,,,,,,,,,,,,,,,,,,,,,,,,,,,,,,,,,,,,,,,,,,,,,,,,,,,,,,,,,,,1739.0,45.0,1412.0,81.0,36.0,0.0,,,,1739.0,-4.0,1298.0,92.0,96.0,1.0,1.3551144240191206,1360.0,78.0,1739.0,-21.0,1357.0,55.0,76.0,1.0,1.525157569005387,1357.0,76.0,1742.0,17.0,1359.0,52.0,35.0,0.0,,,,1500.0,0.0,1414.0,34.0,34.0,0.0,,,,1048.0,95.0,986.0,120.0,25.0,0.0,,,,,,,0.0,middle,last,0.1464,>=,miss_grasp,,NONE,1.0,,2.0,380.5,1358.5,28.0,55.535714285714285,280.92857142857144,302.0,,,,,1.0,1.0,190.0,238.0,142.5,,,,,,,,,,,,,,,,,,,,,,,,,,,,,,,,,,,,,,,,,,,,,,,,,,,
unknown,20260731_174246,0.0,2026-07-31 17:42:54,70.0,1371.0,368.0,1.0,0.0,39.833333333333336,93.0,239.0,,,claw_machine,28.0,4.9224928870098665,29.25,31.0,0.9112393444409339,29.0,-2.0,240.78571428571428,243.0,1.3720980508784675,242.0,-1.0,34.5,36.0,0.7791937224739796,36.0,2.0,93.42857142857143,94.0,0.7759128922285868,94.0,0.0,45.67857142857143,46.0,0.6575697371257846,46.0,0.0,37.92857142857143,39.0,0.3711537444790451,37.0,-1.0,20.0,20.0,0.0,20.0,0.0,9.25,11.0,0.9112393444409339,9.0,-2.0,,,,,,0.0,,,,,,,,,,,,,,,,,,,,,,,,,,,,,,,,,,,,,,,,,,,,,,,,,,,,,,,,,,,,,1739.0,46.0,1401.0,78.0,32.0,0.0,,,,1739.0,-5.0,1316.0,88.0,93.0,1.0,1.2953717000200413,1371.0,76.0,1739.0,-21.0,1389.0,25.0,46.0,0.0,,,,1742.0,15.0,1394.0,50.0,35.0,0.0,,,,1499.0,0.0,1415.0,21.0,21.0,0.0,,,,1048.0,95.0,986.0,107.0,12.0,0.0,,,,,,,0.0,middle,last,0.1464,>=,miss_grasp,,NONE,1.0,,1.0,368.0,1371.0,28.0,29.25,240.78571428571428,239.0,,,,,1.0,0.0,190.0,238.0,142.5,,,,,,,,,,,,,,,,,,,,,,,,,,,,,,,,,,,,,,,,,,,,,,,,,,,
unknown,20260731_174314,0.0,2026-07-31 17:43:27,70.0,1344.0,395.0,1.0,0.0,42.0,101.0,252.0,,,claw_machine,25.0,4.885253575019306,867.48,873.0,2.2824548188299367,863.0,-10.0,1701.6,1708.0,2.449489742783178,1697.0,-11.0,38.08,40.0,0.4833218389437829,40.0,2.0,83.92,84.0,0.39191835884530846,84.0,0.0,674.88,677.0,1.0322790320451152,674.0,-3.0,37.24,38.0,0.9499473669630334,36.0,0.0,586.52,591.0,2.0614557962760203,584.0,-7.0,280.96,282.0,0.44542114902640173,279.0,-3.0,25.0,3.4900036990002263,hover_last_10,1.0,674.0,0.0,4.0,35.0,14.0,1122.9759999999999,1460.8,1459.8,611.364,818.5,817.5,2.5;2.5;1.5;1.5;2.5;226.5;350.1;817.5;813.5;812.5;813.5;813.5;816.5;815.5;817.5;818.5;818.5;817.5;817.5;817.5;817.5;817.5;817.5;817.5;817.5,625.1,0.1;0.1;0.1;0.1;1.1;162.9;618.1;623.1;623.1;623.1;623.1;623.1;623.1;623.1;623.1;623.1;625.1;625.1;625.1;624.1;625.1;624.1;625.1;625.1;624.1,4.4;4.4;3.4;3.4;4.4;832.6;982.4;1457.8;1452.8;1451.8;1452.8;1452.8;1455.8;1456.8;1457.8;1458.8;1459.8;1459.8;1460.8;1459.8;1460.8;1459.8;1460.8;1460.8;1459.8,26.32499999999999,55.452991452991476,4.724000000000003,6.700000000000003,4.700000000000003,1.7;1.7;1.7;1.7;1.7;0.3;6.7;6.7;6.7;6.7;6.7;6.7;6.7;6.7;6.7;6.7;4.7;4.7;4.7;4.7;4.7;4.7;4.7;4.7;4.7,3.4,11.0,5.0,0.0;1.0;0.0;0.0;1.0;11.0;2.0;3.0;3.0;3.0;3.0;3.0;3.0;3.0;3.0;4.0;4.0;4.0;4.0;5.0;5.0;5.0;5.0;5.0;5.0,480.53200000000004,625.1,624.1,0.1;0.1;0.1;0.1;1.1;162.9;618.1;623.1;623.1;623.1;623.1;623.1;623.1;623.1;623.1;623.1;625.1;625.1;625.1;624.1;625.1;624.1;625.1;625.1;624.1,31.08,443.2,18.200000000000003,1.8;1.8;1.8;1.8;0.8;443.2;14.2;17.2;16.2;16.2;16.2;16.2;16.2;18.2;17.2;17.2;16.2;17.2;18.2;18.2;18.2;18.2;18.2;18.2;18.2,418.18800000000005,566.7,566.7,0.7;0.7;0.7;0.7;0.7;178.3;88.3;563.7;564.7;564.7;564.7;564.7;564.7;564.7;566.7;565.7;566.7;566.7;566.7;566.7;566.7;566.7;566.7;566.7;566.7,193.17600000000002,261.8,250.8,1.8;1.8;0.8;0.8;1.8;48.2;261.8;253.8;248.8;247.8;248.8;248.8;251.8;250.8;250.8;252.8;251.8;250.8;250.8;250.8;250.8;250.8;250.8;250.8;250.8,0.0;0.0;0.0;0.0;0.0;0.0;0.0;0.0;0.0;0.0;0.0;0.0;0.0;0.0;0.0;0.0;0.0;0.0;0.0;0.0;0.0;0.0;0.0;0.0;0.0;0.0;0.0;0.0;0.0;0.0;0.0;0.0;0.0;0.0;0.0,0.0;0.0;0.0;0.0;0.0;0.0;0.0;0.0;0.0;0.0;0.0;0.0;0.0;0.0;0.0;0.0;0.0;0.0;0.0;0.0;0.0;0.0;0.0;0.0;0.0;0.0;0.0;0.0;0.0;0.0;0.0;0.0;0.0;0.0;0.0,0.0000;0.0000;0.0000;0.0000;0.0000;0.0000;0.0000;0.0000;0.0000;0.0000;0.0000;0.0000;0.0000;0.0000;0.0000;0.0000;0.0000;0.0000;0.0000;0.0000;0.0000;0.0000;0.0000;0.0000;0.0000;0.0000;0.0000;0.0000;0.0000;0.0000;0.0000;0.0000;0.0000;0.0000;0.0000,0.0,0.0,0.0,0.0,10.0;10.0;10.0;10.0;10.0;10.0;10.0;10.0;10.0;10.0;10.0;10.0;10.0;10.0;10.0;10.0;10.0;11.0;11.0;11.0;11.0;11.0;11.0;11.0;11.0;11.0;11.0;11.0;11.0;11.0;11.0;11.0;11.0;11.0;11.0,31.0;31.0;30.0;30.0;30.0;30.0;31.0;30.0;30.0;30.0;31.0;30.0;31.0;30.0;30.0;30.0;33.0;34.0;33.0;34.0;33.0;34.0;34.0;34.0;34.0;34.0;34.0;34.0;34.0;33.0;34.0;34.0;34.0;34.0;34.0,3.1000;3.1000;3.0000;3.0000;3.0000;3.0000;3.1000;3.0000;3.0000;3.0000;3.1000;3.0000;3.1000;3.0000;3.0000;3.0000;3.3000;3.0909;3.0000;3.0909;3.0000;3.0909;3.0909;3.0909;3.0909;3.0909;3.0909;3.0909;3.0909;3.0000;3.0909;3.0909;3.0909;3.0909;3.0909,3.0618181818181816,3.3,10.514285714285714,32.2,0.0;0.0;0.0;0.0;0.0;0.0;0.0;0.0;0.0;0.0;0.0;0.0;0.0;0.0;0.0;0.0;0.0;0.0;0.0;0.0;0.0;0.0;0.0;0.0;0.0;0.0;0.0;0.0;0.0;0.0;0.0;0.0;0.0;0.0;0.0,0.0;0.0;0.0;0.0;0.0;0.0;0.0;0.0;0.0;0.0;0.0;0.0;0.0;0.0;0.0;0.0;0.0;0.0;0.0;0.0;0.0;0.0;0.0;0.0;0.0;0.0;0.0;0.0;0.0;0.0;0.0;0.0;0.0;0.0;0.0,0.0000;0.0000;0.0000;0.0000;0.0000;0.0000;0.0000;0.0000;0.0000;0.0000;0.0000;0.0000;0.0000;0.0000;0.0000;0.0000;0.0000;0.0000;0.0000;0.0000;0.0000;0.0000;0.0000;0.0000;0.0000;0.0000;0.0000;0.0000;0.0000;0.0000;0.0000;0.0000;0.0000;0.0000;0.0000,0.0,0.0,0.0,0.0,1739.0,46.0,1340.0,84.0,38.0,0.0,,,,1739.0,-6.0,1286.0,95.0,101.0,1.0,1.4250060000049416,1344.0,89.0,1739.0,-22.0,1404.0,21.0,43.0,0.0,,,,1742.0,17.0,1395.0,50.0,33.0,0.0,,,,1499.0,0.0,1414.0,14.0,14.0,0.0,,,,1051.0,95.0,910.0,118.0,23.0,0.0,,,,C,0.1486851830600163,3.4013734503738027,1.0,middle,last,0.1464,>=,low_confidence_c_friction,3.0909,A,1.0,,,,,,,,,,,,,,,190.0,238.0,142.5,625.1,,,,,,,,,,,,,,,,,,,,,,,,,,,,,,,,,,,,,,,,,,,,,,,,,,
unknown,20260801_173954,0.0,2026-08-01 17:40:07,70.0,1422.2,270.0,6.0,0.21020248299464583,657.8333333333334,1469.0,3947.0,,,claw_machine,23.0,4.8743769569991855,1353.6521739130435,1621.0,142.6234350813517,1176.0,-445.0,2547.7391304347825,3197.0,338.8859263491252,2118.0,-1079.0,62.78260869565217,66.0,2.186053059126354,66.0,8.0,750.3913043478261,871.0,70.07309173466801,652.0,-219.0,171.2608695652174,281.0,48.7988037908489,120.0,-161.0,209.65217391304347,366.0,80.41663720121828,104.0,-262.0,995.6521739130435,1222.0,121.1677273346662,844.0,-378.0,358.0,399.0,21.463821937714474,332.0,-67.0,23.0,3.4448785910062725,hover_last_10,1.0,118.0,0.0,3.0,33.0,13.0,804.7521739130434,990.3000000000002,945.3,240.23913043478265,364.90000000000003,347.90000000000003,46.1;48.1;49.1;32.1;217.9;207.9;221.9;242.9;228.9;227.9;228.9;221.9;260.9;288.9;306.9;318.9;322.9;316.9;314.9;364.9;357.9;350.9;347.9,543.2,8.8;9.8;9.8;176.2;422.2;398.2;376.2;362.2;302.2;325.2;421.2;514.2;543.2;522.2;512.2;503.2;499.2;498.2;494.2;491.2;489.2;487.2;484.2,87.7;92.7;93.7;400.5;932.3;811.3;848.3;904.3;930.3;886.3;942.3;977.3;990.3;980.3;972.3;965.3;961.3;952.3;943.3;974.3;964.3;953.3;945.3,29.875,31.641841004184098,19.921739130434784,41.2,33.2,1.2;1.2;1.2;1.2;16.2;15.2;31.2;24.2;20.2;20.2;6.2;2.8;7.2;18.2;30.2;30.2;28.2;28.2;28.2;41.2;37.2;35.2;33.2,350.8217391304347,461.29999999999995,434.29999999999995,33.3;36.3;38.3;148.3;312.3;320.3;327.3;348.3;372.3;383.3;418.3;443.3;461.3;457.3;451.3;447.3;445.3;445.3;446.3;432.3;432.3;434.3;434.3,384.8,543.2,484.2,8.8;9.8;9.8;176.2;422.2;398.2;376.2;362.2;302.2;325.2;421.2;514.2;543.2;522.2;512.2;503.2;499.2;498.2;494.2;491.2;489.2;487.2;484.2,179.71304347826086,399.2,113.19999999999999,32.8;34.8;34.8;192.2;292.2;205.2;250.2;299.2;399.2;333.2;292.2;241.2;186.2;169.2;153.2;143.2;139.2;137.2;134.2;118.2;117.2;115.2;113.2,186.8913043478261,261.1,252.10000000000002,38.9;40.9;41.9;18.9;191.1;182.1;174.1;205.1;200.1;192.1;197.1;192.1;206.1;223.1;223.1;236.1;240.1;236.1;234.1;261.1;258.1;254.1;252.1,53.34782608695653,103.80000000000001,95.80000000000001,7.2;7.2;7.2;13.2;26.8;25.8;47.8;37.8;28.8;35.8;31.8;29.8;54.8;65.8;83.8;82.8;82.8;80.8;80.8;103.8;99.8;96.8;95.8,75.0;70.0;65.0;61.0;57.0;54.0;53.0;41.0;0.0;0.0;0.0;0.0;0.0;0.0;67.0;57.0;53.0;60.0;70.0;67.0;64.0;61.0;53.0;47.0;40.0;37.0;36.0;35.0;35.0;30.0;29.0;29.0;29.0,32.0;28.0;25.0;21.0;20.0;18.0;18.0;53.0;0.0;0.0;0.0;0.0;0.0;0.0;45.0;41.0;41.0;41.0;44.0;43.0;41.0;39.0;39.0;38.0;38.0;37.0;36.0;36.0;36.0;35.0;35.0;34.0;33.0,0.4267;0.4000;0.3846;0.3443;0.3509;0.3333;0.3396;1.2927;0.0000;0.0000;0.0000;0.0000;0.0000;0.0000;0.6716;0.7193;0.7736;0.6833;0.6286;0.6418;0.6406;0.6393;0.7358;0.8085;0.9500;1.0000;1.0000;1.0286;1.0286;1.1667;1.2069;1.1724;1.1379,0.6213836681919751,1.2926829268292683,41.666666666666664,28.696969696969695,121.0;111.0;105.0;97.0;92.0;87.0;83.0;80.0;78.0;76.0;73.0;71.0;70.0;153.0;318.0;303.0;294.0;290.0;269.0;260.0;300.0;320.0;371.0;367.0;363.0;361.0;360.0;359.0;359.0;357.0;356.0;355.0;354.0,35.0;32.0;30.0;30.0;30.0;30.0;30.0;28.0;27.0;26.0;25.0;24.0;24.0;64.0;119.0;120.0;123.0;120.0;111.0;114.0;124.0;131.0;137.0;143.0;146.0;147.0;148.0;147.0;147.0;151.0;151.0;150.0;150.0,0.2893;0.2883;0.2857;0.3093;0.3261;0.3448;0.3614;0.3500;0.3462;0.3421;0.3425;0.3380;0.3429;0.4183;0.3742;0.3960;0.4184;0.4138;0.4126;0.4385;0.4133;0.4094;0.3693;0.3896;0.4022;0.4072;0.4111;0.4095;0.4095;0.4230;0.4242;0.4225;0.4237,0.37735753522712,0.43846153846153846,230.6969696969697,91.33333333333333,76.0;75.0;74.0;73.0;73.0;73.0;73.0;73.0;74.0;74.0;74.0;74.0;74.0;76.0;88.0;91.0;97.0;103.0;108.0;113.0;115.0;116.0;118.0;119.0;121.0;121.0;121.0;121.0;121.0;123.0;123.0;123.0;123.0,150.0;151.0;151.0;150.0;149.0;150.0;150.0;150.0;150.0;150.0;151.0;151.0;151.0;152.0;139.0;128.0;123.0;119.0;121.0;121.0;118.0;116.0;110.0;99.0;90.0;89.0;87.0;86.0;86.0;79.0;79.0;79.0;78.0,1.9737;2.0133;2.0405;2.0548;2.0411;2.0548;2.0548;2.0548;2.0270;2.0270;2.0405;2.0405;2.0405;2.0000;1.5795;1.4066;1.2680;1.1553;1.1204;1.0708;1.0261;1.0000;0.9322;0.8319;0.7438;0.7355;0.7190;0.7107;0.7107;0.6423;0.6423;0.6423;0.6341,1.3950069062807533,2.0547945205479454,97.0,122.81818181818181,1739.0,49.0,1210.0,120.0,71.0,1.0,1.673543573007919,1226.0,79.0,1739.0,-4.0,1416.0,1047.0,1051.0,1.0,1.673543573007919,1495.0,300.0,1742.0,-23.0,1468.0,272.0,295.0,1.0,1.673543573007919,1533.0,345.0,1742.0,21.0,1441.0,642.0,621.0,1.0,1.8837460560025647,1501.0,70.0,1499.0,0.0,1361.0,1469.0,1469.0,1.0,1.673543573007919,1356.0,280.0,1051.0,92.0,907.0,532.0,440.0,1.0,1.673543573007919,905.0,221.0,A,0.46834133270645134,1.18150928010717,1.0,middle,last,0.1464,>=,ab_friction,0.4237,A,1.0,,,,,,,,,,,,,,,190.0,238.0,142.5,543.2,,,,,,,23.0,172063.91304347827,589824.0,0.0;0.0;0.0;0.0;0.0;0.0;0.0;0.0;0.0;0.0;0.0;0.0;0.0;0.0;0.0;0.0;0.0;0.0;0.0;0.0;0.0;0.0;0.0,0.0,0.0,0.0,0.0,196608.0;196608.0;196608.0;196608.0;196608.0;196608.0;196608.0;196608.0;196608.0;196608.0;196608.0;196608.0;196608.0;195386.0;184956.0;189818.0;196608.0;187224.0;195742.0;192511.0;187709.0;184705.0;185987.0,193763.04347826086,196608.0,185987.0,-10621.0,589824.0;578776.0;524288.0;524288.0;458752.0;458752.0;393216.0;393216.0;393216.0;392302.0;377829.0;327680.0;327680.0;327680.0;316867.0;262144.0;0.0;0.0;0.0;0.0;0.0;0.0;0.0,288978.6956521739,589824.0,0.0,-589824.0,262144.0;253737.0;262144.0;196608.0;262144.0;196608.0;262144.0;131072.0;262144.0;196608.0;196608.0;131072.0;191963.0;262144.0;196608.0;130614.0;262144.0;131072.0;131072.0;196608.0;65536.0;65536.0;131072.0,190321.8260869565,262144.0,131072.0,-131072.0,196608.0;196608.0;196608.0;196608.0;196608.0;196608.0;196608.0;196608.0;196608.0;196608.0;196608.0;196608.0;196608.0;196608.0;196608.0;185624.0;182598.0;131072.0;182446.0;181232.0;131072.0;182029.0;181695.0,187256.0,196608.0,181695.0,-14913.0,,,,,,,,,,,,,,,,
unknown,20260801_174117,0.0,2026-08-01 17:41:30,70.0,1397.25,283.0,5.0,0.18590218901226763,593.3333333333334,1232.0,3560.0,,,claw_machine,21.0,5.038469521008665,1500.6190476190477,1505.0,2.4971639242146466,1498.0,-7.0,3492.095238095238,3503.0,5.476397511614311,3484.0,-18.0,36.80952380952381,38.0,0.5870870479018073,37.0,0.0,82.38095238095238,84.0,0.7221786137191952,82.0,0.0,897.2380952380952,899.0,1.2307474269828653,895.0,-4.0,975.047619047619,979.0,2.2141577023928893,972.0,-7.0,1221.7619047619048,1226.0,2.3885592769494197,1219.0,-7.0,278.85714285714283,279.0,0.3499271061118826,279.0,0.0,16.0,3.4111974490078865,hover_last_10,1.0,895.0,0.0,2.0,26.0,12.0,555.5875000000001,766.1000000000001,732.1000000000001,167.32500000000002,235.3,222.3,3.3;3.3;4.7;77.3;171.3;178.3;201.3;235.3;229.3;228.3;227.3;226.3;223.3;223.3;222.3;222.3,334.6,1.4;1.4;1.4;173.6;243.6;235.6;304.6;334.6;327.6;325.6;323.6;322.6;319.6;319.6;317.6;317.6,6.9;6.9;8.3;354.1;569.1;565.1;688.1;766.1;751.1;748.1;744.1;743.1;737.1;736.1;733.1;732.1,10.599999999999994,69.06603773584911,2.5,3.0,3.0,1.0;0.0;1.0;2.0;3.0;3.0;3.0;3.0;3.0;3.0;3.0;3.0;3.0;3.0;3.0;3.0,2.9875000000000025,4.700000000000003,2.700000000000003,0.3;0.7;0.7;2.7;2.7;2.7;4.7;4.7;4.7;4.7;3.7;3.7;3.7;2.7;2.7;2.7,241.875,334.6,317.6,1.4;1.4;1.4;173.6;243.6;235.6;304.6;334.6;327.6;325.6;323.6;322.6;319.6;319.6;317.6;317.6,146.38750000000005,196.20000000000005,192.20000000000005,2.2;2.2;2.2;103.2;154.2;151.2;182.2;196.2;194.2;194.2;193.2;194.2;194.2;193.2;193.2;192.2,143.125,201.0,194.0,3.0;3.0;3.0;50.0;141.0;150.0;170.0;201.0;199.0;198.0;197.0;197.0;195.0;195.0;194.0;194.0,24.20000000000001,34.30000000000001,28.30000000000001,0.3;0.3;1.7;27.3;30.3;28.3;31.3;34.3;30.3;30.3;30.3;29.3;28.3;28.3;28.3;28.3,0.0;0.0;0.0;0.0;0.0;0.0;0.0;0.0;0.0;0.0;0.0;0.0;0.0;0.0;0.0;0.0;0.0;0.0;0.0;0.0;0.0;0.0;0.0;0.0;0.0;0.0,0.0;0.0;0.0;0.0;0.0;0.0;0.0;0.0;0.0;0.0;0.0;0.0;0.0;0.0;0.0;0.0;0.0;0.0;0.0;0.0;0.0;0.0;0.0;0.0;0.0;0.0,0.0000;0.0000;0.0000;0.0000;0.0000;0.0000;0.0000;0.0000;0.0000;0.0000;0.0000;0.0000;0.0000;0.0000;0.0000;0.0000;0.0000;0.0000;0.0000;0.0000;0.0000;0.0000;0.0000;0.0000;0.0000;0.0000,0.0,0.0,0.0,0.0,0.0;0.0;0.0;0.0;0.0;0.0;0.0;0.0;0.0;0.0;0.0;0.0;0.0;0.0;0.0;0.0;0.0;0.0;0.0;0.0;0.0;0.0;0.0;0.0;0.0;0.0,0.0;0.0;0.0;0.0;0.0;0.0;0.0;0.0;0.0;0.0;0.0;0.0;0.0;0.0;0.0;0.0;0.0;0.0;0.0;0.0;0.0;0.0;0.0;0.0;0.0;0.0,0.0000;0.0000;0.0000;0.0000;0.0000;0.0000;0.0000;0.0000;0.0000;0.0000;0.0000;0.0000;0.0000;0.0000;0.0000;0.0000;0.0000;0.0000;0.0000;0.0000;0.0000;0.0000;0.0000;0.0000;0.0000;0.0000,0.0,0.0,0.0,0.0,81.0;81.0;81.0;81.0;81.0;81.0;81.0;81.0;81.0;81.0;81.0;81.0;81.0;80.0;79.0;79.0;79.0;78.0;78.0;78.0;78.0;78.0;78.0;78.0;78.0;78.0,179.0;179.0;179.0;179.0;179.0;179.0;179.0;179.0;179.0;179.0;179.0;179.0;179.0;178.0;176.0;176.0;174.0;174.0;174.0;173.0;173.0;173.0;173.0;173.0;173.0;173.0,2.2099;2.2099;2.2099;2.2099;2.2099;2.2099;2.2099;2.2099;2.2099;2.2099;2.2099;2.2099;2.2099;2.2250;2.2278;2.2278;2.2025;2.2308;2.2308;2.2179;2.2179;2.2179;2.2179;2.2179;2.2179;2.2179,2.2153385537311214,2.230769230769231,79.6923076923077,176.53846153846155,1739.0,49.0,1337.0,84.0,35.0,0.0,,,,1739.0,-4.0,1276.0,80.0,84.0,1.0,1.7675415460107615,1333.0,73.0,1741.0,-23.0,1405.0,901.0,924.0,1.0,1.581639356998494,1427.0,382.0,1742.0,21.0,1410.0,1024.0,1003.0,1.0,1.581639356998494,1432.0,482.0,1499.0,0.0,1400.0,1232.0,1232.0,1.0,1.581639356998494,1397.0,218.0,1049.0,93.0,903.0,375.0,282.0,1.0,1.581639356998494,903.0,108.0,B,0.1463694581929755,1.0884645036311968,1.0,middle,last,0.1464,>=,ab_friction,0.0,B,1.0,,,,,,,,,,,,,,,190.0,238.0,142.5,334.6,,,,,,,21.0,210719.0761904762,513273.0,0.0;0.0;0.0;0.0;0.0;0.0;0.0;0.0;0.0;0.0;0.0;0.0;0.0;0.0;0.0;0.0;0.0;0.0;0.0;0.0;0.0,0.0,0.0,0.0,0.0,0.0;0.0;0.0;0.0;0.0;0.0;0.0;0.0;0.0;0.0;0.0;0.0;0.0;0.0;0.0;0.0;0.0;0.0;0.0;0.0;0.0,0.0,0.0,0.0,0.0,262144.0;262144.0;262144.0;262144.0;262144.0;262144.0;262144.0;262144.0;262144.0;262144.0;262144.0;262144.0;262144.0;262144.0;262144.0;262144.0;262144.0;262144.0;262144.0;262144.0;262144.0,262144.0,262144.0,262144.0,0.0,457309.0;393216.0;258896.0;513273.0;386252.0;393216.0;327680.0;262144.0;393216.0;196608.0;313388.0;393216.0;317697.0;262144.0;325957.0;262144.0;324083.0;327680.0;458752.0;259890.0;393216.0,343808.4285714286,513273.0,393216.0,-64093.0,446870.0;450276.0;447174.0;446809.0;446240.0;449154.0;444875.0;445300.0;450177.0;449487.0;446134.0;448106.0;445922.0;449426.0;443995.0;449168.0;447136.0;446597.0;447545.0;450890.0;449221.0,447642.95238095237,450890.0,449221.0,2351.0,,,,,,,,,,,,,,,,
unknown,20260801_174736,0.0,2026-08-01 17:47:47,70.0,1364.4,328.0,6.0,0.5199687459971756,51.0,95.0,306.0,,,claw_machine,21.0,4.870324489005725,54.0,54.0,0.0,54.0,0.0,290.3333333333333,292.0,0.9428090415820634,289.0,0.0,60.42857142857143,62.0,0.7284313590846836,60.0,0.0,89.04761904761905,90.0,0.21295885499997996,89.0,0.0,47.476190476190474,48.0,0.7315376902732008,46.0,0.0,39.38095238095238,40.0,0.8438116736509215,40.0,0.0,29.0,29.0,0.0,29.0,0.0,25.0,25.0,0.0,25.0,0.0,,,,,,0.0,,,,,,,,,,,,,,,,,,,,,,,,,,,,,,,,,,,,,,,,,,,,,,,,,,,,,,,,,,,,,1739.0,49.0,1222.0,109.0,60.0,1.0,2.0536735290079378,1215.0,76.0,1739.0,-4.0,1229.0,91.0,95.0,1.0,2.2285036030079937,1403.0,70.0,1741.0,-23.0,1402.0,24.0,47.0,1.0,2.2285036030079937,1450.0,89.0,1744.0,19.0,1390.0,59.0,40.0,1.0,2.5736422750051133,1396.0,611.0,1499.0,0.0,1356.0,32.0,32.0,1.0,2.5736422750051133,1358.0,1001.0,1049.0,98.0,907.0,130.0,32.0,1.0,2.5736422750051133,907.0,281.0,,,,0.0,middle,last,0.1464,>=,miss_grasp,,NONE,1.0,,6.0,328.0,1364.4,21.0,54.0,290.3333333333333,306.0,,,,,1.0,0.0,190.0,238.0,142.5,,,,,,,,21.0,0.0,0.0,0.0;0.0;0.0;0.0;0.0;0.0;0.0;0.0;0.0;0.0;0.0;0.0;0.0;0.0;0.0;0.0;0.0;0.0;0.0;0.0;0.0,0.0,0.0,0.0,0.0,0.0;0.0;0.0;0.0;0.0;0.0;0.0;0.0;0.0;0.0;0.0;0.0;0.0;0.0;0.0;0.0;0.0;0.0;0.0;0.0;0.0,0.0,0.0,0.0,0.0,0.0;0.0;0.0;0.0;0.0;0.0;0.0;0.0;0.0;0.0;0.0;0.0;0.0;0.0;0.0;0.0;0.0;0.0;0.0;0.0;0.0,0.0,0.0,0.0,0.0,0.0;0.0;0.0;0.0;0.0;0.0;0.0;0.0;0.0;0.0;0.0;0.0;0.0;0.0;0.0;0.0;0.0;0.0;0.0;0.0;0.0,0.0,0.0,0.0,0.0,0.0;0.0;0.0;0.0;0.0;0.0;0.0;0.0;0.0;0.0;0.0;0.0;0.0;0.0;0.0;0.0;0.0;0.0;0.0;0.0;0.0,0.0,0.0,0.0,0.0,,,,,,,,,,,,,,,,
unknown,20260801_174820,0.0,2026-08-01 17:48:29,70.0,1400.0,219.0,3.0,0.5546975559991552,76.66666666666667,198.0,460.0,,,claw_machine,21.0,4.889680513006169,42.23809523809524,43.0,0.7499055118106487,43.0,2.0,239.52380952380952,241.0,1.7353206817417712,241.0,3.0,40.142857142857146,42.0,0.8329931278350429,42.0,1.0,88.0,89.0,0.5345224838248488,86.0,-2.0,44.80952380952381,46.0,0.9060141709733547,46.0,2.0,24.333333333333332,26.0,0.563436169819011,24.0,0.0,20.0,20.0,0.0,20.0,0.0,22.238095238095237,23.0,0.7499055118106487,23.0,2.0,,,,,,0.0,,,,,,,,,,,,,,,,,,,,,,,,,,,,,,,,,,,,,,,,,,,,,,,,,,,,,,,,,,,,,1739.0,49.0,1295.0,91.0,42.0,0.0,,,,1739.0,-5.0,1260.0,83.0,88.0,1.0,1.83043789799558,1424.0,71.0,1739.0,-21.0,1355.0,32.0,53.0,0.0,,,,1744.0,19.0,1355.0,56.0,37.0,0.0,,,,1499.0,0.0,1376.0,198.0,198.0,1.0,2.385135453994735,1376.0,198.0,1048.0,96.0,904.0,138.0,42.0,1.0,2.16015610199247,905.0,161.0,,,,0.0,middle,last,0.1464,>=,miss_grasp,,NONE,1.0,,3.0,219.0,1400.0,21.0,42.23809523809524,239.52380952380952,460.0,,,,,1.0,0.0,190.0,238.0,142.5,,,,,,,,21.0,624.152380952381,65536.0,0.0;0.0;0.0;0.0;0.0;0.0;0.0;0.0;0.0;0.0;0.0;0.0;0.0;0.0;0.0;0.0;0.0;0.0;0.0;0.0;0.0,0.0,0.0,0.0,0.0,0.0;0.0;0.0;0.0;0.0;0.0;0.0;0.0;0.0;0.0;0.0;0.0;0.0;0.0;0.0;0.0;0.0;0.0;0.0;0.0;0.0,0.0,0.0,0.0,0.0,0.0;0.0;0.0;0.0;0.0;0.0;0.0;0.0;0.0;0.0;0.0;0.0;0.0;0.0;0.0;0.0;0.0;0.0;0.0;0.0;0.0,0.0,0.0,0.0,0.0,65536.0;0.0;0.0;0.0;0.0;0.0;0.0;0.0;0.0;0.0;0.0;0.0;0.0;0.0;0.0;0.0;0.0;0.0;0.0;0.0;0.0,3120.7619047619046,65536.0,0.0,-65536.0,0.0;0.0;0.0;0.0;0.0;0.0;0.0;0.0;0.0;0.0;0.0;0.0;0.0;0.0;0.0;0.0;0.0;0.0;0.0;0.0;0.0,0.0,0.0,0.0,0.0,,,,,,,,,,,,,,,,
unknown,20260801_174905,0.0,2026-08-01 17:49:20,70.0,1407.6666666666667,252.66666666666666,3.0,0.16015522700035945,359.3333333333333,1167.0,2156.0,,,claw_machine,23.0,5.085225403003278,522.2173913043479,764.0,320.28722931575015,40.0,-724.0,1455.9130434782608,2047.0,779.6449533653947,288.0,-1759.0,45.47826086956522,51.0,3.512333118020993,51.0,9.0,90.69565217391305,97.0,4.466637511778375,97.0,11.0,52.73913043478261,56.0,2.269215365339111,56.0,4.0,744.7826086956521,1103.0,469.8943411783713,44.0,-1059.0,514.6521739130435,762.0,329.8870173777752,18.0,-744.0,7.565217391304348,22.0,9.676623948449043,22.0,20.0,21.0,3.5310881750046974,hover_last_10,1.0,82.0,7.0,4.0,31.0,14.0,464.552380952381,491.6000000000001,456.40000000000003,200.25714285714284,212.39999999999998,200.39999999999998,199.4;199.4;199.4;195.4;212.4;200.4;199.4;204.4;198.4;200.4;200.4;198.4;198.4;198.4;198.4;200.4;200.4;200.4;200.4;200.4;200.4,31.1,27.1;31.1;31.1;31.1;17.1;0.1;1.9;0.9;0.9;0.9;3.9;2.9;2.9;2.9;2.9;2.9;2.9;2.9;3.9;2.9;2.9,486.6;491.6;490.6;485.6;488.6;456.6;456.4;460.4;454.4;456.4;459.4;456.4;456.4;456.4;454.4;457.4;458.4;458.4;458.4;456.4;456.4,41.57499999999999,10.977751052315098,1.6190476190476184,4.200000000000003,0.7999999999999972,3.2;4.2;3.2;4.2;2.2;2.2;2.2;1.2;0.8;0.8;1.8;0.8;0.8;0.8;0.8;0.8;0.8;0.8;0.8;0.8;0.8,12.152380952380955,27.200000000000003,2.200000000000003,27.2;27.2;27.2;27.2;27.2;26.2;27.2;27.2;3.2;4.2;4.2;4.2;4.2;2.2;3.2;2.2;2.2;2.2;2.2;2.2;2.2,8.385714285714286,31.1,2.8999999999999986,27.1;31.1;31.1;31.1;17.1;0.1;1.9;0.9;0.9;0.9;3.9;2.9;2.9;2.9;2.9;2.9;2.9;2.9;3.9;2.9;2.9,255.90952380952382,261.1,253.10000000000002,260.1;261.1;260.1;259.1;259.1;256.1;255.1;255.1;255.1;255.1;255.1;255.1;255.1;255.1;253.1;254.1;255.1;255.1;254.1;253.1;253.1,183.1238095238095,193.6,180.6,193.6;193.6;193.6;189.6;189.6;182.6;182.6;182.6;178.6;180.6;180.6;178.6;178.6;178.6;178.6;180.6;180.6;180.6;180.6;180.6;180.6,17.133333333333333,22.799999999999997,19.799999999999997,5.8;5.8;5.8;5.8;22.8;17.8;16.8;21.8;19.8;19.8;19.8;19.8;19.8;19.8;19.8;19.8;19.8;19.8;19.8;19.8;19.8,0.0;0.0;0.0;0.0;0.0;0.0;0.0;0.0;0.0;0.0;0.0;0.0;0.0;0.0;0.0;0.0;0.0;0.0;0.0;0.0;0.0;0.0;0.0;0.0;0.0;0.0;0.0;0.0;0.0;0.0;0.0,0.0;0.0;0.0;0.0;0.0;0.0;0.0;0.0;0.0;0.0;0.0;0.0;0.0;0.0;0.0;0.0;0.0;0.0;0.0;0.0;0.0;0.0;0.0;0.0;0.0;0.0;0.0;0.0;0.0;0.0;0.0,0.0000;0.0000;0.0000;0.0000;0.0000;0.0000;0.0000;0.0000;0.0000;0.0000;0.0000;0.0000;0.0000;0.0000;0.0000;0.0000;0.0000;0.0000;0.0000;0.0000;0.0000;0.0000;0.0000;0.0000;0.0000;0.0000;0.0000;0.0000;0.0000;0.0000;0.0000,0.0,0.0,0.0,0.0,0.0;0.0;0.0;0.0;0.0;0.0;0.0;0.0;0.0;0.0;0.0;0.0;0.0;0.0;0.0;0.0;0.0;0.0;0.0;0.0;0.0;0.0;0.0;0.0;0.0;0.0;0.0;0.0;0.0;0.0;0.0,0.0;0.0;0.0;0.0;0.0;0.0;0.0;0.0;0.0;0.0;0.0;0.0;0.0;0.0;0.0;0.0;0.0;0.0;0.0;0.0;0.0;0.0;0.0;0.0;0.0;0.0;0.0;0.0;0.0;0.0;0.0,0.0000;0.0000;0.0000;0.0000;0.0000;0.0000;0.0000;0.0000;0.0000;0.0000;0.0000;0.0000;0.0000;0.0000;0.0000;0.0000;0.0000;0.0000;0.0000;0.0000;0.0000;0.0000;0.0000;0.0000;0.0000;0.0000;0.0000;0.0000;0.0000;0.0000;0.0000,0.0,0.0,0.0,0.0,88.0;88.0;89.0;89.0;89.0;89.0;89.0;89.0;89.0;89.0;89.0;89.0;89.0;89.0;89.0;89.0;89.0;89.0;89.0;89.0;89.0;89.0;89.0;89.0;89.0;89.0;89.0;89.0;89.0;89.0;89.0,196.0;196.0;198.0;198.0;198.0;198.0;198.0;198.0;198.0;198.0;199.0;198.0;198.0;198.0;198.0;198.0;198.0;198.0;198.0;198.0;198.0;198.0;198.0;198.0;198.0;198.0;198.0;198.0;198.0;198.0;198.0,2.2273;2.2273;2.2247;2.2247;2.2247;2.2247;2.2247;2.2247;2.2247;2.2247;2.2360;2.2247;2.2247;2.2247;2.2247;2.2247;2.2247;2.2247;2.2247;2.2247;2.2247;2.2247;2.2247;2.2247;2.2247;2.2247;2.2247;2.2247;2.2247;2.2247;2.2247,2.2252463013608357,2.235955056179775,88.93548387096774,197.90322580645162,1740.0,47.0,1346.0,86.0,39.0,0.0,,,,1739.0,-6.0,1286.0,84.0,90.0,1.0,1.4641797380027128,1400.0,71.0,1741.0,-25.0,1357.0,29.0,54.0,0.0,,,,1742.0,18.0,1400.0,1185.0,1167.0,1.0,1.6243349650030723,1411.0,835.0,1500.0,0.0,1412.0,789.0,789.0,1.0,1.6243349650030723,1412.0,214.0,1049.0,95.0,906.0,78.0,17.0,0.0,,,,C,0.15436737726562624,3.624716791761535,1.0,middle,last,0.1464,>=,low_confidence_c_friction,0.0,B,1.0,,,,,,,,,,,,,,,190.0,238.0,142.5,31.1,,,,,,,23.0,83476.8347826087,393216.0,0.0;0.0;0.0;0.0;0.0;0.0;0.0;0.0;0.0;0.0;0.0;0.0;0.0;0.0;0.0;0.0;0.0;0.0;0.0;0.0;0.0;0.0;0.0,0.0,0.0,0.0,0.0,0.0;0.0;0.0;0.0;0.0;0.0;0.0;0.0;0.0;0.0;0.0;0.0;0.0;0.0;0.0;0.0;0.0;0.0;0.0;0.0;0.0;0.0;0.0,0.0,0.0,0.0,0.0,0.0;0.0;0.0;0.0;0.0;0.0;0.0;0.0;0.0;0.0;0.0;0.0;0.0;0.0;0.0;0.0;0.0;0.0;0.0;0.0;0.0;0.0;0.0,0.0,0.0,0.0,0.0,257830.0;262144.0;196608.0;262144.0;196608.0;256753.0;196608.0;196608.0;260962.0;196608.0;196608.0;196608.0;251011.0;262144.0;262144.0;196608.0;0.0;0.0;0.0;0.0;0.0;0.0;0.0,158608.52173913043,262144.0,0.0,-257830.0,322683.0;320741.0;327680.0;327680.0;393216.0;393216.0;393216.0;393216.0;393216.0;393216.0;393216.0;393216.0;393216.0;393216.0;393216.0;327680.0;0.0;0.0;0.0;0.0;0.0;0.0;0.0,258775.65217391305,393216.0,0.0,-322683.0,,,,,,,,,,,,,,,,
unknown,20260801_175008,0.0,2026-08-01 17:50:22,70.0,1401.2,291.0,6.0,0.8674060270132031,629.6666666666666,1275.0,3778.0,,,claw_machine,10.0,4.818541474989615,1168.6,1345.0,81.65929218404969,1081.0,-264.0,2222.7,2628.0,185.0918960948858,2028.0,-600.0,60.9,63.0,1.2206555615733703,61.0,-2.0,470.0,522.0,26.404545063303022,440.0,-82.0,472.2,617.0,67.34508148335705,401.0,-216.0,51.0,81.0,10.844353369380768,45.0,-36.0,812.0,967.0,71.45208184510791,735.0,-232.0,356.6,378.0,10.258654882585727,346.0,-32.0,18.0,3.9197108189982828,hover_last_10,1.0,394.0,0.0,3.0,28.0,13.0,529.8777777777777,637.1999999999999,554.5999999999999,197.04444444444442,279.4,250.39999999999998,96.6;99.6;105.6;102.4;154.4;143.4;141.4;151.4;207.4;258.4;263.4;249.4;244.4;279.4;273.4;265.4;260.4;250.4,251.8,80.2;82.2;86.2;251.8;79.8;45.8;34.8;29.8;22.8;13.8;11.8;9.8;9.8;5.8;3.8;1.8;0.8;0.2,182.8;187.8;197.8;612.2;605.2;637.2;611.2;589.2;610.2;618.2;615.2;593.2;585.2;601.2;590.2;577.2;569.2;554.6,24.625,22.52182741116751,19.611111111111107,38.099999999999994,31.099999999999994,1.9;2.9;2.9;19.9;4.1;1.1;0.1;10.1;17.1;37.1;31.1;28.1;26.1;38.1;35.1;33.1;33.1;31.1,229.33333333333334,284.0,261.0,32.0;34.0;35.0;263.0;273.0;280.0;284.0;283.0;277.0;267.0;265.0;265.0;265.0;261.0;261.0;261.0;261.0;261.0,42.83333333333334,251.8,0.19999999999998863,80.2;82.2;86.2;251.8;79.8;45.8;34.8;29.8;22.8;13.8;11.8;9.8;9.8;5.8;3.8;1.8;0.8;0.2,290.0,448.0,304.0,6.0;6.0;6.0;258.0;371.0;448.0;435.0;408.0;380.0;346.0;340.0;334.0;331.0;316.0;313.0;310.0;308.0;304.0,119.88888888888889,156.0,139.0,86.0;89.0;94.0;78.0;98.0;92.0;91.0;82.0;123.0;141.0;154.0;143.0;139.0;156.0;156.0;150.0;147.0;139.0,77.15555555555554,123.39999999999998,111.39999999999998,10.6;10.6;11.6;24.4;56.4;51.4;50.4;69.4;84.4;117.4;109.4;106.4;105.4;123.4;117.4;115.4;113.4;111.4,0.0;0.0;0.0;0.0;0.0;0.0;0.0;0.0;0.0;0.0;0.0;0.0;0.0;34.0;49.0;52.0;54.0;54.0;51.0;45.0;46.0;46.0;46.0;44.0;44.0;44.0;44.0;44.0,0.0;0.0;0.0;0.0;0.0;0.0;0.0;0.0;0.0;0.0;0.0;0.0;0.0;39.0;45.0;46.0;47.0;47.0;45.0;42.0;43.0;43.0;43.0;41.0;42.0;42.0;42.0;42.0,0.0000;0.0000;0.0000;0.0000;0.0000;0.0000;0.0000;0.0000;0.0000;0.0000;0.0000;0.0000;0.0000;1.1471;0.9184;0.8846;0.8704;0.8704;0.8824;0.9333;0.9348;0.9348;0.9348;0.9318;0.9545;0.9545;0.9545;0.9545,0.5021720141578955,1.1470588235294117,24.892857142857142,23.178571428571427,539.0;489.0;469.0;444.0;434.0;422.0;409.0;402.0;394.0;390.0;382.0;380.0;377.0;574.0;496.0;484.0;472.0;468.0;462.0;456.0;455.0;453.0;453.0;450.0;450.0;449.0;449.0;447.0,201.0;170.0;156.0;144.0;136.0;129.0;128.0;126.0;124.0;123.0;123.0;122.0;121.0;277.0;244.0;226.0;212.0;209.0;215.0;223.0;219.0;214.0;212.0;214.0;212.0;211.0;210.0;207.0,0.3729;0.3476;0.3326;0.3243;0.3134;0.3057;0.3130;0.3134;0.3147;0.3154;0.3220;0.3211;0.3210;0.4826;0.4919;0.4669;0.4492;0.4466;0.4654;0.4890;0.4813;0.4724;0.4680;0.4756;0.4711;0.4699;0.4677;0.4631,0.4027769636240904,0.49193548387096775,448.17857142857144,182.42857142857142,79.0;75.0;76.0;77.0;78.0;79.0;80.0;80.0;81.0;81.0;82.0;82.0;82.0;81.0;85.0;85.0;86.0;87.0;88.0;89.0;89.0;89.0;89.0;90.0;90.0;90.0;90.0;90.0,67.0;67.0;68.0;70.0;71.0;72.0;73.0;73.0;74.0;74.0;75.0;75.0;75.0;63.0;50.0;50.0;50.0;51.0;41.0;33.0;33.0;34.0;34.0;36.0;37.0;37.0;37.0;38.0,0.8481;0.8933;0.8947;0.9091;0.9103;0.9114;0.9125;0.9125;0.9136;0.9136;0.9146;0.9146;0.9146;0.7778;0.5882;0.5882;0.5814;0.5862;0.4659;0.3708;0.3708;0.3820;0.3820;0.4000;0.4111;0.4111;0.4111;0.4222,0.675425261925653,0.9146341463414634,83.92857142857143,55.642857142857146,1739.0,46.0,1211.0,118.0,72.0,1.0,1.8893893490021583,1211.0,76.0,1740.0,-4.0,1401.0,786.0,790.0,1.0,1.328167494997615,1530.0,168.0,1741.0,-25.0,1454.0,525.0,550.0,1.0,2.195573522010818,1462.0,75.0,1742.0,18.0,1419.0,674.0,656.0,1.0,2.195573522010818,1440.0,1058.0,1499.0,0.0,1367.0,1275.0,1275.0,1.0,1.699131646004389,1363.0,538.0,1049.0,96.0,962.0,531.0,435.0,1.0,1.699131646004389,958.0,380.0,B,0.2875377202737222,1.1264918298551503,1.0,middle,last,0.1464,>=,ab_friction,0.4631,A,1.0,,,,,,,,,,,,,,,190.0,238.0,142.5,251.8,,,,,,,10.0,269634.36,1441792.0,0.0;0.0;0.0;0.0;0.0;0.0;0.0;0.0;0.0;0.0,0.0,0.0,0.0,0.0,122838.0;119979.0;65536.0;65536.0;117323.0;120456.0;128625.0;128883.0;131072.0;127147.0,112739.5,131072.0,127147.0,4309.0,1441792.0;1310720.0;1245184.0;1179648.0;1168505.0;1114112.0;1048576.0;1048576.0;1040361.0;1035953.0,1163342.7,1441792.0,1035953.0,-405839.0,0.0;65536.0;0.0;0.0;0.0;0.0;0.0;0.0;0.0;0.0,6553.6,65536.0,0.0,0.0,65536.0;65536.0;65536.0;65536.0;65536.0;65536.0;65536.0;65536.0;65536.0;65536.0,65536.0,65536.0,65536.0,0.0,,,,,,,,,,,,,,,,
unknown,20260801_175543,0.0,2026-08-01 17:55:57,70.0,1421.2,271.4,6.0,1.2276183780049905,165.83333333333334,334.0,995.0,,,claw_machine,23.0,4.814910675995634,321.8695652173913,323.0,0.4476360930863913,321.0,-2.0,743.304347826087,746.0,1.4275178399462611,741.0,-2.0,74.04347826086956,76.0,0.6240304388872749,75.0,1.0,246.2608695652174,247.0,0.9425862342903826,245.0,-2.0,57.65217391304348,59.0,0.6983642784438701,57.0,0.0,43.47826086956522,44.0,0.7728864710709208,43.0,1.0,181.0,181.0,0.0,181.0,0.0,140.8695652173913,142.0,0.4476360930863913,140.0,-2.0,5.0,0.6992848209920339,hover_last_10,1.0,80.0,2.0,2.0,15.0,12.0,558.0200000000001,1641.3000000000002,1641.3000000000002,373.6,1182.4,1182.4,30.4;50.4;50.4;554.4;1182.4,445.8,22.8;35.8;32.8;339.8;445.8,55.3;98.1;95.1;900.3;1641.3,31.25,52.52160000000001,1.5000000000000029,1.7000000000000028,0.7000000000000028,1.7;1.7;1.7;1.7;0.7,31.000000000000007,35.400000000000006,33.400000000000006,21.4;32.4;32.4;35.4;33.4,175.4,445.8,445.8,22.8;35.8;32.8;339.8;445.8,9.02,13.100000000000001,13.100000000000001,2.1;11.9;11.9;6.1;13.1,299.6,990.0,990.0,26.0;44.0;44.0;394.0;990.0,74.0,192.4,192.4,4.4;6.4;6.4;160.4;192.4,0.0;0.0;0.0;0.0;0.0;0.0;0.0;0.0;0.0;0.0;0.0;0.0;0.0;0.0;0.0,0.0;0.0;0.0;0.0;0.0;0.0;0.0;0.0;0.0;0.0;0.0;0.0;0.0;0.0;0.0,0.0000;0.0000;0.0000;0.0000;0.0000;0.0000;0.0000;0.0000;0.0000;0.0000;0.0000;0.0000;0.0000;0.0000;0.0000,0.0,0.0,0.0,0.0,0.0;0.0;0.0;0.0;0.0;0.0;0.0;0.0;0.0;0.0;0.0;0.0;1.0;193.0;218.0,0.0;0.0;0.0;0.0;0.0;0.0;0.0;0.0;0.0;0.0;0.0;0.0;1.0;28.0;21.0,0.0000;0.0000;0.0000;0.0000;0.0000;0.0000;0.0000;0.0000;0.0000;0.0000;0.0000;0.0000;1.0000;0.1451;0.0963,0.08276053302910745,1.0,27.466666666666665,3.3333333333333335,86.0;85.0;86.0;85.0;85.0;86.0;85.0;85.0;85.0;85.0;85.0;85.0;85.0;94.0;103.0,187.0;187.0;187.0;187.0;187.0;187.0;187.0;187.0;187.0;187.0;187.0;187.0;187.0;196.0;185.0,2.1744;2.2000;2.1744;2.2000;2.2000;2.1744;2.2000;2.2000;2.2000;2.2000;2.2000;2.2000;2.2000;2.0851;1.7961,2.1602985801191052,2.2,87.0,187.46666666666667,1739.0,46.0,1203.0,120.0,74.0,1.0,1.6673781930003315,1277.0,80.0,1739.0,-4.0,1320.0,330.0,334.0,1.0,1.6673781930003315,1503.0,245.0,1741.0,-21.0,1389.0,35.0,56.0,1.0,1.6673781930003315,1533.0,101.0,1744.0,19.0,1368.0,65.0,46.0,1.0,2.894996571005322,1427.0,499.0,1500.0,0.0,1374.0,284.0,284.0,1.0,1.6673781930003315,1366.0,273.0,1048.0,97.0,916.0,298.0,201.0,1.0,1.6673781930003315,913.0,152.0,C,0.11115318295212633,4.444637907783741,1.0,middle,last,0.1464,>=,low_confidence_c_friction,0.0963,B,0.3422131147540984,,,,,,,,,,,,,,,190.0,238.0,142.5,445.8,,,,,,,23.0,26214.4,65536.0,0.0;0.0;0.0;0.0;0.0;0.0;0.0;0.0;0.0;0.0;0.0;0.0;0.0;0.0;0.0;0.0;0.0;0.0;0.0;0.0;0.0;0.0;0.0,0.0,0.0,0.0,0.0,65536.0;65536.0;65536.0;65536.0;65536.0;65536.0;65536.0;65536.0;65536.0;65536.0;65536.0;65536.0;65536.0;65536.0;65536.0;65536.0;65536.0;65536.0;65536.0;65536.0;65536.0;65536.0;65536.0,65536.0,65536.0,65536.0,0.0,0.0;0.0;0.0;0.0;0.0;0.0;0.0;0.0;0.0;0.0;0.0;0.0;0.0;0.0;0.0;0.0;0.0;0.0;0.0;0.0;0.0;0.0;0.0,0.0,0.0,0.0,0.0,0.0;0.0;0.0;0.0;0.0;0.0;0.0;0.0;0.0;0.0;0.0;0.0;0.0;0.0;0.0;0.0;0.0;0.0;0.0;0.0;0.0;0.0;0.0,0.0,0.0,0.0,0.0,65536.0;65536.0;65536.0;65536.0;65536.0;65536.0;65536.0;65536.0;65536.0;65536.0;65536.0;65536.0;65536.0;65536.0;65536.0;65536.0;65536.0;65536.0;65536.0;65536.0;65536.0;65536.0;65536.0,65536.0,65536.0,65536.0,0.0,,,,,,,,,,,,,,,,
unknown,20260801_180701,0.0,2026-08-01 18:07:10,70.0,1415.0,245.33333333333334,3.0,0.0,289.0,917.0,1734.0,,,claw_machine,22.0,4.871981322998181,39.81818181818182,41.0,0.6492207662311682,40.0,0.0,252.0909090909091,256.0,1.443137078762504,256.0,5.0,40.0,41.0,0.5222329678670935,40.0,0.0,87.4090909090909,89.0,0.7172606290027046,89.0,2.0,50.77272727272727,52.0,0.8491609860122457,52.0,2.0,34.09090909090909,35.0,0.28747978728803447,35.0,1.0,17.772727272727273,18.0,0.597861201725723,18.0,0.0,22.045454545454547,23.0,0.20829889522526546,22.0,0.0,,,,,,0.0,,,,,,,,,,,,,,,,,,,,,,,,,,,,,,,,,,,,,,,,,,,,,,,,,,,,,,,,,,,,,1739.0,46.0,1382.0,76.0,30.0,0.0,,,,1739.0,-2.0,1300.0,78.0,80.0,1.0,1.349580207010149,1368.0,72.0,1741.0,-23.0,1379.0,26.0,49.0,0.0,,,,1742.0,19.0,1440.0,936.0,917.0,1.0,1.349580207010149,1458.0,693.0,1500.0,0.0,1419.0,654.0,654.0,1.0,1.349580207010149,1419.0,282.0,1050.0,95.0,912.0,91.0,4.0,0.0,,,,,,,0.0,middle,last,0.1464,>=,miss_grasp,,NONE,1.0,,3.0,245.33333333333334,1415.0,22.0,39.81818181818182,252.0909090909091,1734.0,,,,,1.0,0.0,190.0,238.0,142.5,,,,,,,,22.0,2885.581818181818,129767.0,0.0;0.0;0.0;0.0;0.0;0.0;0.0;0.0;0.0;0.0;0.0;0.0;0.0;0.0;0.0;0.0;0.0;0.0;0.0;0.0;0.0;0.0,0.0,0.0,0.0,0.0,0.0;0.0;0.0;0.0;0.0;0.0;0.0;0.0;0.0;0.0;0.0;0.0;0.0;0.0;0.0;0.0;0.0;0.0;0.0;0.0;0.0;0.0,0.0,0.0,0.0,0.0,0.0;0.0;0.0;0.0;0.0;0.0;0.0;0.0;0.0;0.0;0.0;0.0;0.0;0.0;0.0;0.0;0.0;0.0;0.0;0.0;0.0;0.0,0.0,0.0,0.0,0.0,0.0;0.0;0.0;62312.0;0.0;0.0;0.0;0.0;0.0;0.0;129767.0;65536.0;0.0;0.0;0.0;0.0;0.0;0.0;59799.0;0.0;0.0;0.0,14427.90909090909,129767.0,0.0,0.0,0.0;0.0;0.0;0.0;0.0;0.0;0.0;0.0;0.0;0.0;0.0;0.0;0.0;0.0;0.0;0.0;0.0;0.0;0.0;0.0;0.0;0.0,0.0,0.0,0.0,0.0,,,,,,,,,,,,,,,,
unknown,20260801_181318,0.0,2026-08-01 18:13:34,70.0,1449.25,230.75,5.0,0.0,703.1666666666666,1440.0,4219.0,,,claw_machine,12.0,4.367029982007807,1270.5,1635.0,184.2998010489069,1005.0,-630.0,2568.8333333333335,3361.0,404.2636996922787,1993.0,-1368.0,43.5,44.0,1.1902380714238083,44.0,4.0,335.5833333333333,490.0,67.96501346689747,263.0,-227.0,262.5833333333333,397.0,72.0155750900842,159.0,-238.0,656.6666666666666,799.0,82.73082187968937,522.0,-277.0,974.0833333333334,1273.0,154.49296549969156,747.0,-526.0,296.4166666666667,362.0,30.026261653574007,258.0,-104.0,18.0,3.72448427900963,hover_last_10,1.0,142.0,0.0,2.0,28.0,12.0,769.2222222222222,850.6999999999999,795.6999999999999,265.6555555555555,400.6,241.19999999999993,302.6;330.6;400.6;160.2;303.2;276.2;268.2;262.2;257.2;254.2;251.2;249.2;248.2;247.2;245.2;243.2;241.2;241.2,383.7,104.3;112.3;14.3;336.7;383.7;353.7;324.7;311.7;300.7;295.7;291.7;285.7;281.7;279.7;275.7;273.7;270.7;268.7,551.7;602.7;623.7;632.1;850.7;832.7;843.7;831.7;822.7;817.7;814.7;810.7;807.7;806.7;802.7;800.7;797.7;795.7,26.299999999999955,30.254752851711075,1.1111111111111112,2.0,2.0,2.0;2.0;0.0;2.0;0.0;0.0;0.0;0.0;0.0;0.0;0.0;2.0;2.0;2.0;2.0;2.0;2.0;2.0,123.21111111111112,155.10000000000002,133.10000000000002,68.1;73.1;106.1;143.1;155.1;138.1;117.1;122.1;124.1;126.1;127.1;129.1;130.1;130.1;131.1;132.1;132.1;133.1,264.7444444444444,383.7,268.7,104.3;112.3;14.3;336.7;383.7;353.7;324.7;311.7;300.7;295.7;291.7;285.7;281.7;279.7;275.7;273.7;270.7;268.7,238.8222222222222,285.79999999999995,285.79999999999995,144.8;159.8;208.8;135.2;163.8;202.8;250.8;257.8;264.8;267.8;271.8;275.8;277.8;279.8;281.8;283.8;285.8;285.8,242.81111111111107,338.20000000000005,219.79999999999995,247.2;267.2;338.2;156.8;282.8;264.8;262.8;251.8;244.8;239.8;235.8;231.8;229.8;228.8;224.8;222.8;220.8;219.8,22.84444444444442,63.39999999999998,21.399999999999977,55.4;63.4;62.4;3.4;20.4;11.4;5.4;10.4;12.4;14.4;15.4;17.4;18.4;18.4;20.4;20.4;20.4;21.4,609.0;595.0;585.0;580.0;574.0;562.0;553.0;542.0;519.0;489.0;453.0;441.0;391.0;536.0;368.0;323.0;276.0;265.0;256.0;251.0;247.0;243.0;241.0;239.0;235.0;234.0;231.0;229.0,244.0;206.0;180.0;167.0;154.0;126.0;105.0;91.0;79.0;70.0;66.0;66.0;67.0;79.0;59.0;65.0;70.0;72.0;73.0;74.0;74.0;74.0;75.0;74.0;75.0;75.0;75.0;75.0,0.4007;0.3462;0.3077;0.2879;0.2683;0.2242;0.1899;0.1679;0.1522;0.1431;0.1457;0.1497;0.1714;0.1474;0.1603;0.2012;0.2536;0.2717;0.2852;0.2948;0.2996;0.3045;0.3112;0.3096;0.3191;0.3205;0.3247;0.3275,0.25306728456019284,0.4006568144499179,395.25,96.78571428571429,99.0;92.0;87.0;84.0;81.0;76.0;73.0;0.0;0.0;0.0;0.0;0.0;0.0;140.0;184.0;182.0;181.0;178.0;176.0;175.0;174.0;172.0;172.0;171.0;170.0;170.0;169.0;168.0,155.0;144.0;136.0;132.0;127.0;120.0;115.0;0.0;0.0;0.0;0.0;0.0;0.0;34.0;42.0;44.0;45.0;45.0;46.0;47.0;47.0;48.0;48.0;49.0;49.0;49.0;49.0;50.0,1.5657;1.5652;1.5632;1.5714;1.5679;1.5789;1.5753;0.0000;0.0000;0.0000;0.0000;0.0000;0.0000;0.2429;0.2283;0.2418;0.2486;0.2528;0.2614;0.2686;0.2701;0.2791;0.2791;0.2865;0.2882;0.2882;0.2899;0.2976,0.5360994903435022,1.5789473684210527,113.35714285714286,57.892857142857146,467.0;456.0;443.0;435.0;431.0;424.0;416.0;406.0;391.0;376.0;361.0;357.0;329.0;550.0;598.0;615.0;636.0;639.0;643.0;645.0;646.0;648.0;649.0;650.0;651.0;652.0;653.0;654.0,235.0;209.0;194.0;187.0;179.0;169.0;159.0;149.0;134.0;121.0;105.0;100.0;80.0;90.0;107.0;109.0;114.0;114.0;113.0;113.0;113.0;114.0;114.0;114.0;114.0;114.0;113.0;112.0,0.5032;0.4583;0.4379;0.4299;0.4153;0.3986;0.3822;0.3670;0.3427;0.3218;0.2909;0.2801;0.2432;0.1636;0.1789;0.1772;0.1792;0.1784;0.1757;0.1752;0.1749;0.1759;0.1757;0.1754;0.1751;0.1748;0.1730;0.1713,0.2677015834724,0.5032119914346895,529.3214285714286,131.75,1739.0,49.0,1336.0,90.0,41.0,0.0,,,,1740.0,-4.0,1353.0,342.0,346.0,1.0,2.223503511995659,1439.0,75.0,1739.0,-23.0,1427.0,1079.0,1102.0,1.0,2.223503511995659,1480.0,696.0,1742.0,21.0,1435.0,936.0,915.0,1.0,2.223503511995659,1482.0,560.0,1499.0,0.0,1401.0,1440.0,1440.0,1.0,2.223503511995659,1396.0,495.0,1050.0,99.0,902.0,474.0,375.0,1.0,2.223503511995659,899.0,179.0,B,0.21190433163971192,2.0367584065057978,1.0,middle,last,0.1464,>=,ab_friction,0.2976,A,1.0,,,,,,,,,,,,,,,190.0,238.0,142.5,383.7,,,,,,,12.0,606620.1333333333,1572864.0,0.0;0.0;0.0;0.0;0.0;0.0;0.0;0.0;0.0;0.0;0.0;0.0,0.0,0.0,0.0,0.0,65536.0;65536.0;65536.0;65536.0;65536.0;65536.0;65536.0;65536.0;65536.0;65536.0;65536.0;65536.0,65536.0,65536.0,65536.0,0.0,457649.0;393216.0;393216.0;327680.0;327680.0;327680.0;325757.0;319029.0;262144.0;262144.0;262144.0;262144.0,326706.9166666667,457649.0,262144.0,-195505.0,1562845.0;1566699.0;1572864.0;1507328.0;1499282.0;1507328.0;1507328.0;1441792.0;1441792.0;1441792.0;1376256.0;1376256.0,1483463.5,1572864.0,1376256.0,-186589.0,1376256.0;1310720.0;1245184.0;1245184.0;1179648.0;1179648.0;1174747.0;1114112.0;1114112.0;1048576.0;983040.0;917504.0,1157394.25,1376256.0,917504.0,-458752.0,,,,,,,,,,,,,,,,
unknown,20260801_181858,0.0,2026-08-01 18:19:15,70.0,1459.0,221.5,5.0,0.6300201090052724,774.1666666666666,1822.0,4645.0,,,claw_machine,22.0,4.655525381007465,2176.7727272727275,2187.0,4.601697494915408,2172.0,-15.0,4248.136363636364,4277.0,13.084673388585227,4231.0,-46.0,66.0,67.0,0.30151134457776363,66.0,1.0,411.09090909090907,422.0,4.737750625743776,405.0,-17.0,724.0,729.0,2.73030134866931,719.0,-10.0,870.2727272727273,874.0,1.3876670474976134,869.0,-5.0,1799.7272727272727,1807.0,3.400291674411826,1796.0,-11.0,377.04545454545456,380.0,1.2604931476238226,376.0,-4.0,27.0,3.4953723139915382,hover_last_10,1.0,718.0,0.0,4.0,37.0,14.0,268.25925925925935,398.0000000000001,352.0000000000001,106.2407407407408,154.5000000000001,133.5000000000001,4.5;4.5;4.5;4.5;6.5;54.5;98.5;98.5;149.5;135.5;128.5;124.5;120.5;120.5;129.5;139.5;154.5;149.5;143.5;139.5;138.5;133.5;131.5;144.5;140.5;135.5;133.5,83.5,3.5;4.5;3.5;3.5;5.5;17.5;41.5;41.5;64.5;68.5;66.5;64.5;63.5;62.5;65.5;73.5;83.5;82.5;79.5;77.5;77.5;73.5;72.5;75.5;74.5;71.5;70.5,10.0;9.0;9.0;9.0;14.0;138.0;241.0;230.0;348.0;327.0;311.0;303.0;294.0;295.0;318.0;352.0;398.0;386.0;373.0;363.0;362.0;349.0;346.0;380.0;369.0;357.0;352.0,10.5,33.52380952380953,2.28518518518519,2.9000000000000057,0.9000000000000057,1.9;1.9;1.9;1.9;2.9;0.9;0.1;1.9;2.9;2.9;2.9;2.9;2.9;2.9;2.9;2.9;2.9;2.9;2.9;2.9;2.9;2.9;2.9;2.9;0.1;0.9;0.9,89.6925925925926,139.10000000000002,113.10000000000002,3.9;3.9;3.9;3.9;0.9;54.1;89.1;75.1;125.1;113.1;104.1;98.1;94.1;93.1;102.1;116.1;139.1;134.1;127.1;121.1;121.1;114.1;111.1;126.1;119.1;115.1;113.1,55.129629629629626,83.5,70.5,3.5;4.5;3.5;3.5;5.5;17.5;41.5;41.5;64.5;68.5;66.5;64.5;63.5;62.5;65.5;73.5;83.5;82.5;79.5;77.5;77.5;73.5;72.5;75.5;74.5;71.5;70.5,106.88888888888889,160.0,148.0,2.0;0.0;1.0;1.0;2.0;66.0;101.0;90.0;134.0;123.0;116.0;114.0;110.0;112.0;123.0;139.0;160.0;154.0;150.0;146.0;146.0;142.0;142.0;160.0;154.0;150.0;148.0,46.325925925925986,60.40000000000009,60.40000000000009,2.6;2.6;2.6;2.6;4.6;7.4;36.4;44.4;60.4;60.4;60.4;60.4;60.4;60.4;60.4;60.4;60.4;60.4;60.4;60.4;60.4;60.4;60.4;60.4;60.4;60.4;60.4,59.914814814814825,94.10000000000002,73.10000000000002,1.9;1.9;1.9;1.9;1.9;47.1;62.1;54.1;89.1;75.1;68.1;64.1;60.1;60.1;69.1;79.1;94.1;89.1;83.1;79.1;78.1;73.1;71.1;84.1;80.1;75.1;73.1,666.0;665.0;665.0;665.0;664.0;664.0;664.0;664.0;663.0;663.0;662.0;662.0;662.0;662.0;661.0;651.0;635.0;632.0;622.0;611.0;609.0;607.0;606.0;605.0;601.0;593.0;583.0;579.0;577.0;575.0;572.0;568.0;567.0;564.0;560.0;559.0;557.0,174.0;173.0;173.0;173.0;173.0;172.0;172.0;172.0;172.0;172.0;171.0;171.0;171.0;171.0;171.0;171.0;168.0;167.0;162.0;152.0;149.0;147.0;146.0;144.0;142.0;136.0;126.0;120.0;118.0;115.0;112.0;108.0;107.0;104.0;102.0;101.0;100.0,0.2613;0.2602;0.2602;0.2602;0.2605;0.2590;0.2590;0.2590;0.2594;0.2594;0.2583;0.2583;0.2583;0.2583;0.2587;0.2627;0.2646;0.2642;0.2605;0.2488;0.2447;0.2422;0.2409;0.2380;0.2363;0.2293;0.2161;0.2073;0.2045;0.2000;0.1958;0.1901;0.1887;0.1844;0.1821;0.1807;0.1795,0.23652808215426802,0.26456692913385826,621.2162162162163,148.05405405405406,129.0;129.0;129.0;129.0;129.0;129.0;129.0;128.0;128.0;128.0;128.0;128.0;128.0;128.0;128.0;133.0;140.0;141.0;146.0;150.0;149.0;148.0;147.0;148.0;148.0;151.0;155.0;155.0;153.0;153.0;152.0;152.0;151.0;152.0;152.0;151.0;151.0,63.0;64.0;64.0;64.0;64.0;64.0;64.0;64.0;63.0;64.0;64.0;64.0;64.0;64.0;64.0;64.0;62.0;60.0;59.0;57.0;57.0;56.0;56.0;57.0;56.0;56.0;54.0;53.0;53.0;52.0;52.0;52.0;51.0;52.0;51.0;51.0;51.0,0.4884;0.4961;0.4961;0.4961;0.4961;0.4961;0.4961;0.5000;0.4922;0.5000;0.5000;0.5000;0.5000;0.5000;0.5000;0.4812;0.4429;0.4255;0.4041;0.3800;0.3826;0.3784;0.3810;0.3851;0.3784;0.3709;0.3484;0.3419;0.3464;0.3399;0.3421;0.3421;0.3377;0.3421;0.3355;0.3377;0.3377,0.42213365399384606,0.5,140.67567567567568,58.648648648648646,181.0;181.0;181.0;181.0;181.0;181.0;181.0;181.0;181.0;181.0;181.0;181.0;181.0;181.0;181.0;187.0;192.0;192.0;197.0;200.0;200.0;199.0;199.0;199.0;199.0;201.0;204.0;204.0;203.0;203.0;202.0;202.0;201.0;202.0;202.0;202.0;202.0,124.0;124.0;124.0;123.0;124.0;123.0;124.0;123.0;123.0;123.0;123.0;123.0;123.0;123.0;123.0;123.0;125.0;125.0;128.0;130.0;130.0;130.0;130.0;130.0;130.0;130.0;131.0;131.0;131.0;131.0;131.0;129.0;129.0;129.0;129.0;129.0;129.0,0.6851;0.6851;0.6851;0.6796;0.6851;0.6796;0.6851;0.6796;0.6796;0.6796;0.6796;0.6796;0.6796;0.6796;0.6796;0.6578;0.6510;0.6510;0.6497;0.6500;0.6500;0.6533;0.6533;0.6533;0.6533;0.6468;0.6422;0.6422;0.6453;0.6453;0.6485;0.6386;0.6418;0.6386;0.6386;0.6386;0.6386,0.6607767251518449,0.6850828729281768,192.0810810810811,126.75675675675676,1739.0,49.0,1213.0,111.0,62.0,0.0,,,,1740.0,-3.0,1364.0,417.0,420.0,1.0,2.623461003007833,1411.0,452.0,1741.0,-23.0,1481.0,1059.0,1082.0,1.0,2.623461003007833,1503.0,783.0,1742.0,21.0,1502.0,896.0,875.0,1.0,1.9934408940025605,1563.0,221.0,1499.0,0.0,1360.0,1822.0,1822.0,1.0,1.9934408940025605,1359.0,758.0,1049.0,97.0,905.0,481.0,384.0,1.0,2.623461003007833,905.0,332.0,A,0.12481290775885194,3.045804772236609,1.0,middle,last,0.1464,>=,ab_friction,0.3377,A,1.0,,,,,,,,,,,,,,,190.0,238.0,142.5,83.5,,,,,,,22.0,664479.8545454545,1767720.0,0.0;0.0;0.0;0.0;0.0;0.0;0.0;0.0;0.0;0.0;0.0;0.0;0.0;0.0;0.0;0.0;0.0;0.0;0.0;0.0;0.0;0.0,0.0,0.0,0.0,0.0,65536.0;65536.0;65536.0;65536.0;65536.0;65536.0;65536.0;65536.0;65536.0;65536.0;65536.0;65536.0;65536.0;65536.0;65536.0;65536.0;65536.0;65536.0;65536.0;65536.0;65536.0;65536.0,65536.0,65536.0,65536.0,0.0,393216.0;393216.0;393216.0;393216.0;393216.0;393216.0;393216.0;393216.0;393216.0;393216.0;393216.0;393216.0;393216.0;393216.0;393216.0;393216.0;393216.0;393216.0;393216.0;393216.0;392781.0;393216.0,393196.2272727273,393216.0,393216.0,0.0,1703936.0;1767720.0;1703936.0;1703936.0;1703936.0;1638400.0;1638400.0;1638400.0;1703936.0;1703936.0;1638400.0;1694826.0;1703936.0;1698968.0;1692437.0;1698126.0;1703936.0;1638400.0;1703936.0;1638400.0;1638400.0;1692118.0,1684019.0454545454,1767720.0,1692118.0,-11818.0,1179648.0;1179648.0;1179648.0;1179648.0;1179648.0;1179648.0;1179648.0;1179648.0;1179648.0;1179648.0;1179648.0;1179648.0;1179648.0;1179648.0;1179648.0;1179648.0;1179648.0;1179648.0;1179648.0;1179648.0;1179648.0;1179648.0,1179648.0,1179648.0,1179648.0,0.0,,,,,,,,,,,,,,,,
unknown,20260802_162248,0.0,2026-08-02 16:23:00,70.0,1482.5,198.0,5.0,1.0601037249725778,276.6666666666667,592.0,1660.0,,,claw_machine,13.0,4.959338747023139,38.0,38.0,0.0,38.0,0.0,255.69230769230768,260.0,1.635407048113023,258.0,4.0,35.15384615384615,36.0,0.36080121229410994,36.0,1.0,91.3076923076923,93.0,0.6056929133855239,93.0,1.0,55.07692307692308,56.0,0.8284868934053082,54.0,0.0,36.15384615384615,38.0,0.6617173282340483,37.0,2.0,15.0,15.0,0.0,15.0,0.0,23.0,23.0,0.0,23.0,0.0,,,,,,0.0,,,,,,,,,,,,,,,,,,,,,,,,,,,,,,,,,,,,,,,,,,,,,,,,,,,,,,,,,,,,,1740.0,51.0,1414.0,89.0,38.0,0.0,,,,1739.0,-4.0,1279.0,85.0,89.0,1.0,1.0517622549959924,1423.0,71.0,1741.0,-25.0,1387.0,334.0,359.0,1.0,0.7669836620043498,1632.0,208.0,1742.0,17.0,1434.0,467.0,450.0,1.0,1.2514669859956484,1453.0,721.0,1500.0,3.0,1422.0,595.0,592.0,1.0,1.2514669859956484,1422.0,304.0,1051.0,96.0,913.0,228.0,132.0,1.0,1.8270873869769275,913.0,132.0,,,,0.0,middle,last,0.1464,>=,miss_grasp,,NONE,1.0,,5.0,198.0,1482.5,13.0,38.0,255.69230769230768,1660.0,,,,,1.0,0.0,190.0,238.0,142.5,,,,,,,,13.0,16726.046153846153,131072.0,0.0;0.0;0.0;0.0;0.0;0.0;0.0;0.0;0.0;0.0;0.0;0.0;0.0,0.0,0.0,0.0,0.0,0.0;0.0;0.0;0.0;0.0;0.0;0.0;0.0;0.0;0.0;0.0;0.0;0.0,0.0,0.0,0.0,0.0,0.0;0.0;0.0;0.0;0.0;0.0;0.0;0.0;0.0;0.0;0.0;0.0;0.0,0.0,0.0,0.0,0.0,65536.0;115760.0;65536.0;65536.0;65536.0;129572.0;131072.0;123580.0;65536.0;128457.0;65536.0;65536.0;0.0,83630.23076923077,131072.0,0.0,-65536.0,0.0;0.0;0.0;0.0;0.0;0.0;0.0;0.0;0.0;0.0;0.0;0.0;0.0,0.0,0.0,0.0,0.0,,,,,,,,,,,,,,,,
unknown,20260802_162553,0.0,2026-08-02 16:26:06,70.0,1531.25,148.5,5.0,1.395378023997182,452.1666666666667,902.0,2713.0,,,claw_machine,24.0,5.134761091001565,453.375,458.0,2.8256636388643286,448.0,-9.0,952.7916666666666,961.0,4.609583917111054,946.0,-15.0,41.0,42.0,0.28867513459481287,41.0,-1.0,90.08333333333333,91.0,0.9090593428863095,91.0,2.0,264.3333333333333,269.0,1.9075871903765995,262.0,-7.0,104.0,104.0,0.0,104.0,0.0,357.75,360.0,1.3616778865306827,355.0,-5.0,95.625,98.0,1.6786030898736406,93.0,-4.0,5.0,0.5998826050199568,hover_last_10,1.0,260.0,0.0,2.0,15.0,12.0,724.9799999999999,2358.8999999999996,2358.8999999999996,399.84000000000003,1479.6000000000001,1479.6000000000001,1.8;2.4;8.8;506.6;1479.6,376.3,2.7;2.7;3.7;343.3;376.3,6.5;7.1;20.5;1231.9;2358.9,20.0,117.94499999999998,1.8,4.0,2.0,2.0;0.0;1.0;4.0;2.0,6.780000000000001,19.099999999999994,12.099999999999994,0.9;0.9;0.9;19.1;12.1,145.74,376.3,376.3,2.7;2.7;3.7;343.3;376.3,179.4,503.0,503.0,2.0;2.0;8.0;382.0;503.0,330.92,1299.4,1299.4,1.6;1.6;1.6;350.4;1299.4,68.91999999999999,180.2,180.2,0.2;0.8;7.2;156.2;180.2,0.0;0.0;0.0;0.0;0.0;0.0;0.0;0.0;0.0;0.0;0.0;0.0;0.0;215.0;286.0,0.0;0.0;0.0;0.0;0.0;0.0;0.0;0.0;0.0;0.0;0.0;0.0;0.0;45.0;47.0,0.0000;0.0000;0.0000;0.0000;0.0000;0.0000;0.0000;0.0000;0.0000;0.0000;0.0000;0.0000;0.0000;0.2093;0.1643,0.02490919932780398,0.20930232558139536,33.4,6.133333333333334,0.0;0.0;0.0;0.0;0.0;0.0;0.0;0.0;0.0;0.0;0.0;0.0;0.0;25.0;54.0,0.0;0.0;0.0;0.0;0.0;0.0;0.0;0.0;0.0;0.0;0.0;0.0;0.0;18.0;27.0,0.0000;0.0000;0.0000;0.0000;0.0000;0.0000;0.0000;0.0000;0.0000;0.0000;0.0000;0.0000;0.0000;0.7200;0.5000,0.08133333333333333,0.72,5.266666666666667,3.0,357.0;357.0;357.0;357.0;357.0;357.0;357.0;357.0;357.0;357.0;357.0;357.0;357.0;716.0;1068.0,175.0;175.0;175.0;175.0;175.0;175.0;175.0;175.0;175.0;175.0;175.0;175.0;175.0;135.0;329.0,0.4902;0.4902;0.4902;0.4902;0.4902;0.4902;0.4902;0.4902;0.4902;0.4902;0.4902;0.4902;0.4902;0.1885;0.3081,0.45794326267321944,0.49019607843137253,428.3333333333333,182.6,1740.0,50.0,1356.0,84.0,34.0,0.0,,,,1739.0,-4.0,1265.0,310.0,314.0,1.0,0.7582338909851387,1604.0,194.0,1741.0,-25.0,1401.0,606.0,631.0,1.0,0.7582338909851387,1675.0,100.0,1740.0,19.0,1427.0,496.0,477.0,1.0,2.1536119149823207,1443.0,658.0,1499.0,3.0,1406.0,905.0,902.0,1.0,2.1536119149823207,1403.0,589.0,1049.0,95.0,978.0,450.0,355.0,1.0,2.1536119149823207,975.0,225.0,C,0.01029116776687262,4.8461268573302805,1.0,middle,last,0.1464,>=,low_confidence_c_friction,0.5,A,1.0,,,,,,,,,,,,,,,190.0,238.0,142.5,376.3,,,,,,,24.0,257608.73333333334,1048576.0,0.0;0.0;0.0;0.0;0.0;0.0;0.0;0.0;0.0;0.0;0.0;0.0;0.0;0.0;0.0;0.0;0.0;0.0;0.0;0.0;0.0;0.0;0.0;0.0,0.0,0.0,0.0,0.0,0.0;0.0;0.0;0.0;0.0;0.0;0.0;0.0;0.0;0.0;0.0;0.0;0.0;0.0;0.0;0.0;0.0;0.0;0.0;0.0;0.0;0.0;0.0;0.0,0.0,0.0,0.0,0.0,0.0;0.0;0.0;0.0;0.0;0.0;0.0;0.0;0.0;0.0;0.0;0.0;0.0;0.0;0.0;0.0;0.0;0.0;0.0;0.0;0.0;0.0;0.0;0.0,0.0,0.0,0.0,0.0,262144.0;262144.0;196608.0;262144.0;262144.0;196608.0;262144.0;251155.0;196608.0;196608.0;254728.0;262144.0;262144.0;196608.0;262144.0;262144.0;196608.0;261183.0;262144.0;262144.0;262144.0;262144.0;196608.0;196608.0,239491.75,262144.0,196608.0,-65536.0,1048576.0;1048576.0;1048576.0;1048576.0;1048576.0;1048576.0;1048576.0;1048576.0;1048576.0;1048576.0;1048576.0;1048576.0;1048340.0;1048576.0;1048576.0;1048576.0;1048576.0;1048576.0;1048576.0;1048576.0;1048234.0;1048576.0;1048576.0;1048576.0,1048551.9166666666,1048576.0,1048576.0,0.0,,,,,,,,,,,,,,,,
unknown,20260802_162639,0.0,2026-08-02 16:26:50,70.0,1498.0,242.0,2.0,1.1577483440050855,47.333333333333336,93.0,284.0,,,claw_machine,21.0,4.866324063012144,53.80952380952381,54.0,0.392676726249301,53.0,-1.0,265.4761904761905,267.0,1.096272803163937,266.0,-1.0,50.904761904761905,52.0,0.4259177099999599,51.0,0.0,86.0952380952381,87.0,0.920908552657796,87.0,2.0,48.23809523809524,49.0,0.7499055118106487,49.0,1.0,26.428571428571427,29.0,1.0033955955097846,26.0,-3.0,28.0,28.0,0.0,28.0,0.0,25.80952380952381,26.0,0.392676726249301,25.0,-1.0,,,,,,0.0,,,,,,,,,,,,,,,,,,,,,,,,,,,,,,,,,,,,,,,,,,,,,,,,,,,,,,,,,,,,,1740.0,53.0,1261.0,100.0,47.0,0.0,,,,1739.0,-4.0,1258.0,89.0,93.0,1.0,2.2057842740032356,1313.0,83.0,1741.0,-22.0,1356.0,28.0,50.0,1.0,1.04803592999815,1683.0,231.0,1742.0,15.0,1355.0,53.0,38.0,0.0,,,,1499.0,1.0,1378.0,30.0,29.0,0.0,,,,1049.0,89.0,910.0,116.0,27.0,0.0,,,,,,,0.0,middle,last,0.1464,>=,miss_grasp,,NONE,1.0,,2.0,242.0,1498.0,21.0,53.80952380952381,265.4761904761905,284.0,,,,,1.0,0.0,190.0,238.0,142.5,,,,,,,,21.0,0.0,0.0,0.0;0.0;0.0;0.0;0.0;0.0;0.0;0.0;0.0;0.0;0.0;0.0;0.0;0.0;0.0;0.0;0.0;0.0;0.0;0.0;0.0,0.0,0.0,0.0,0.0,0.0;0.0;0.0;0.0;0.0;0.0;0.0;0.0;0.0;0.0;0.0;0.0;0.0;0.0;0.0;0.0;0.0;0.0;0.0;0.0;0.0,0.0,0.0,0.0,0.0,0.0;0.0;0.0;0.0;0.0;0.0;0.0;0.0;0.0;0.0;0.0;0.0;0.0;0.0;0.0;0.0;0.0;0.0;0.0;0.0;0.0,0.0,0.0,0.0,0.0,0.0;0.0;0.0;0.0;0.0;0.0;0.0;0.0;0.0;0.0;0.0;0.0;0.0;0.0;0.0;0.0;0.0;0.0;0.0;0.0;0.0,0.0,0.0,0.0,0.0,0.0;0.0;0.0;0.0;0.0;0.0;0.0;0.0;0.0;0.0;0.0;0.0;0.0;0.0;0.0;0.0;0.0;0.0;0.0;0.0;0.0,0.0,0.0,0.0,0.0,,,,,,,,,,,,,,,,
unknown,20260802_164234,0.0,2026-08-02 16:42:42,70.0,1432.5,247.75,5.0,0.0,668.6666666666666,1371.0,4012.0,,,claw_machine,7.0,1.4187590419896878,343.7142857142857,571.0,126.00761233888585,201.0,-370.0,826.0,1221.0,221.2032032834451,573.0,-648.0,44.857142857142854,45.0,0.3499271061118826,45.0,1.0,105.28571428571429,141.0,18.97904322226632,89.0,-52.0,251.14285714285714,352.0,61.417606994896765,176.0,-176.0,81.0,113.0,16.133372687870143,62.0,-51.0,242.71428571428572,407.0,91.32158919478583,137.0,-270.0,101.0,164.0,34.75629439396553,64.0,-100.0,,,,,,0.0,,,,,,,,,,,,,,,,,,,,,,,,,,,,,,,,,,,,,,,,,,,,,,,,,,,,,,,,,,,,,1740.0,53.0,1347.0,87.0,34.0,0.0,,,,1739.0,-4.0,1341.0,900.0,904.0,1.0,1.47391801699996,1412.0,162.0,1741.0,-19.0,1406.0,865.0,884.0,1.0,1.47391801699996,1454.0,654.0,1742.0,17.0,1414.0,361.0,344.0,1.0,1.47391801699996,1450.0,624.0,1499.0,1.0,1417.0,1372.0,1371.0,1.0,1.47391801699996,1414.0,586.0,1052.0,97.0,902.0,572.0,475.0,1.0,1.47391801699996,901.0,230.0,C,0.07417986890582218,2.715697060902899,0.0,middle,last,0.1464,>=,bc_proximity_assist,,B,1.0,,5.0,247.75,1432.5,7.0,343.7142857142857,826.0,4012.0,,,,,0.0,0.0,190.0,238.0,142.5,,,,,,,,7.0,202348.34285714285,720896.0,0.0;0.0;0.0;0.0;0.0;0.0;0.0,0.0,0.0,0.0,0.0,0.0;0.0;0.0;0.0;0.0;0.0;0.0,0.0,0.0,0.0,0.0,393216.0;393216.0;327680.0;327680.0;312711.0;262144.0;262144.0,325541.5714285714,393216.0,262144.0,-131072.0,327680.0;196608.0;196608.0;131072.0;131072.0;131072.0;192008.0,186588.57142857142,327680.0,192008.0,-135672.0,720896.0;648612.0;576590.0;508961.0;393216.0;327680.0;321326.0,499611.5714285714,720896.0,321326.0,-399570.0,0.0,70.0,169619.0,<=,499611.5714285714,1.0,344.0,81.0,,1.0,180000.0,100000.0,499611.5714285714,325541.5714285714,186588.57142857142,B
unknown,20260802_164532,0.0,2026-08-02 16:45:39,70.0,1378.5,302.5,5.0,1.0147352249769028,377.6666666666667,766.0,2266.0,,,claw_machine,7.0,1.4202066079888027,681.0,689.0,3.6645015252516173,678.0,-11.0,1433.5714285714287,1461.0,13.709820701725803,1419.0,-42.0,47.42857142857143,48.0,0.7284313590846836,48.0,2.0,81.0,82.0,0.7559289460184544,81.0,0.0,470.57142857142856,479.0,4.8064582403602065,465.0,-14.0,153.57142857142858,166.0,6.298687910013887,147.0,-19.0,475.14285714285717,486.0,5.742786069211937,469.0,-17.0,205.85714285714286,209.0,2.356060357495806,209.0,6.0,,,,,,0.0,,,,,,,,,,,,,,,,,,,,,,,,,,,,,,,,,,,,,,,,,,,,,,,,,,,,,,,,,,,,,1740.0,52.0,1352.0,100.0,48.0,0.0,,,,1741.0,-4.0,1244.0,83.0,87.0,1.0,2.7566927959851455,1316.0,87.0,1741.0,-23.0,1398.0,562.0,585.0,1.0,1.7419575710082427,1402.0,699.0,1742.0,19.0,1399.0,524.0,505.0,1.0,1.7419575710082427,1407.0,950.0,1500.0,1.0,1389.0,767.0,766.0,1.0,1.7419575710082427,1389.0,710.0,1049.0,99.0,983.0,374.0,275.0,1.0,1.7419575710082427,983.0,311.0,C,0.2275505676884882,2.0548930271988364,0.0,middle,last,0.1464,>=,ok,,C,0.2275505676884882,2.0548930271988364,5.0,302.5,1378.5,7.0,681.0,1433.5714285714287,2266.0,,,,,0.0,0.0,190.0,238.0,142.5,,,,,,,,7.0,106730.05714285714,327680.0,0.0;0.0;0.0;0.0;0.0;0.0;0.0,0.0,0.0,0.0,0.0,0.0;0.0;0.0;0.0;0.0;0.0;0.0,0.0,0.0,0.0,0.0,131072.0;131072.0;131072.0;131072.0;131072.0;131072.0;131072.0,131072.0,131072.0,131072.0,0.0,262144.0;262144.0;262144.0;262144.0;327680.0;262144.0;262144.0,271506.28571428574,327680.0,262144.0,0.0,131072.0;131072.0;131072.0;131072.0;131072.0;131072.0;131072.0,131072.0,131072.0,131072.0,0.0,0.0,70.0,169619.0,<=,131072.0,1.0,505.0,153.57142857142858,,0.0,180000.0,100000.0,131072.0,131072.0,271506.28571428574,
unknown,20260802_165627,0.0,2026-08-02 16:56:34,70.0,1433.4,258.8,6.0,0.5163966419931967,574.1666666666666,1182.0,3445.0,,,claw_machine,8.0,1.3174282950058114,1509.75,1517.0,4.02336923485777,1505.0,-12.0,2945.0,2971.0,14.64581851587681,2925.0,-46.0,78.25,79.0,0.4330127018922193,78.0,0.0,522.5,531.0,4.949747468305833,516.0,-15.0,336.25,342.0,3.191786333700926,331.0,-11.0,498.25,503.0,2.7726341266023544,495.0,-8.0,1167.625,1172.0,2.4462982238476156,1165.0,-7.0,342.125,345.0,1.6153559979150107,340.0,-5.0,,,,,,0.0,,,,,,,,,,,,,,,,,,,,,,,,,,,,,,,,,,,,,,,,,,,,,,,,,,,,,,,,,,,,,1739.0,53.0,1241.0,124.0,71.0,1.0,1.5761960050149355,1241.0,71.0,1740.0,-4.0,1413.0,421.0,425.0,1.0,1.2507710210047662,1464.0,423.0,1741.0,-23.0,1481.0,726.0,749.0,1.0,1.0597993630217388,1591.0,77.0,1742.0,18.0,1481.0,700.0,682.0,1.0,1.4082775760034565,1510.0,286.0,1499.0,1.0,1364.0,1183.0,1182.0,1.0,1.2507710210047662,1361.0,317.0,1051.0,97.0,911.0,433.0,336.0,1.0,1.2507710210047662,910.0,258.0,A,0.08641716519222063,0.9733831261547424,0.0,middle,last,0.1464,>=,ok,,A,0.08641716519222063,0.9733831261547424,6.0,258.8,1433.4,8.0,1509.75,2945.0,3445.0,,,,,0.0,0.0,190.0,238.0,142.5,,,,,,,,8.0,376832.0,917504.0,0.0;0.0;0.0;0.0;0.0;0.0;0.0;0.0,0.0,0.0,0.0,0.0,65536.0;65536.0;65536.0;65536.0;65536.0;65536.0;65536.0;65536.0,65536.0,65536.0,65536.0,0.0,393216.0;393216.0;393216.0;393216.0;393216.0;393216.0;393216.0;393216.0,393216.0,393216.0,393216.0,0.0,917504.0;851968.0;917504.0;851968.0;917504.0;917504.0;917504.0;917504.0,901120.0,917504.0,917504.0,0.0,524288.0;524288.0;524288.0;524288.0;524288.0;524288.0;524288.0;524288.0,524288.0,524288.0,524288.0,0.0,0.0,70.0,169619.0,<=,524288.0,1.0,682.0,498.25,,0.0,180000.0,100000.0,524288.0,393216.0,901120.0,
unknown,20260802_165738,0.0,2026-08-02 16:57:45,70.0,1379.0,313.0,6.0,0.4514406239904929,527.3333333333334,1066.0,3164.0,,,claw_machine,7.0,1.255253023991827,1391.857142857143,1395.0,2.356060357495806,1388.0,-7.0,2788.4285714285716,2792.0,3.2888184094918107,2782.0,-10.0,79.28571428571429,80.0,0.8806305718527109,80.0,2.0,303.0,305.0,1.6035674514745464,301.0,-4.0,433.2857142857143,434.0,0.6998542122237652,432.0,-1.0,581.0,581.0,0.0,581.0,0.0,1023.2857142857143,1025.0,1.2777531299998799,1021.0,-4.0,368.57142857142856,370.0,1.178030178747903,367.0,-3.0,,,,,,0.0,,,,,,,,,,,,,,,,,,,,,,,,,,,,,,,,,,,,,,,,,,,,,,,,,,,,,,,,,,,,,1739.0,53.0,1246.0,126.0,73.0,1.0,2.4726359579944983,1246.0,73.0,1739.0,-2.0,1345.0,517.0,519.0,1.0,2.297572070994647,1365.0,171.0,1741.0,-22.0,1446.0,543.0,565.0,1.0,2.0211953340040054,1484.0,136.0,1742.0,17.0,1441.0,577.0,560.0,1.0,2.297572070994647,1443.0,602.0,1499.0,3.0,1358.0,1069.0,1066.0,1.0,2.297572070994647,1357.0,821.0,1050.0,96.0,910.0,477.0,381.0,1.0,2.297572070994647,910.0,300.0,B,0.4512796642136616,0.8816533403664838,0.0,middle,last,0.1464,>=,ok,,B,0.4512796642136616,0.8816533403664838,6.0,313.0,1379.0,7.0,1391.857142857143,2788.4285714285716,3164.0,,,,,0.0,0.0,190.0,238.0,142.5,,,,,,,,7.0,310955.54285714286,589824.0,0.0;0.0;0.0;0.0;0.0;0.0;0.0,0.0,0.0,0.0,0.0,262144.0;262144.0;262144.0;262144.0;262144.0;262144.0;262144.0,262144.0,262144.0,262144.0,0.0,589824.0;589824.0;589824.0;589824.0;589824.0;589824.0;589824.0,589824.0,589824.0,589824.0,0.0,393216.0;458752.0;393216.0;458752.0;458752.0;458752.0;511550.0,447570.0,511550.0,511550.0,118334.0,254386.0;255364.0;257518.0;254219.0;254348.0;257170.0;253673.0,255239.7142857143,257518.0,253673.0,-713.0,0.0,70.0,169619.0,<=,255239.7142857143,1.0,560.0,581.0,,0.0,180000.0,100000.0,255239.7142857143,589824.0,447570.0,
unknown,20260802_165820,0.0,2026-08-02 16:58:27,70.0,1403.6,289.2,6.0,0.9599526620004326,211.83333333333334,505.0,1271.0,,,claw_machine,8.0,1.3074755459965672,533.125,534.0,0.33071891388307384,533.0,0.0,1355.25,1357.0,1.1989578808281798,1356.0,3.0,75.0,76.0,0.7071067811865476,75.0,1.0,82.0,82.0,0.0,82.0,0.0,96.125,97.0,0.7806247497997998,97.0,2.0,569.0,569.0,0.0,569.0,0.0,461.5,463.0,0.8660254037844386,461.0,-2.0,71.625,72.0,0.6959705453537527,72.0,2.0,,,,,,0.0,,,,,,,,,,,,,,,,,,,,,,,,,,,,,,,,,,,,,,,,,,,,,,,,,,,,,,,,,,,,,1740.0,53.0,1213.0,130.0,77.0,1.0,2.662478179001482,1213.0,74.0,1741.0,-4.0,1239.0,83.0,87.0,1.0,2.2375571750162635,1401.0,70.0,1741.0,-23.0,1362.0,274.0,297.0,1.0,1.7025255170010496,1590.0,78.0,1742.0,19.0,1451.0,161.0,142.0,1.0,2.2375571750162635,1458.0,318.0,1500.0,1.0,1356.0,506.0,505.0,1.0,2.2375571750162635,1356.0,83.0,1049.0,97.0,911.0,260.0,163.0,1.0,2.662478179001482,912.0,176.0,C,0.19928297672593323,3.032038727841569,0.0,middle,last,0.1464,>=,ok,,C,0.19928297672593323,3.032038727841569,6.0,289.2,1403.6,8.0,533.125,1355.25,1271.0,,,,,0.0,0.0,190.0,238.0,142.5,,,,,,,,8.0,20916.025,181281.0,0.0;0.0;0.0;0.0;0.0;0.0;0.0;0.0,0.0,0.0,0.0,0.0,0.0;0.0;0.0;0.0;0.0;0.0;0.0;0.0,0.0,0.0,0.0,0.0,0.0;0.0;0.0;0.0;0.0;0.0;0.0;0.0,0.0,0.0,0.0,0.0,181281.0;0.0;0.0;0.0;0.0;65536.0;65536.0;0.0,39044.125,181281.0,0.0,-181281.0,65536.0;65536.0;65536.0;65536.0;65536.0;65536.0;65536.0;65536.0,65536.0,65536.0,65536.0,0.0,0.0,70.0,169619.0,<=,65536.0,1.0,142.0,569.0,,0.0,180000.0,100000.0,65536.0,0.0,39044.125,
unknown,20260802_165858,0.0,2026-08-02 16:59:05,70.0,1411.6666666666667,328.6666666666667,3.0,0.6699811709986534,53.666666666666664,90.0,322.0,,,claw_machine,8.0,1.2762553729990032,58.375,59.0,0.4841229182759271,59.0,0.0,310.875,312.0,1.4523687548277813,309.0,-3.0,74.5,76.0,1.224744871391589,72.0,-3.0,86.625,88.0,0.6959705453537527,86.0,-1.0,52.375,53.0,0.4841229182759271,53.0,1.0,39.0,39.0,0.0,39.0,0.0,33.0,33.0,0.0,33.0,0.0,25.375,26.0,0.4841229182759271,26.0,0.0,,,,,,0.0,,,,,,,,,,,,,,,,,,,,,,,,,,,,,,,,,,,,,,,,,,,,,,,,,,,,,,,,,,,,,1739.0,52.0,1213.0,129.0,77.0,1.0,1.8942843819968402,1250.0,72.0,1741.0,-5.0,1233.0,85.0,90.0,1.0,1.6892465869896114,1392.0,74.0,1741.0,-25.0,1359.0,29.0,54.0,1.0,1.2243032109981868,1593.0,85.0,1742.0,16.0,1361.0,55.0,39.0,0.0,,,,1500.0,1.0,1356.0,36.0,35.0,0.0,,,,1052.0,95.0,913.0,122.0,27.0,0.0,,,,,,,0.0,middle,last,0.1464,>=,miss_grasp,,NONE,1.0,,3.0,328.6666666666667,1411.6666666666667,8.0,58.375,310.875,322.0,,,,,1.0,0.0,190.0,238.0,142.5,,,,,,,,8.0,9618.2,65536.0,0.0;0.0;0.0;0.0;0.0;0.0;0.0;0.0,0.0,0.0,0.0,0.0,0.0;0.0;0.0;0.0;0.0;0.0;0.0;0.0,0.0,0.0,0.0,0.0,0.0;0.0;0.0;0.0;0.0;0.0;0.0;0.0,0.0,0.0,0.0,0.0,57048.0;65536.0;0.0;65536.0;65536.0;0.0;65536.0;65536.0,48091.0,65536.0,65536.0,8488.0,0.0;0.0;0.0;0.0;0.0;0.0;0.0;0.0,0.0,0.0,0.0,0.0,0.0,70.0,169619.0,<=,0.0,0.0,39.0,39.0,,0.0,180000.0,100000.0,0.0,0.0,48091.0,
unknown,20260803_141334,0.0,2026-08-03 14:13:41,70.0,1444.0,235.5,5.0,0.981251674995292,510.5,958.0,3063.0,,,claw_machine,9.0,1.4601073160010856,1047.2222222222222,1065.0,9.772725967687121,1033.0,-32.0,1874.3333333333333,1916.0,23.57493961344923,1842.0,-74.0,65.0,65.0,0.0,65.0,0.0,587.3333333333334,604.0,9.345230512584124,575.0,-29.0,142.77777777777777,150.0,4.540625942600567,137.0,-13.0,32.0,32.0,0.0,32.0,0.0,702.0,714.0,6.582805886043833,693.0,-21.0,345.22222222222223,351.0,3.224137361899313,340.0,-11.0,,,,,,0.0,,,,,,,,,,,,,,,,,,,,,,,,,,,,,,,,,,,,,,,,,,,,,,,,,,,,,,,,,,,,,1740.0,53.0,1240.0,188.0,135.0,1.0,2.0792001919762697,1311.0,111.0,1740.0,-4.0,1427.0,719.0,723.0,1.0,1.5730022679781541,1461.0,751.0,1739.0,-23.0,1456.0,730.0,753.0,1.0,1.0979485169809777,1644.0,202.0,1742.0,17.0,1443.0,83.0,66.0,0.0,,,,1499.0,3.0,1360.0,961.0,958.0,1.0,1.5730022679781541,1360.0,486.0,1052.0,102.0,914.0,530.0,428.0,1.0,1.5730022679781541,912.0,329.0,B,0.1567263862806734,1.499294729410537,0.0,middle,last,0.1464,>=,ab_proximity_assist,,A,1.0,,5.0,235.5,1444.0,9.0,1047.2222222222222,1874.3333333333333,3063.0,,,,,0.0,0.0,190.0,238.0,142.5,,,,,,,,9.0,105828.6,317619.0,0.0;0.0;0.0;0.0;0.0;0.0;0.0;0.0;0.0,0.0,0.0,0.0,0.0,196608.0;196608.0;196608.0;194593.0;195488.0;196459.0;193470.0;195951.0;191907.0,195299.11111111112,196608.0,191907.0,-4701.0,317619.0;262144.0;262144.0;262144.0;262144.0;262144.0;262144.0;262144.0;262144.0,268307.8888888889,317619.0,262144.0,-55475.0,0.0;0.0;0.0;0.0;0.0;0.0;0.0;0.0;0.0,0.0,0.0,0.0,0.0,65536.0;65536.0;65536.0;65536.0;65536.0;65536.0;65536.0;65536.0;65536.0,65536.0,65536.0,65536.0,0.0,1.0,70.0,169619.0,<=,65536.0,0.0,66.0,32.0,A,0.0,180000.0,100000.0,65536.0,268307.8888888889,0.0,
unknown,20260803_141424,0.0,2026-08-03 14:14:33,70.0,1420.6666666666667,320.0,3.0,1.4445852560165804,53.166666666666664,91.0,319.0,,,claw_machine,6.0,1.452706352021778,58.833333333333336,59.0,0.37267799624996495,59.0,0.0,288.3333333333333,290.0,1.247219128924647,288.0,-1.0,60.5,62.0,0.7637626158259734,61.0,1.0,87.16666666666667,88.0,0.37267799624996495,87.0,0.0,45.166666666666664,46.0,0.6871842709362768,45.0,0.0,36.666666666666664,38.0,0.7453559924999299,36.0,-2.0,33.0,33.0,0.0,33.0,0.0,25.833333333333332,26.0,0.37267799624996495,26.0,0.0,,,,,,0.0,,,,,,,,,,,,,,,,,,,,,,,,,,,,,,,,,,,,,,,,,,,,,,,,,,,,,,,,,,,,,1740.0,55.0,1211.0,133.0,78.0,1.0,2.115345726022497,1211.0,78.0,1741.0,-6.0,1239.0,85.0,91.0,1.0,1.7356142960197758,1364.0,72.0,1741.0,-23.0,1357.0,29.0,52.0,1.0,0.6707604700059164,1687.0,250.0,1742.0,17.0,1360.0,55.0,38.0,0.0,,,,1499.0,3.0,1356.0,36.0,33.0,0.0,,,,1048.0,103.0,914.0,130.0,27.0,0.0,,,,,,,0.0,middle,last,0.1464,>=,miss_grasp,,NONE,1.0,,3.0,320.0,1420.6666666666667,6.0,58.833333333333336,288.3333333333333,319.0,,,,,1.0,0.0,190.0,238.0,142.5,,,,,,,,6.0,0.0,0.0,0.0;0.0;0.0;0.0;0.0;0.0,0.0,0.0,0.0,0.0,0.0;0.0;0.0;0.0;0.0;0.0,0.0,0.0,0.0,0.0,0.0;0.0;0.0;0.0;0.0;0.0,0.0,0.0,0.0,0.0,0.0;0.0;0.0;0.0;0.0;0.0,0.0,0.0,0.0,0.0,0.0;0.0;0.0;0.0;0.0;0.0,0.0,0.0,0.0,0.0,0.0,70.0,169619.0,<=,0.0,0.0,38.0,36.666666666666664,,0.0,180000.0,100000.0,0.0,0.0,0.0,
unknown,20260803_141819,0.0,2026-08-03 14:18:26,70.0,1528.6666666666667,211.0,3.0,1.2212238759966567,49.666666666666664,92.0,298.0,,,claw_machine,8.0,1.4302744079905096,53.875,55.0,0.7806247497997998,53.0,-2.0,289.75,291.0,1.0897247358851685,288.0,-1.0,66.375,67.0,0.6959705453537527,65.0,-1.0,86.0,86.0,0.0,86.0,0.0,47.5,48.0,0.7071067811865476,48.0,2.0,36.0,36.0,0.0,36.0,0.0,29.0,29.0,0.0,29.0,0.0,24.875,26.0,0.7806247497997998,24.0,-2.0,,,,,,0.0,,,,,,,,,,,,,,,,,,,,,,,,,,,,,,,,,,,,,,,,,,,,,,,,,,,,,,,,,,,,,1739.0,55.0,1215.0,120.0,65.0,1.0,1.9407692120003048,1240.0,74.0,1739.0,-3.0,1237.0,89.0,92.0,1.0,0.7195453360036481,1671.0,124.0,1741.0,-21.0,1368.0,27.0,48.0,1.0,0.9511527089925949,1675.0,355.0,1742.0,17.0,1365.0,53.0,36.0,0.0,,,,1499.0,5.0,1355.0,36.0,31.0,0.0,,,,1052.0,105.0,911.0,131.0,26.0,0.0,,,,,,,0.0,middle,last,0.1464,>=,miss_grasp,,NONE,1.0,,3.0,211.0,1528.6666666666667,8.0,53.875,289.75,298.0,,,,,1.0,0.0,190.0,238.0,142.5,,,,,,,,8.0,2624.15,54068.0,0.0;0.0;0.0;0.0;0.0;0.0;0.0;0.0,0.0,0.0,0.0,0.0,0.0;0.0;0.0;0.0;0.0;0.0;0.0;0.0,0.0,0.0,0.0,0.0,0.0;0.0;0.0;0.0;0.0;0.0;0.0;0.0,0.0,0.0,0.0,0.0,0.0;0.0;0.0;0.0;0.0;54068.0;0.0;50898.0,13120.75,54068.0,50898.0,50898.0,0.0;0.0;0.0;0.0;0.0;0.0;0.0;0.0,0.0,0.0,0.0,0.0,0.0,70.0,169619.0,<=,0.0,0.0,36.0,36.0,,0.0,180000.0,100000.0,0.0,0.0,13120.75,
unknown,20260803_141856,0.0,2026-08-03 14:19:02,70.0,1538.6666666666667,122.33333333333333,3.0,0.5417980779893696,337.3333333333333,1027.0,2024.0,,,claw_machine,9.0,1.3651212900003884,1231.6666666666667,1234.0,1.4142135623730951,1229.0,-4.0,2449.777777777778,2454.0,2.9731307022799225,2445.0,-8.0,48.0,49.0,0.816496580927726,49.0,2.0,59.888888888888886,60.0,0.31426968052735443,60.0,0.0,613.8888888888889,617.0,2.4241582476968255,609.0,-8.0,496.3333333333333,498.0,0.6666666666666666,498.0,2.0,1094.5555555555557,1096.0,1.2570787221094177,1092.0,-4.0,137.11111111111111,138.0,0.31426968052735443,137.0,0.0,,,,,,0.0,,,,,,,,,,,,,,,,,,,,,,,,,,,,,,,,,,,,,,,,,,,,,,,,,,,,,,,,,,,,,1739.0,55.0,1376.0,98.0,43.0,0.0,,,,1741.0,-4.0,1461.0,57.0,61.0,0.0,,,,1741.0,-25.0,1507.0,64.0,89.0,1.0,0.7035515540046617,1691.0,225.0,1742.0,17.0,1532.0,819.0,802.0,1.0,1.2453496319940314,1550.0,354.0,1500.0,3.0,1368.0,1030.0,1027.0,1.0,1.2453496319940314,1375.0,194.0,1048.0,103.0,913.0,105.0,2.0,0.0,,,,A,0.36861984242242646,2.648171907610736,0.0,middle,last,0.1464,>=,ok,,A,0.36861984242242646,2.648171907610736,3.0,122.33333333333333,1538.6666666666667,9.0,1231.6666666666667,2449.777777777778,2024.0,,,,,0.0,0.0,190.0,238.0,142.5,,,,,,,,9.0,380973.22222222225,1048576.0,0.0;0.0;0.0;0.0;0.0;0.0;0.0;0.0;0.0,0.0,0.0,0.0,0.0,0.0;0.0;0.0;0.0;0.0;0.0;0.0;0.0;0.0,0.0,0.0,0.0,0.0,65536.0;65536.0;65536.0;65536.0;65536.0;65536.0;65536.0;65536.0;65536.0,65536.0,65536.0,65536.0,0.0,980000.0;1033954.0;983040.0;983040.0;983040.0;983040.0;983040.0;1048576.0;983040.0,995641.1111111111,1048576.0,983040.0,3040.0,840687.0;838358.0;842333.0;838852.0;843084.0;848462.0;848416.0;842052.0;850957.0,843689.0,850957.0,850957.0,10270.0,0.0,70.0,169619.0,<=,843689.0,1.0,802.0,496.3333333333333,,0.0,180000.0,100000.0,843689.0,65536.0,995641.1111111111,
unknown,20260803_142038,0.0,2026-08-03 14:20:44,70.0,1566.25,114.25,4.0,0.5798963729757816,285.3333333333333,915.0,1712.0,,,claw_machine,5.0,1.1914703430084046,1135.6,1137.0,0.8,1135.0,-2.0,2054.0,2056.0,1.4142135623730951,2054.0,-1.0,49.0,49.0,0.0,49.0,0.0,63.8,64.0,0.4,64.0,1.0,27.8,29.0,0.7483314773547883,29.0,2.0,777.8,779.0,0.9797958971132712,777.0,-2.0,1121.6,1123.0,0.8,1121.0,-2.0,14.0,14.0,0.0,14.0,0.0,,,,,,0.0,,,,,,,,,,,,,,,,,,,,,,,,,,,,,,,,,,,,,,,,,,,,,,,,,,,,,,,,,,,,,1740.0,55.0,1366.0,101.0,46.0,0.0,,,,1740.0,-4.0,1448.0,63.0,67.0,1.0,0.7436960870109033,1620.0,75.0,1741.0,-23.0,1544.0,136.0,159.0,1.0,0.7436960870109033,1684.0,272.0,1742.0,17.0,1548.0,540.0,523.0,1.0,1.3235924599866848,1588.0,220.0,1499.0,3.0,1363.0,918.0,915.0,1.0,1.3235924599866848,1373.0,825.0,1050.0,105.0,910.0,103.0,2.0,0.0,,,,A,0.3554301270749076,2.9977765597186052,0.0,middle,last,0.1464,>=,ok,,A,0.3554301270749076,2.9977765597186052,4.0,114.25,1566.25,5.0,1135.6,2054.0,1712.0,,,,,0.0,0.0,190.0,238.0,142.5,,,,,,,,5.0,353894.4,983040.0,0.0;0.0;0.0;0.0;0.0,0.0,0.0,0.0,0.0,0.0;0.0;0.0;0.0;0.0,0.0,0.0,0.0,0.0,0.0;0.0;0.0;0.0;0.0,0.0,0.0,0.0,0.0,983040.0;983040.0;983040.0;983040.0;983040.0,983040.0,983040.0,983040.0,0.0,786432.0;786432.0;786432.0;786432.0;786432.0,786432.0,786432.0,786432.0,0.0,0.0,70.0,169619.0,<=,786432.0,1.0,523.0,777.8,,0.0,180000.0,100000.0,786432.0,0.0,983040.0,
unknown,20260804_191826,0.0,2026-08-04 19:18:31,70.0,1483.5,197.0,5.0,0.4133277700166218,478.5,1126.0,2871.0,,,claw_machine,9.0,1.4608911579707637,1681.111111111111,1688.0,4.094561282819618,1675.0,-13.0,3164.3333333333335,3182.0,10.509255180289632,3150.0,-32.0,60.0,60.0,0.0,60.0,0.0,405.22222222222223,415.0,5.553332888711022,398.0,-17.0,658.6666666666666,661.0,1.4907119849998598,657.0,-4.0,359.3333333333333,360.0,0.9428090415820634,360.0,2.0,1329.4444444444443,1334.0,2.671292284482513,1325.0,-9.0,351.6666666666667,354.0,1.4907119849998598,350.0,-4.0,,,,,,0.0,,,,,,,,,,,,,,,,,,,,,,,,,,,,,,,,,,,,,,,,,,,,,,,,,,,,,,,,,,,,,1740.0,64.0,1305.0,114.0,50.0,0.0,,,,1739.0,-4.0,1402.0,359.0,363.0,1.0,1.4846729150158353,1452.0,87.0,1741.0,-21.0,1515.0,453.0,474.0,1.0,1.4846729150158353,1548.0,93.0,1742.0,23.0,1531.0,596.0,573.0,1.0,1.2331678880145773,1572.0,149.0,1500.0,1.0,1360.0,1127.0,1126.0,1.0,1.2331678880145773,1362.0,436.0,1051.0,123.0,914.0,408.0,285.0,1.0,1.6464956580311991,914.0,285.0,A,0.6216399067309121,1.0388063500322724,0.0,middle,last,0.1464,>=,ok,,A,0.6216399067309121,1.0388063500322724,5.0,197.0,1483.5,9.0,1681.111111111111,3164.3333333333335,2871.0,,,,,0.0,0.0,190.0,238.0,142.5,,,,,,,,9.0,270023.93333333335,589824.0,0.0;0.0;0.0;0.0;0.0;0.0;0.0;0.0;0.0,0.0,0.0,0.0,0.0,65536.0;65536.0;65536.0;65536.0;65536.0;65536.0;65536.0;65536.0;65536.0,65536.0,65536.0,65536.0,0.0,262144.0;262144.0;262144.0;262144.0;262144.0;262144.0;262144.0;262144.0;262144.0,262144.0,262144.0,262144.0,0.0,576993.0;583949.0;589824.0;585079.0;576781.0;524288.0;589824.0;524288.0;524288.0,563923.7777777778,589824.0,524288.0,-52705.0,458752.0;458752.0;458752.0;458752.0;457409.0;457970.0;458752.0;458752.0;458752.0,458515.8888888889,458752.0,458752.0,0.0,0.0,70.0,169619.0,<=,458515.8888888889,1.0,573.0,359.3333333333333,,0.0,180000.0,100000.0,458515.8888888889,262144.0,563923.7777777778,
unknown,20260806_154715,0.0,2026-08-06 15:47:23,70.0,1465.5,155.0,2.0,0.0,351.3333333333333,971.0,2108.0,,,claw_machine,8.0,1.4229765359777957,969.0,970.0,0.7071067811865476,969.0,-1.0,2013.25,2014.0,0.82915619758885,2012.0,-2.0,47.0,47.0,0.0,47.0,0.0,60.375,62.0,0.6959705453537527,60.0,0.0,27.375,28.0,0.4841229182759271,28.0,1.0,909.5,910.0,0.8660254037844386,908.0,-2.0,932.5,933.0,0.5,932.0,-1.0,36.5,37.0,0.7071067811865476,37.0,0.0,,,,,,0.0,,,,,,,,,,,,,,,,,,,,,,,,,,,,,,,,,,,,,,,,,,,,,,,,,,,,,,,,,,,,,1739.0,62.0,1332.0,111.0,49.0,0.0,,,,1739.0,0.0,1421.0,66.0,66.0,0.0,,,,1739.0,-21.0,1524.0,9.0,30.0,0.0,,,,1742.0,0.0,1541.0,971.0,971.0,1.0,2.0241652929689735,1572.0,302.0,1499.0,7.0,1357.0,973.0,966.0,1.0,2.0241652929689735,1359.0,523.0,1048.0,123.0,913.0,97.0,26.0,0.0,,,,A,0.3434980148138567,2.7859514943089407,0.0,middle,last,0.1464,>=,ok,,A,0.3434980148138567,2.7859514943089407,2.0,155.0,1465.5,8.0,969.0,2013.25,2108.0,,,,,0.0,0.0,190.0,238.0,142.5,,,,,,,,8.0,233559.6,655360.0,131072.0;131072.0;131072.0;131072.0;131072.0;131072.0;131072.0;131072.0,131072.0,131072.0,131072.0,0.0,0.0;0.0;0.0;0.0;0.0;0.0;0.0;0.0,0.0,0.0,0.0,0.0,0.0;0.0;0.0;0.0;0.0;0.0;0.0;0.0,0.0,0.0,0.0,0.0,655360.0;647626.0;651631.0;655360.0;589824.0;655360.0;655360.0;655360.0,645735.125,655360.0,655360.0,0.0,390375.0;390807.0;391043.0;391300.0;393216.0;392484.0;388160.0;390542.0,390990.875,393216.0,390542.0,167.0,0.0,70.0,169619.0,<=,390990.875,1.0,971.0,909.5,,0.0,180000.0,100000.0,390990.875,0.0,645735.125,
unknown,20260807_180430,0.0,2026-08-07 18:04:36,70.0,1455.5,225.5,5.0,0.1697718349751085,399.0,931.0,2394.0,,,claw_machine,8.0,1.3848968090023845,1352.0,1355.0,1.6583123951777,1350.0,-5.0,2690.0,2695.0,3.570714214271425,2684.0,-11.0,64.625,66.0,0.6959705453537527,64.0,-1.0,182.375,183.0,0.4841229182759271,182.0,-1.0,667.25,668.0,0.9682458365518543,666.0,-2.0,423.75,424.0,0.6614378277661477,422.0,-2.0,1076.75,1079.0,0.9682458365518543,1076.0,-3.0,275.25,276.0,0.82915619758885,274.0,-2.0,,,,,,0.0,,,,,,,,,,,,,,,,,,,,,,,,,,,,,,,,,,,,,,,,,,,,,,,,,,,,,,,,,,,,,1739.0,57.0,1309.0,115.0,58.0,0.0,,,,1741.0,2.0,1397.0,109.0,107.0,1.0,1.656459935940802,1397.0,107.0,1741.0,31.0,1505.0,610.0,579.0,1.0,1.656459935940802,1505.0,579.0,1743.0,23.0,1535.0,602.0,579.0,1.0,1.4866881009656936,1558.0,399.0,1499.0,3.0,1362.0,934.0,931.0,1.0,1.4866881009656936,1362.0,568.0,1049.0,124.0,913.0,264.0,140.0,1.0,1.656459935940802,913.0,140.0,A,0.7501071021906074,0.49772095906655295,0.0,middle,last,0.1464,>=,ok,,A,0.7501071021906074,0.49772095906655295,5.0,225.5,1455.5,8.0,1352.0,2690.0,2394.0,,,,,0.0,0.0,190.0,238.0,142.5,,,,,,,,8.0,345049.2,851968.0,0.0;0.0;0.0;0.0;0.0;0.0;0.0;0.0,0.0,0.0,0.0,0.0,65536.0;65536.0;65536.0;65536.0;65536.0;65536.0;65536.0;65536.0,65536.0,65536.0,65536.0,0.0,247222.0;247427.0;196608.0;196608.0;248755.0;251607.0;247321.0;246706.0,235281.75,251607.0,246706.0,-516.0,851968.0;851968.0;851968.0;786432.0;786432.0;851968.0;851968.0;851968.0,835584.0,851968.0,851968.0,0.0,585297.0;589824.0;589727.0;587853.0;589824.0;589824.0;588581.0;589824.0,588844.25,589824.0,589824.0,4527.0,0.0,70.0,169619.0,<=,588844.25,1.0,579.0,423.75,,0.0,180000.0,100000.0,588844.25,235281.75,835584.0,
unknown,20260808_175847,0.0,2026-08-08 17:58:52,70.0,1438.2,254.2,6.0,0.45966497203335166,544.8333333333334,1090.0,3269.0,,,claw_machine,10.0,1.4042189759784378,1386.8,1441.0,36.70640271124372,1326.0,-115.0,2828.2,2978.0,100.43087174768523,2666.0,-312.0,78.0,79.0,0.4472135954999579,78.0,1.0,282.7,286.0,2.72213151776324,286.0,8.0,735.4,784.0,32.144050771488025,685.0,-99.0,345.3,398.0,34.52549782407199,291.0,-107.0,1066.3,1116.0,33.15131973240281,1012.0,-104.0,320.5,325.0,3.5846896657869842,314.0,-11.0,,,,,,0.0,,,,,,,,,,,,,,,,,,,,,,,,,,,,,,,,,,,,,,,,,,,,,,,,,,,,,,,,,,,,,1740.0,62.0,1253.0,132.0,70.0,1.0,1.3905848269932903,1253.0,70.0,1740.0,2.0,1393.0,327.0,325.0,1.0,1.0843491069972515,1465.0,229.0,1741.0,31.0,1466.0,661.0,630.0,1.0,0.9309198549599387,1594.0,112.0,1742.0,24.0,1473.0,852.0,828.0,1.0,1.235878002946265,1508.0,235.0,1499.0,3.0,1374.0,1093.0,1090.0,1.0,1.0843491069972515,1371.0,119.0,1049.0,139.0,915.0,465.0,326.0,1.0,1.0843491069972515,914.0,118.0,A,0.01283013325460904,0.9251820124696136,0.0,middle,last,0.1464,>=,ok,,A,0.01283013325460904,0.9251820124696136,6.0,254.2,1438.2,10.0,1386.8,2828.2,3269.0,,,,,0.0,0.0,190.0,238.0,142.5,,,,,,,,10.0,395594.64,917504.0,0.0;0.0;0.0;0.0;0.0;0.0;0.0;0.0;0.0;0.0,0.0,0.0,0.0,0.0,0.0;0.0;0.0;0.0;0.0;0.0;0.0;0.0;0.0;0.0,0.0,0.0,0.0,0.0,917504.0;917504.0;915129.0;917504.0;907226.0;917504.0;851968.0;851968.0;851968.0;851968.0,890024.3,917504.0,851968.0,-65536.0,783624.0;720896.0;713006.0;655360.0;655360.0;655360.0;589824.0;584475.0;524288.0;524288.0,640648.1,783624.0,524288.0,-259336.0,458752.0;458752.0;457753.0;456919.0;454219.0;449849.0;448537.0;445753.0;449258.0;393216.0,447300.8,458752.0,393216.0,-65536.0,0.0,70.0,169619.0,<=,447300.8,1.0,828.0,345.3,,0.0,180000.0,100000.0,447300.8,890024.3,640648.1,
unknown,20260808_175946,0.0,2026-08-08 17:59:51,70.0,1460.25,219.5,5.0,0.30347945500398055,496.0,874.0,2976.0,,,claw_machine,10.0,1.4625400149961933,1284.9,1302.0,9.42814934120159,1273.0,-29.0,2368.5,2411.0,26.352419243781014,2330.0,-81.0,1.5,2.0,0.6708203932499369,2.0,2.0,461.4,469.0,5.314132102234569,453.0,-16.0,565.3,580.0,9.879777325425913,550.0,-30.0,55.4,60.0,2.3323807579381204,52.0,-8.0,816.4,830.0,7.227724399837061,807.0,-23.0,468.5,472.0,2.247220505424423,466.0,-6.0,,,,,,0.0,,,,,,,,,,,,,,,,,,,,,,,,,,,,,,,,,,,,,,,,,,,,,,,,,,,,,,,,,,,,,1739.0,62.0,1226.0,53.0,9.0,1.0,1.0669898770283908,1369.0,119.0,1740.0,4.0,1371.0,795.0,791.0,1.0,1.0669898770283908,1465.0,238.0,1741.0,30.0,1382.0,792.0,762.0,1.0,0.7635104220244102,1635.0,164.0,1743.0,23.0,1377.0,57.0,34.0,0.0,,,,1499.0,1.0,1373.0,875.0,874.0,1.0,1.0669898770283908,1372.0,160.0,1048.0,138.0,922.0,644.0,506.0,1.0,1.0669898770283908,914.0,200.0,C,0.01994248058657884,2.0097119422696763,0.0,middle,last,0.1464,>=,ok,,C,0.01994248058657884,2.0097119422696763,5.0,219.5,1460.25,10.0,1284.9,2368.5,2976.0,,,,,0.0,0.0,190.0,238.0,142.5,,,,,,,,10.0,313813.56,1114112.0,65536.0;65536.0;65536.0;65536.0;65536.0;65536.0;65536.0;65536.0;65536.0;65536.0,65536.0,65536.0,65536.0,0.0,190428.0;196239.0;193546.0;192696.0;191589.0;194130.0;195412.0;194896.0;196608.0;196608.0,194215.2,196608.0,196608.0,6180.0,1114112.0;1114112.0;1114112.0;1114112.0;1114112.0;1114112.0;1114112.0;1114112.0;1114112.0;1114112.0,1114112.0,1114112.0,1114112.0,0.0,65536.0;65536.0;65536.0;65536.0;65536.0;60070.0;65536.0;65536.0;56968.0;65536.0,64132.6,65536.0,65536.0,0.0,131072.0;131072.0;131072.0;131072.0;131072.0;131072.0;131072.0;131072.0;131072.0;131072.0,131072.0,131072.0,131072.0,0.0,0.0,70.0,169619.0,<=,131072.0,0.0,34.0,55.4,,0.0,180000.0,100000.0,131072.0,1114112.0,64132.6,
unknown,20260808_180031,0.0,2026-08-08 18:00:36,70.0,1403.4,289.2,6.0,0.304580959957093,577.6666666666666,1200.0,3466.0,,,claw_machine,10.0,1.4037141950102523,1601.1,1626.0,14.733974345029925,1579.0,-47.0,3247.4,3301.0,33.610117524340794,3195.0,-106.0,62.1,63.0,0.3,63.0,1.0,937.1,945.0,5.838664230798,927.0,-18.0,224.3,232.0,4.838388161361178,216.0,-16.0,422.8,436.0,8.459314393022641,410.0,-26.0,1184.7,1205.0,11.883181392203015,1167.0,-38.0,416.4,421.0,2.870540018881465,412.0,-9.0,,,,,,0.0,,,,,,,,,,,,,,,,,,,,,,,,,,,,,,,,,,,,,,,,,,,,,,,,,,,,,,,,,,,,,1739.0,62.0,1221.0,133.0,71.0,1.0,1.376270545006264,1250.0,72.0,1741.0,2.0,1419.0,510.0,508.0,1.0,1.071689585049171,1459.0,521.0,1741.0,30.0,1454.0,595.0,565.0,1.0,1.376270545006264,1470.0,713.0,1743.0,23.0,1440.0,799.0,776.0,1.0,1.376270545006264,1467.0,306.0,1499.0,3.0,1374.0,1203.0,1200.0,1.0,1.071689585049171,1371.0,270.0,1050.0,136.0,915.0,482.0,346.0,1.0,1.071689585049171,914.0,279.0,B,0.3849973632697243,0.9790431226450715,0.0,middle,last,0.1464,>=,ok,,B,0.3849973632697243,0.9790431226450715,6.0,289.2,1403.4,10.0,1601.1,3247.4,3466.0,,,,,0.0,0.0,190.0,238.0,142.5,,,,,,,,10.0,250694.92,524288.0,0.0;0.0;0.0;0.0;0.0;0.0;0.0;0.0;0.0;0.0,0.0,0.0,0.0,0.0,131072.0;131072.0;131072.0;131072.0;131072.0;131072.0;131072.0;131072.0;131072.0;131072.0,131072.0,131072.0,131072.0,0.0,524288.0;524288.0;524288.0;524288.0;522232.0;516635.0;513024.0;458752.0;458752.0;458752.0,502529.9,524288.0,458752.0,-65536.0,327680.0;327680.0;327680.0;313754.0;327680.0;262144.0;262144.0;312874.0;262144.0;323045.0,304682.5,327680.0,323045.0,-4635.0,262144.0;327680.0;327680.0;317077.0;262144.0;313277.0;314491.0;262144.0;317874.0;447391.0,315190.2,447391.0,447391.0,185247.0,0.0,70.0,169619.0,<=,315190.2,1.0,776.0,422.8,,0.0,180000.0,100000.0,315190.2,502529.9,304682.5,
unknown,20260808_180137,0.0,2026-08-08 18:01:43,70.0,1432.75,247.25,5.0,0.30536224000388756,474.5,1064.0,2847.0,,,claw_machine,10.0,1.4079927440034226,1268.6,1295.0,15.49967741599805,1245.0,-50.0,2342.3,2408.0,39.50961908194003,2283.0,-125.0,3.6,4.0,0.8,4.0,2.0,593.4,608.0,9.232551110067034,579.0,-29.0,417.7,438.0,12.08345976945345,400.0,-38.0,59.0,65.0,3.3466401061363023,55.0,-10.0,834.2,857.0,13.407460609675494,814.0,-43.0,434.4,438.0,2.1071307505705477,431.0,-7.0,,,,,,0.0,,,,,,,,,,,,,,,,,,,,,,,,,,,,,,,,,,,,,,,,,,,,,,,,,,,,,,,,,,,,,1739.0,62.0,1222.0,126.0,64.0,1.0,1.2289727890165523,1312.0,242.0,1741.0,2.0,1389.0,1066.0,1064.0,1.0,1.0758473880123347,1456.0,466.0,1741.0,29.0,1422.0,319.0,290.0,1.0,0.9236105490126647,1592.0,88.0,1741.0,22.0,1420.0,51.0,29.0,0.0,,,,1499.0,3.0,1372.0,916.0,913.0,1.0,1.0758473880123347,1371.0,216.0,1049.0,135.0,921.0,622.0,487.0,1.0,1.0758473880123347,914.0,262.0,B,0.08372374957154598,1.8991720060270778,0.0,middle,last,0.1464,>=,ab_proximity_assist,,A,1.0,,5.0,247.25,1432.75,10.0,1268.6,2342.3,2847.0,,,,,0.0,0.0,190.0,238.0,142.5,,,,,,,,10.0,227388.46,917504.0,0.0;0.0;0.0;0.0;0.0;0.0;0.0;0.0;0.0;0.0,0.0,0.0,0.0,0.0,191047.0;196250.0;196608.0;196608.0;196608.0;196608.0;196608.0;196608.0;196608.0;196608.0,196016.1,196608.0,196608.0,5561.0,917504.0;917291.0;904388.0;851968.0;851968.0;851968.0;851968.0;851968.0;851968.0;851968.0,870295.9,917504.0,851968.0,-65536.0,0.0;0.0;50943.0;0.0;0.0;0.0;0.0;0.0;0.0;0.0,5094.3,50943.0,0.0,0.0,65536.0;65536.0;65536.0;65536.0;65536.0;65536.0;65536.0;65536.0;65536.0;65536.0,65536.0,65536.0,65536.0,0.0,1.0,70.0,169619.0,<=,65536.0,0.0,29.0,59.0,A,0.0,180000.0,100000.0,65536.0,870295.9,5094.3,
unknown,20260808_180244,0.0,2026-08-08 18:02:49,70.0,1392.75,287.0,5.0,0.6103501949692145,503.3333333333333,993.0,3020.0,,,claw_machine,10.0,1.3865527510060929,1262.0,1273.0,6.7379522111692065,1252.0,-21.0,2330.1,2365.0,18.721378154398785,2303.0,-62.0,127.1,129.0,1.445683229480096,129.0,4.0,631.0,641.0,5.385164807134504,623.0,-18.0,272.8,287.0,7.639371701913712,262.0,-25.0,37.2,39.0,0.6,37.0,-2.0,775.1,783.0,4.614108798023731,768.0,-15.0,486.9,490.0,2.211334438749598,484.0,-6.0,,,,,,0.0,,,,,,,,,,,,,,,,,,,,,,,,,,,,,,,,,,,,,,,,,,,,,,,,,,,,,,,,,,,,,1739.0,62.0,1251.0,222.0,160.0,1.0,1.0759014920331538,1369.0,191.0,1740.0,4.0,1366.0,997.0,993.0,1.0,1.0759014920331538,1452.0,235.0,1741.0,31.0,1380.0,420.0,389.0,1.0,1.6862516870023683,1380.0,389.0,1742.0,24.0,1377.0,56.0,32.0,0.0,,,,1499.0,3.0,1371.0,893.0,890.0,1.0,1.0759014920331538,1370.0,146.0,1050.0,138.0,926.0,694.0,556.0,1.0,1.0759014920331538,913.0,268.0,C,0.2717197531539463,1.5340045032257563,0.0,middle,last,0.1464,>=,ok,,C,0.2717197531539463,1.5340045032257563,5.0,287.0,1392.75,10.0,1262.0,2330.1,3020.0,,,,,0.0,0.0,190.0,238.0,142.5,,,,,,,,10.0,117788.18,327680.0,65536.0;63925.0;65536.0;65359.0;65536.0;65536.0;65536.0;65536.0;65536.0;65536.0,65357.2,65536.0,65536.0,0.0,193703.0;196123.0;195600.0;196608.0;196608.0;196320.0;196608.0;194766.0;196093.0;196608.0,195903.7,196608.0,196608.0,2905.0,327680.0;327680.0;327680.0;327680.0;327680.0;327680.0;327680.0;327680.0;327680.0;327680.0,327680.0,327680.0,327680.0,0.0,0.0;0.0;0.0;0.0;0.0;0.0;0.0;0.0;0.0;0.0,0.0,0.0,0.0,0.0,0.0;0.0;0.0;0.0;0.0;0.0;0.0;0.0;0.0;0.0,0.0,0.0,0.0,0.0,0.0,70.0,169619.0,<=,0.0,0.0,32.0,37.2,,0.0,180000.0,100000.0,0.0,327680.0,0.0,
unknown,20260808_183445,0.0,2026-08-08 18:34:50,70.0,1435.25,245.75,5.0,0.30472669599112123,443.3333333333333,970.0,2660.0,,,claw_machine,10.0,1.422961926960852,1288.5,1298.0,5.481788029466298,1280.0,-18.0,2915.6,2932.0,10.518555033843764,2899.0,-33.0,56.0,56.0,0.0,56.0,0.0,83.6,85.0,0.8,85.0,2.0,420.2,423.0,2.4,416.0,-7.0,1067.3,1072.0,3.2878564445547194,1062.0,-10.0,1180.1,1188.0,4.742362280551751,1173.0,-15.0,108.4,110.0,0.8,107.0,-3.0,,,,,,0.0,,,,,,,,,,,,,,,,,,,,,,,,,,,,,,,,,,,,,,,,,,,,,,,,,,,,,,,,,,,,,1739.0,64.0,1219.0,130.0,66.0,0.0,,,,1741.0,4.0,1300.0,86.0,82.0,1.0,1.3747872419771738,1341.0,74.0,1741.0,32.0,1462.0,760.0,728.0,1.0,1.3747872419771738,1472.0,784.0,1743.0,25.0,1518.0,651.0,626.0,1.0,1.0700605459860526,1555.0,267.0,1499.0,3.0,1374.0,973.0,970.0,1.0,1.0700605459860526,1373.0,337.0,1049.0,138.0,914.0,326.0,188.0,1.0,1.3747872419771738,914.0,175.0,B,0.20915639733706298,0.9701336297294781,0.0,middle,last,0.1464,>=,ok,,B,0.20915639733706298,0.9701336297294781,5.0,245.75,1435.25,10.0,1288.5,2915.6,2660.0,,,,,0.0,0.0,190.0,238.0,142.5,,,,,,,,10.0,615399.82,2162688.0,0.0;0.0;0.0;0.0;0.0;0.0;0.0;0.0;0.0;0.0,0.0,0.0,0.0,0.0,0.0;0.0;0.0;0.0;0.0;0.0;0.0;0.0;0.0;0.0,0.0,0.0,0.0,0.0,128548.0;129276.0;129216.0;129064.0;130877.0;129216.0;128146.0;128632.0;128374.0;127979.0,128932.8,130877.0,127979.0,-569.0,2162688.0;2162688.0;2162688.0;2162688.0;2162688.0;2152151.0;2162688.0;2162688.0;2162688.0;2162688.0,2161634.3,2162688.0,2162688.0,0.0,786432.0;786432.0;786432.0;786432.0;786432.0;786432.0;786432.0;786432.0;786432.0;786432.0,786432.0,786432.0,786432.0,0.0,0.0,70.0,169619.0,<=,786432.0,1.0,626.0,1067.3,,0.0,180000.0,100000.0,786432.0,128932.8,2161634.3,
unknown,20260808_185917,0.0,2026-08-08 18:59:24,70.0,1412.4,280.0,6.0,0.30428974400274456,576.8333333333334,1174.0,3461.0,,,claw_machine,19.0,2.890810632961802,1457.0526315789473,1509.0,21.40947572850697,1435.0,-74.0,2797.842105263158,2947.0,63.387084155000615,2728.0,-219.0,83.73684210526316,85.0,0.6359497880839249,84.0,0.0,341.4736842105263,374.0,13.42961543146784,328.0,-46.0,500.0,534.0,15.488535658418625,481.0,-53.0,415.57894736842104,446.0,13.007349296996372,400.0,-46.0,1142.7894736842106,1179.0,14.435260001189416,1129.0,-50.0,314.2631578947368,330.0,7.040051624086722,306.0,-24.0,,,,,,0.0,,,,,,,,,,,,,,,,,,,,,,,,,,,,,,,,,,,,,,,,,,,,,,,,,,,,,,,,,,,,,1739.0,63.0,1249.0,133.0,70.0,1.0,1.3889474640018307,1249.0,70.0,1741.0,4.0,1393.0,487.0,483.0,1.0,1.0846577199990861,1465.0,209.0,1741.0,31.0,1470.0,770.0,739.0,1.0,1.3889474640018307,1470.0,739.0,1742.0,23.0,1481.0,655.0,632.0,1.0,1.2368170479894616,1510.0,286.0,1499.0,1.0,1373.0,1175.0,1174.0,1.0,1.0846577199990861,1368.0,130.0,1050.0,137.0,915.0,500.0,363.0,1.0,1.0846577199990861,914.0,117.0,B,0.4849560161869717,0.6864991589928107,0.0,middle,last,0.1464,>=,ok,,B,0.4849560161869717,0.6864991589928107,6.0,280.0,1412.4,19.0,1457.0526315789473,2797.842105263158,3461.0,,,,,0.0,0.0,190.0,238.0,142.5,,,,,,,,19.0,374333.33684210526,917504.0,0.0;0.0;0.0;0.0;0.0;0.0;0.0;0.0;0.0;0.0;0.0;0.0;0.0;0.0;0.0;0.0;0.0;0.0;0.0,0.0,0.0,0.0,0.0,65536.0;65536.0;65536.0;65536.0;65536.0;65536.0;65536.0;65536.0;65536.0;65536.0;65536.0;65536.0;65536.0;65536.0;65536.0;65536.0;65536.0;65536.0;65536.0,65536.0,65536.0,65536.0,0.0,393216.0;393216.0;393216.0;393216.0;393216.0;393216.0;393216.0;393216.0;393216.0;393216.0;393216.0;393216.0;393216.0;393216.0;393216.0;393216.0;393216.0;392978.0;393216.0,393203.4736842105,393216.0,393216.0,0.0,917504.0;917504.0;851968.0;910340.0;851968.0;851968.0;851968.0;851968.0;786432.0;786432.0;786432.0;786432.0;786432.0;786432.0;786432.0;784842.0;786432.0;786432.0;786432.0,823913.1578947369,917504.0,786432.0,-131072.0,588115.0;586256.0;585490.0;589283.0;586969.0;588191.0;589824.0;589199.0;589824.0;589824.0;589824.0;589824.0;589824.0;589700.0;589824.0;589824.0;589824.0;589824.0;589824.0,589014.052631579,589824.0,589824.0,1709.0,0.0,70.0,169619.0,<=,589014.052631579,1.0,632.0,415.57894736842104,,0.0,180000.0,100000.0,589014.052631579,393203.4736842105,823913.1578947369,
unknown,20260810_160021,0.0,2026-08-10 16:00:29,70.0,1415.4,278.0,6.0,0.46835669700521976,566.6666666666666,1145.0,3400.0,,,claw_machine,29.0,4.434283282025717,1622.2068965517242,1640.0,9.4882115983006,1609.0,-31.0,3331.551724137931,3364.0,18.501791538410455,3306.0,-58.0,67.10344827586206,69.0,0.48028925093738345,69.0,2.0,939.2068965517242,943.0,1.8639836898951143,937.0,-6.0,154.55172413793105,157.0,1.8115759360777512,151.0,-6.0,548.4827586206897,557.0,5.727252995352179,540.0,-17.0,1222.3793103448277,1238.0,8.078979933491297,1211.0,-27.0,399.82758620689657,402.0,1.487162665713643,398.0,-4.0,,,,,,0.0,,,,,,,,,,,,,,,,,,,,,,,,,,,,,,,,,,,,,,,,,,,,,,,,,,,,,,,,,,,,,1739.0,22.0,1224.0,88.0,66.0,1.0,1.4042706380132586,1254.0,79.0,1739.0,0.0,1430.0,470.0,470.0,1.0,0.9359139410080388,1504.0,79.0,1741.0,59.0,1458.0,504.0,445.0,1.0,1.4042706380132586,1473.0,749.0,1749.0,11.0,1438.0,963.0,952.0,1.0,1.4042706380132586,1472.0,118.0,1499.0,-5.0,1376.0,1140.0,1145.0,1.0,1.088242393976543,1374.0,404.0,1050.0,55.0,915.0,377.0,322.0,1.0,1.088242393976543,914.0,307.0,B,0.05495807668368335,1.3383275235164882,0.0,middle,last,0.1464,>=,ok,,B,0.05495807668368335,1.3383275235164882,6.0,278.0,1415.4,29.0,1622.2068965517242,3331.551724137931,3400.0,,,,,0.0,0.0,190.0,238.0,142.5,,,,,,,,29.0,214697.09655172413,458752.0,0.0;0.0;0.0;0.0;0.0;0.0;0.0;0.0;0.0;0.0;0.0;0.0;0.0;0.0;0.0;0.0;0.0;0.0;0.0;0.0;0.0;0.0;0.0;0.0;0.0;0.0;0.0;0.0;0.0,0.0,0.0,0.0,0.0,196571.0;196608.0;196608.0;196608.0;196608.0;196608.0;196608.0;196608.0;196608.0;196608.0;196608.0;196608.0;196608.0;196608.0;196608.0;196608.0;196608.0;196608.0;196608.0;196608.0;196608.0;196608.0;196608.0;196608.0;196608.0;196154.0;196608.0;196608.0;196608.0,196591.06896551725,196608.0,196608.0,37.0,458752.0;458752.0;458752.0;458370.0;458752.0;458752.0;445089.0;393216.0;393216.0;393216.0;393216.0;393216.0;393216.0;393216.0;393216.0;393216.0;393216.0;393216.0;393216.0;393216.0;393216.0;393216.0;393216.0;393216.0;393216.0;393216.0;393216.0;393216.0;393216.0,408550.724137931,458752.0,393216.0,-65536.0,262144.0;196608.0;262144.0;196608.0;196608.0;327680.0;326452.0;262144.0;262144.0;324275.0;262144.0;393216.0;196608.0;182326.0;323956.0;327680.0;261986.0;250881.0;262144.0;262144.0;248143.0;327680.0;327680.0;131072.0;262144.0;327680.0;327680.0;260901.0;327680.0,271743.1724137931,393216.0,327680.0,65536.0,196608.0;196608.0;196608.0;196608.0;196608.0;196608.0;196608.0;196608.0;196608.0;196608.0;196608.0;196608.0;196608.0;196608.0;196608.0;196608.0;196608.0;196608.0;196608.0;196608.0;196608.0;196608.0;196608.0;196391.0;196608.0;196608.0;196608.0;196608.0;196608.0,196600.5172413793,196608.0,196608.0,0.0,0.0,70.0,169619.0,<=,196600.5172413793,1.0,952.0,548.4827586206897,,0.0,180000.0,100000.0,196600.5172413793,408550.724137931,271743.1724137931,
unknown,20260810_163507,0.0,2026-08-10 16:35:15,70.0,1471.3333333333333,273.6666666666667,3.0,1.066211167955771,49.833333333333336,93.0,299.0,,,claw_machine,29.0,4.415233326959424,56.275862068965516,60.0,0.9430892642191271,56.0,-4.0,2897.448275862069,2904.0,2.4856305228882896,2896.0,-8.0,69.65517241379311,71.0,0.8418314217747381,70.0,-1.0,91.10344827586206,93.0,0.6614940032155475,91.0,-2.0,1816.0689655172414,1817.0,0.8682536766906325,1815.0,0.0,864.3448275862069,865.0,0.47531202593414557,864.0,-1.0,28.0,28.0,0.0,28.0,0.0,28.275862068965516,32.0,0.9430892642191271,28.0,-4.0,,,,,,0.0,,,,,,,,,,,,,,,,,,,,,,,,,,,,,,,,,,,,,,,,,,,,,,,,,,,,,,,,,,,,,1739.0,15.0,1225.0,75.0,60.0,1.0,1.381599287968129,1250.0,72.0,1739.0,-2.0,1232.0,83.0,85.0,1.0,1.2296376909944229,1407.0,94.0,1765.0,1857.0,1765.0,1857.0,0.0,0.0,,,,1757.0,864.0,1758.0,957.0,93.0,1.0,0.31538812001235783,1757.0,164.0,1499.0,-3.0,1369.0,29.0,32.0,0.0,,,,1049.0,26.0,915.0,55.0,29.0,0.0,,,,A,0.11646408611285364,8.195083980105403,0.0,middle,last,0.1464,>=,ok,,A,0.11646408611285364,8.195083980105403,3.0,273.6666666666667,1471.3333333333333,29.0,56.275862068965516,2897.448275862069,299.0,,,,,0.0,0.0,190.0,238.0,142.5,,,,,,,,29.0,3984.7034482758622,131072.0,0.0;0.0;0.0;0.0;0.0;0.0;0.0;0.0;0.0;0.0;0.0;0.0;0.0;0.0;0.0;0.0;0.0;0.0;0.0;0.0;0.0;0.0;0.0;0.0;0.0;0.0;0.0;0.0;0.0,0.0,0.0,0.0,0.0,0.0;0.0;0.0;0.0;0.0;0.0;0.0;0.0;0.0;0.0;0.0;0.0;0.0;0.0;0.0;0.0;0.0;0.0;0.0;0.0;0.0;0.0;0.0;0.0;0.0;0.0;0.0;0.0;0.0,0.0,0.0,0.0,0.0,0.0;0.0;0.0;0.0;0.0;0.0;0.0;0.0;0.0;0.0;0.0;0.0;0.0;0.0;0.0;0.0;0.0;0.0;0.0;0.0;0.0;0.0;0.0;0.0;0.0;0.0;0.0;0.0;0.0,0.0,0.0,0.0,0.0,131072.0;65536.0;0.0;0.0;0.0;0.0;0.0;0.0;53494.0;0.0;0.0;0.0;65536.0;0.0;0.0;0.0;0.0;0.0;0.0;0.0;0.0;0.0;0.0;0.0;131072.0;0.0;0.0;0.0;131072.0,19923.51724137931,131072.0,131072.0,0.0,0.0;0.0;0.0;0.0;0.0;0.0;0.0;0.0;0.0;0.0;0.0;0.0;0.0;0.0;0.0;0.0;0.0;0.0;0.0;0.0;0.0;0.0;0.0;0.0;0.0;0.0;0.0;0.0;0.0,0.0,0.0,0.0,0.0,0.0,70.0,169619.0,<=,0.0,1.0,93.0,864.3448275862069,,0.0,180000.0,100000.0,0.0,0.0,19923.51724137931,
unknown,20260810_171138,0.0,2026-08-10 17:11:46,70.0,1419.6,272.4,6.0,0.30373617401346564,610.3333333333334,1247.0,3662.0,,,claw_machine,29.0,4.441020102996845,1887.3103448275863,1910.0,11.117254214076617,1872.0,-38.0,3845.4137931034484,3898.0,24.40112665767895,3813.0,-85.0,84.58620689655173,86.0,0.8516613127743772,84.0,0.0,806.4137931034483,829.0,11.229632110470234,791.0,-38.0,563.8620689655172,570.0,2.4029312262323237,562.0,-8.0,503.2413793103448,505.0,0.896551724137931,504.0,-1.0,1464.896551724138,1482.0,8.176268551101927,1453.0,-29.0,422.41379310344826,428.0,3.023097764731543,419.0,-9.0,,,,,,0.0,,,,,,,,,,,,,,,,,,,,,,,,,,,,,,,,,,,,,,,,,,,,,,,,,,,,,,,,,,,,,1739.0,14.0,1256.0,87.0,73.0,1.0,1.3818616580101661,1256.0,73.0,1739.0,-6.0,1408.0,476.0,482.0,1.0,1.0781254839967005,1455.0,448.0,1741.0,29.0,1476.0,874.0,845.0,1.0,1.2293058619834483,1506.0,187.0,1742.0,5.0,1484.0,661.0,656.0,1.0,1.2293058619834483,1510.0,350.0,1499.0,-1.0,1375.0,1246.0,1247.0,1.0,1.0781254839967005,1371.0,223.0,1052.0,25.0,915.0,384.0,359.0,1.0,1.0781254839967005,914.0,245.0,B,0.10164128131744181,1.7306094343989291,0.0,middle,last,0.1464,>=,ok,,B,0.10164128131744181,1.7306094343989291,6.0,272.4,1419.6,29.0,1887.3103448275863,3845.4137931034484,3662.0,,,,,0.0,0.0,190.0,238.0,142.5,,,,,,,,29.0,526735.2275862069,1441792.0,0.0;0.0;0.0;0.0;0.0;0.0;0.0;0.0;0.0;0.0;0.0;0.0;0.0;0.0;0.0;0.0;0.0;0.0;0.0;0.0;0.0;0.0;0.0;0.0;0.0;0.0;0.0;0.0;0.0,0.0,0.0,0.0,0.0,65536.0;65536.0;65536.0;65536.0;65536.0;65536.0;65536.0;119391.0;65536.0;65536.0;65536.0;65536.0;65536.0;65536.0;65536.0;65536.0;65536.0;65536.0;65536.0;65536.0;65536.0;65536.0;65536.0;65536.0;65536.0;65536.0;65536.0;65536.0;65536.0,67393.06896551725,119391.0,65536.0,0.0,786432.0;786432.0;786432.0;786432.0;786432.0;786432.0;786432.0;786432.0;786432.0;786432.0;786432.0;786432.0;786432.0;785936.0;786432.0;786432.0;786432.0;786432.0;786432.0;786432.0;786073.0;786432.0;786432.0;786432.0;786432.0;786432.0;786432.0;785428.0;786432.0,786367.8965517242,786432.0,786432.0,0.0,1372060.0;1239380.0;1310720.0;1371696.0;1310720.0;1245184.0;1376256.0;1376256.0;1305310.0;1245184.0;1310720.0;1114112.0;1179648.0;1373448.0;1179648.0;1241898.0;1363603.0;1310720.0;1245184.0;1441792.0;1376256.0;1308678.0;1430906.0;1310720.0;1366341.0;1376256.0;1376256.0;1361304.0;1245184.0,1312601.3793103448,1441792.0,1245184.0,-126876.0,524288.0;524288.0;522611.0;512113.0;458752.0;458752.0;458752.0;458752.0;458752.0;458752.0;458752.0;458752.0;458752.0;458752.0;458752.0;458752.0;458752.0;458752.0;458752.0;458752.0;458752.0;458752.0;458752.0;458752.0;458752.0;458752.0;458752.0;458752.0;458752.0,467313.7931034483,524288.0,458752.0,-65536.0,0.0,70.0,169619.0,<=,467313.7931034483,1.0,656.0,503.2413793103448,,0.0,180000.0,100000.0,467313.7931034483,786367.8965517242,1312601.3793103448,
unknown,20260810_181213,0.0,2026-08-10 18:12:21,70.0,1598.25,143.75,4.0,1.0725694239954464,148.5,626.0,891.0,,,claw_machine,28.0,4.341707248997409,47.07142857142857,49.0,0.37115374447904514,47.0,0.0,317.42857142857144,321.0,2.336489604828018,319.0,4.0,67.21428571428571,68.0,0.9006800152084636,68.0,2.0,83.32142857142857,85.0,0.5380899704756915,84.0,1.0,109.46428571428571,110.0,0.8229799015573509,110.0,0.0,10.357142857142858,12.0,0.9340497736158586,10.0,1.0,23.071428571428573,25.0,0.37115374447904514,23.0,0.0,24.0,24.0,0.0,24.0,0.0,,,,,,0.0,,,,,,,,,,,,,,,,,,,,,,,,,,,,,,,,,,,,,,,,,,,,,,,,,,,,,,,,,,,,,1739.0,25.0,1225.0,89.0,64.0,1.0,1.3868452950264327,1249.0,78.0,1740.0,10.0,1245.0,92.0,82.0,1.0,0.3142758710309863,1727.0,95.0,1749.0,161.0,1678.0,787.0,626.0,1.0,0.4684257589979097,1731.0,143.0,1740.0,55.0,1378.0,86.0,31.0,1.0,0.6212666270439513,1686.0,223.0,1499.0,-5.0,1368.0,56.0,61.0,0.0,,,,1052.0,44.0,915.0,71.0,27.0,0.0,,,,,,,0.0,middle,last,0.1464,>=,miss_grasp,,NONE,1.0,,4.0,143.75,1598.25,28.0,47.07142857142857,317.42857142857144,891.0,,,,,1.0,0.0,190.0,238.0,142.5,,,,,,,,28.0,16241.364285714286,131072.0,0.0;0.0;0.0;0.0;0.0;0.0;0.0;0.0;0.0;0.0;0.0;0.0;0.0;0.0;0.0;0.0;0.0;0.0;0.0;0.0;0.0;0.0;0.0;0.0;0.0;0.0;0.0;0.0,0.0,0.0,0.0,0.0,0.0;0.0;0.0;0.0;0.0;0.0;0.0;0.0;0.0;0.0;0.0;0.0;0.0;0.0;0.0;0.0;0.0;0.0;0.0;0.0;0.0;0.0;0.0;0.0;0.0;0.0;0.0;0.0,0.0,0.0,0.0,0.0,0.0;0.0;0.0;0.0;0.0;0.0;0.0;0.0;0.0;0.0;0.0;0.0;0.0;0.0;0.0;0.0;0.0;0.0;0.0;0.0;0.0;0.0;0.0;0.0;0.0;0.0;0.0;0.0,0.0,0.0,0.0,0.0,0.0;0.0;0.0;0.0;0.0;0.0;116236.0;65536.0;0.0;0.0;0.0;0.0;0.0;0.0;0.0;0.0;60403.0;0.0;131072.0;131072.0;0.0;0.0;131072.0;65536.0;0.0;0.0;65536.0;0.0,27373.678571428572,131072.0,0.0,0.0,0.0;0.0;0.0;0.0;0.0;65536.0;65536.0;65536.0;65536.0;65536.0;65536.0;65536.0;65536.0;65536.0;65536.0;65536.0;65536.0;65536.0;65536.0;65536.0;65536.0;65536.0;65536.0;65536.0;65536.0;65536.0;65536.0;65536.0,53833.142857142855,65536.0,65536.0,65536.0,0.0,70.0,169619.0,<=,53833.142857142855,1.0,31.0,10.357142857142858,,0.0,180000.0,100000.0,53833.142857142855,0.0,27373.678571428572,
unknown,20260810_181252,0.0,2026-08-10 18:13:00,70.0,1507.6,186.8,5.0,0.764050733007025,269.5,654.0,1617.0,,,claw_machine,29.0,4.463741290033795,572.4137931034483,576.0,1.3775851279612537,571.0,-4.0,981.448275862069,991.0,2.3131737698273684,981.0,-1.0,66.62068965517241,67.0,0.7150497018388869,67.0,0.0,94.03448275862068,96.0,0.6686454975746661,95.0,3.0,194.10344827586206,196.0,0.48028925093738345,194.0,0.0,54.275862068965516,58.0,0.8261481759110992,54.0,0.0,521.5172413793103,525.0,1.4292677086939798,520.0,-5.0,50.89655172413793,51.0,0.3045434781492361,51.0,1.0,,,,,,0.0,,,,,,,,,,,,,,,,,,,,,,,,,,,,,,,,,,,,,,,,,,,,,,,,,,,,,,,,,,,,,1739.0,26.0,1229.0,86.0,60.0,1.0,1.3761748539982364,1250.0,75.0,1741.0,-1.0,1347.0,76.0,77.0,1.0,0.6121241209912114,1621.0,512.0,1742.0,42.0,1495.0,696.0,654.0,1.0,0.6121241209912114,1692.0,346.0,1751.0,221.0,1554.0,654.0,433.0,1.0,0.9191498500294983,1606.0,229.0,1499.0,-5.0,1369.0,356.0,361.0,1.0,1.0708050170214847,1369.0,108.0,1049.0,42.0,914.0,74.0,32.0,0.0,,,,A,0.14963472957161264,2.9726496517913747,0.0,middle,last,0.1464,>=,ab_proximity_assist,,B,1.0,,5.0,186.8,1507.6,29.0,572.4137931034483,981.448275862069,1617.0,,,,,0.0,0.0,190.0,238.0,142.5,,,,,,,,29.0,185299.8,574297.0,0.0;0.0;0.0;0.0;0.0;0.0;0.0;0.0;0.0;0.0;0.0;0.0;0.0;0.0;0.0;0.0;0.0;0.0;0.0;0.0;0.0;0.0;0.0;0.0;0.0;0.0;0.0;0.0;0.0,0.0,0.0,0.0,0.0,0.0;0.0;0.0;0.0;0.0;0.0;0.0;0.0;0.0;0.0;0.0;0.0;0.0;0.0;0.0;0.0;0.0;0.0;0.0;0.0;0.0;0.0;0.0;0.0;0.0;0.0;0.0;0.0;0.0,0.0,0.0,0.0,0.0,0.0;0.0;0.0;0.0;0.0;0.0;0.0;0.0;0.0;0.0;0.0;0.0;0.0;0.0;0.0;0.0;0.0;0.0;0.0;0.0;0.0;0.0;0.0;0.0;0.0;0.0;0.0;0.0;0.0,0.0,0.0,0.0,0.0,393216.0;313048.0;458752.0;455726.0;458752.0;131072.0;458752.0;514564.0;393216.0;393216.0;458752.0;458752.0;574297.0;196608.0;393216.0;458752.0;458752.0;458752.0;393216.0;196608.0;196608.0;327680.0;445895.0;458752.0;458752.0;447693.0;393216.0;458752.0;458752.0,402211.0,574297.0,458752.0,65536.0,524288.0;524288.0;524288.0;524288.0;524288.0;524288.0;524288.0;524288.0;524288.0;524288.0;524288.0;524288.0;524288.0;524288.0;524288.0;524288.0;524288.0;524288.0;524288.0;524288.0;524288.0;524288.0;524288.0;524288.0;524288.0;524288.0;524288.0;524288.0;524288.0,524288.0,524288.0,524288.0,0.0,1.0,70.0,169619.0,<=,524288.0,1.0,433.0,54.275862068965516,B,0.0,180000.0,100000.0,524288.0,0.0,402211.0,
unknown,20260810_181405,0.0,2026-08-10 18:14:13,70.0,1642.2,54.6,6.0,0.6103314940119162,429.1666666666667,941.0,2575.0,,,claw_machine,29.0,4.484208743961062,610.3793103448276,617.0,3.111865978669925,605.0,-12.0,1552.2758620689656,1564.0,6.606666182723367,1541.0,-23.0,66.44827586206897,67.0,1.002968246361999,67.0,3.0,45.44827586206897,46.0,0.9316728335245721,46.0,3.0,250.51724137931035,253.0,0.8952244817756668,250.0,-3.0,579.4827586206897,587.0,4.336061216446386,573.0,-14.0,526.7241379310345,540.0,4.933324763519461,520.0,-20.0,83.65517241379311,86.0,2.055704629074328,85.0,8.0,,,,,,0.0,,,,,,,,,,,,,,,,,,,,,,,,,,,,,,,,,,,,,,,,,,,,,,,,,,,,,,,,,,,,,1748.0,31.0,1211.0,107.0,76.0,1.0,0.31448955403175205,1681.0,142.0,1745.0,18.0,1262.0,78.0,60.0,1.0,0.31448955403175205,1728.0,113.0,1751.0,301.0,1649.0,1023.0,722.0,1.0,0.31448955403175205,1750.0,93.0,1741.0,9.0,1445.0,950.0,941.0,1.0,0.7716259779990651,1642.0,305.0,1499.0,-7.0,1368.0,734.0,741.0,1.0,0.7716259779990651,1410.0,146.0,1049.0,40.0,914.0,75.0,35.0,1.0,0.9248210480436683,914.0,79.0,A,0.1927391189599265,5.7673120880442825,0.0,middle,last,0.1464,>=,ok,,A,0.1927391189599265,5.7673120880442825,6.0,54.6,1642.2,29.0,610.3793103448276,1552.2758620689656,2575.0,,,,,0.0,0.0,190.0,238.0,142.5,,,,,,,,29.0,288041.46896551724,1310720.0,0.0;0.0;0.0;0.0;0.0;0.0;0.0;0.0;0.0;0.0;0.0;0.0;0.0;0.0;0.0;0.0;0.0;0.0;0.0;0.0;0.0;0.0;0.0;0.0;0.0;0.0;0.0;0.0;0.0,0.0,0.0,0.0,0.0,65536.0;65536.0;65536.0;65536.0;65536.0;65536.0;65536.0;65536.0;116969.0;117424.0;65536.0;116969.0;65536.0;65536.0;116279.0;65536.0;65536.0;116439.0;65536.0;65536.0;65536.0;117538.0;65536.0;115794.0;65536.0;117129.0;119366.0;65536.0;116954.0,83311.89655172414,119366.0,116954.0,51418.0,0.0;0.0;0.0;0.0;0.0;0.0;0.0;0.0;0.0;0.0;0.0;0.0;0.0;0.0;0.0;0.0;0.0;0.0;0.0;0.0;0.0;0.0;0.0;0.0;0.0;0.0;0.0;0.0;0.0,0.0,0.0,0.0,0.0,983040.0;1101269.0;1310720.0;983040.0;1114112.0;1114112.0;1114112.0;1179648.0;1114112.0;1048576.0;1112161.0;983040.0;1172191.0;1048576.0;1041998.0;1179207.0;1048576.0;983040.0;1108096.0;1112230.0;1179648.0;1114112.0;1114112.0;1114112.0;983040.0;1048576.0;1179648.0;1048576.0;1114112.0,1094751.448275862,1310720.0,1114112.0,131072.0,262144.0;262144.0;262144.0;262144.0;262144.0;262144.0;262144.0;262144.0;262144.0;262144.0;262144.0;262144.0;262144.0;262144.0;262144.0;262144.0;262144.0;262144.0;262144.0;262144.0;262144.0;262144.0;262144.0;262144.0;262144.0;262144.0;262144.0;262144.0;262144.0,262144.0,262144.0,262144.0,0.0,0.0,70.0,169619.0,<=,262144.0,1.0,941.0,579.4827586206897,,0.0,180000.0,100000.0,262144.0,0.0,1094751.448275862,
unknown,20260811_184421,0.0,2026-08-11 18:44:30,70.0,1460.25,219.75,5.0,0.9126183830012451,388.3333333333333,849.0,2330.0,,,claw_machine,25.0,4.352621404999809,61.28,63.0,0.9173875952943772,61.0,-1.0,366.76,370.0,1.985547783358537,370.0,6.0,52.12,54.0,1.1771151175649728,54.0,3.0,53.52,55.0,0.8997777503361594,55.0,3.0,162.08,163.0,0.8908422980528035,163.0,2.0,37.76,39.0,0.5851495535331117,37.0,-1.0,30.56,32.0,0.8522910301065006,30.0,-2.0,30.72,31.0,0.44899888641287294,31.0,1.0,,,,,,0.0,,,,,,,,,,,,,,,,,,,,,,,,,,,,,,,,,,,,,,,,,,,,,,,,,,,,,,,,,,,,,1740.0,44.0,1388.0,600.0,556.0,1.0,0.8950923359989247,1491.0,194.0,1739.0,2.0,1489.0,676.0,674.0,1.0,0.8950923359989247,1563.0,122.0,1741.0,-87.0,1375.0,-26.0,61.0,0.0,,,,1742.0,5.0,1409.0,854.0,849.0,1.0,1.8077107190001698,1431.0,574.0,1499.0,-3.0,1356.0,100.0,103.0,1.0,1.262600575999386,1356.0,82.0,1050.0,25.0,913.0,112.0,87.0,1.0,1.262600575999386,913.0,109.0,,,,0.0,middle,last,0.1464,>=,miss_grasp,,NONE,1.0,,5.0,219.75,1460.25,25.0,61.28,366.76,2330.0,,,,,1.0,0.0,190.0,238.0,142.5,,,,,,,,25.0,1048.576,65536.0,0.0;0.0;0.0;0.0;0.0;0.0;0.0;0.0;0.0;0.0;0.0;0.0;0.0;0.0;0.0;0.0;0.0;0.0;0.0;0.0;0.0;0.0;0.0;0.0;0.0,0.0,0.0,0.0,0.0,0.0;0.0;0.0;0.0;0.0;0.0;0.0;0.0;0.0;0.0;0.0;0.0;0.0;0.0;0.0;0.0;0.0;0.0;0.0;0.0;0.0;0.0;0.0;0.0;0.0,0.0,0.0,0.0,0.0,0.0;0.0;0.0;0.0;0.0;0.0;0.0;0.0;0.0;0.0;0.0;0.0;0.0;0.0;0.0;0.0;0.0;0.0;0.0;0.0;0.0;0.0;0.0;0.0;0.0,0.0,0.0,0.0,0.0,0.0;0.0;0.0;0.0;0.0;0.0;0.0;0.0;0.0;0.0;0.0;0.0;0.0;0.0;0.0;0.0;65536.0;0.0;0.0;0.0;0.0;65536.0;0.0;0.0;0.0,5242.88,65536.0,0.0,0.0,0.0;0.0;0.0;0.0;0.0;0.0;0.0;0.0;0.0;0.0;0.0;0.0;0.0;0.0;0.0;0.0;0.0;0.0;0.0;0.0;0.0;0.0;0.0;0.0;0.0,0.0,0.0,0.0,0.0,0.0,70.0,169619.0,<=,0.0,1.0,849.0,37.76,,0.0,180000.0,100000.0,0.0,0.0,5242.88,
unknown,20260811_184551,0.0,2026-08-11 18:45:59,70.0,1459.4,232.8,6.0,0.9133577520005929,590.0,1227.0,3540.0,,,claw_machine,25.0,4.375717512997653,1573.68,1616.0,20.89348223729113,1545.0,-71.0,3181.64,3316.0,67.65966597611903,3090.0,-226.0,65.24,67.0,0.9911609354691094,64.0,-3.0,556.0,564.0,4.156921938165306,550.0,-14.0,865.04,909.0,22.89887333472981,833.0,-76.0,121.68,160.0,18.947759762040473,98.0,-62.0,1185.44,1225.0,19.845563736009115,1158.0,-67.0,388.24,391.0,1.1412274094149684,387.0,-4.0,,,,,,0.0,,,,,,,,,,,,,,,,,,,,,,,,,,,,,,,,,,,,,,,,,,,,,,,,,,,,,,,,,,,,,1740.0,42.0,1217.0,102.0,60.0,1.0,1.6529764000006253,1258.0,71.0,1739.0,0.0,1438.0,868.0,868.0,1.0,0.7396186480000324,1609.0,82.0,1741.0,34.0,1474.0,410.0,376.0,1.0,1.1077789539995138,1599.0,169.0,1742.0,5.0,1442.0,625.0,620.0,1.0,1.6529764000006253,1469.0,316.0,1499.0,-3.0,1363.0,1224.0,1227.0,1.0,1.2890099030009878,1362.0,625.0,1050.0,30.0,913.0,419.0,389.0,1.0,1.2890099030009878,912.0,342.0,A,0.5626108136920981,0.8360970987543302,0.0,middle,last,0.1464,>=,ok,,A,0.5626108136920981,0.8360970987543302,6.0,232.8,1459.4,25.0,1573.68,3181.64,3540.0,,,,,0.0,0.0,190.0,238.0,142.5,,,,,,,,25.0,465631.008,2097152.0,0.0;0.0;0.0;0.0;0.0;0.0;0.0;0.0;0.0;0.0;0.0;0.0;0.0;0.0;0.0;0.0;0.0;0.0;0.0;0.0;0.0;0.0;0.0;0.0;0.0,0.0,0.0,0.0,0.0,126191.0;126054.0;118166.0;120987.0;120646.0;117953.0;123051.0;116952.0;65536.0;65536.0;65536.0;65536.0;65536.0;65536.0;116747.0;117301.0;65536.0;115549.0;65536.0;65536.0;65536.0;125030.0;116436.0;126016.0;65536.0,96319.0,126191.0,65536.0,-60655.0,2097152.0;2097152.0;2097152.0;2097152.0;2097152.0;2097152.0;2097152.0;2095452.0;2095642.0;2089816.0;2084476.0;2031616.0;2031616.0;2031616.0;2031616.0;2031616.0;2031616.0;2031616.0;2031616.0;2031616.0;2031616.0;2031616.0;2031616.0;2031616.0;2031616.0,2059522.96,2097152.0,2031616.0,-65536.0,65536.0;131072.0;65536.0;0.0;129140.0;65536.0;0.0;65536.0;65536.0;0.0;0.0;0.0;0.0;65536.0;65536.0;0.0;65536.0;0.0;131072.0;0.0;0.0;0.0;65536.0;0.0;65536.0,41865.76,131072.0,65536.0,0.0,131072.0;131072.0;131072.0;131072.0;131072.0;131072.0;117475.0;131072.0;129163.0;130961.0;131072.0;131072.0;131072.0;131072.0;131072.0;131072.0;131072.0;131072.0;131072.0;131072.0;131072.0;131072.0;131072.0;131072.0;131072.0,130447.32,131072.0,131072.0,0.0,0.0,70.0,169619.0,<=,130447.32,1.0,620.0,121.68,,0.0,180000.0,100000.0,130447.32,2059522.96,41865.76,
unknown,20260812_100504,0.0,2026-08-12 10:05:13,70.0,1492.0,247.5,2.0,1.2756823709933087,46.166666666666664,90.0,277.0,,,claw_machine,25.0,4.356710392006789,49.08,51.0,0.6881860213634101,47.0,-4.0,267.28,270.0,1.4837789592793127,266.0,-3.0,61.76,63.0,0.8616263691415206,63.0,1.0,83.96,85.0,0.44542114902640173,84.0,0.0,41.32,43.0,0.6144916598294886,41.0,0.0,31.16,32.0,0.7310266752998826,31.0,0.0,25.16,27.0,0.5425863986500215,25.0,-2.0,23.92,24.0,0.39191835884530846,22.0,-2.0,,,,,,0.0,,,,,,,,,,,,,,,,,,,,,,,,,,,,,,,,,,,,,,,,,,,,,,,,,,,,,,,,,,,,,1740.0,-26.0,1222.0,33.0,59.0,1.0,1.6407262409920804,1258.0,71.0,1739.0,-1.0,1240.0,89.0,90.0,1.0,0.3650438699987717,1726.0,77.0,1741.0,31.0,1370.0,74.0,43.0,0.0,,,,1739.0,0.0,1367.0,31.0,31.0,0.0,,,,1499.0,-7.0,1356.0,21.0,28.0,0.0,,,,1049.0,2.0,914.0,28.0,26.0,0.0,,,,,,,0.0,middle,last,0.1464,>=,miss_grasp,,NONE,1.0,,2.0,247.5,1492.0,25.0,49.08,267.28,277.0,,,,,1.0,0.0,190.0,238.0,142.5,,,,,,,,25.0,11863.504,196608.0,0.0;0.0;0.0;0.0;0.0;0.0;0.0;0.0;0.0;0.0;0.0;0.0;0.0;0.0;0.0;0.0;0.0;0.0;0.0;0.0;0.0;0.0;0.0;0.0;0.0,0.0,0.0,0.0,0.0,0.0;0.0;0.0;0.0;0.0;0.0;0.0;0.0;0.0;0.0;0.0;0.0;0.0;0.0;0.0;0.0;0.0;0.0;0.0;0.0;0.0;0.0;0.0;0.0;0.0,0.0,0.0,0.0,0.0,0.0;0.0;0.0;0.0;0.0;0.0;0.0;0.0;0.0;0.0;0.0;0.0;0.0;0.0;0.0;0.0;0.0;0.0;0.0;0.0;0.0;0.0;0.0;0.0;0.0,0.0,0.0,0.0,0.0,131072.0;0.0;131072.0;127110.0;65536.0;65536.0;0.0;65536.0;0.0;0.0;57387.0;0.0;65536.0;65536.0;128491.0;129758.0;0.0;0.0;57152.0;0.0;196608.0;0.0;65536.0;0.0;131072.0,59317.52,196608.0,131072.0,0.0,0.0;0.0;0.0;0.0;0.0;0.0;0.0;0.0;0.0;0.0;0.0;0.0;0.0;0.0;0.0;0.0;0.0;0.0;0.0;0.0;0.0;0.0;0.0;0.0;0.0,0.0,0.0,0.0,0.0,0.0,70.0,169619.0,<=,0.0,0.0,31.0,31.16,,0.0,180000.0,100000.0,0.0,0.0,59317.52,
unknown,20260812_100619,0.0,2026-08-12 10:06:28,70.0,1592.5,148.0,2.0,1.0935564669925952,45.333333333333336,98.0,272.0,,,claw_machine,26.0,4.518135101010557,50.23076923076923,52.0,1.0851335368973758,50.0,-1.0,257.84615384615387,261.0,1.9551176964828976,256.0,-2.0,41.46153846153846,42.0,0.9294650748918901,42.0,1.0,91.11538461538461,92.0,0.31948553318915673,91.0,0.0,42.73076923076923,43.0,0.5231334811052094,42.0,0.0,32.30769230769231,33.0,0.910166120476864,31.0,-2.0,25.923076923076923,27.0,0.8736782070461959,25.0,-2.0,24.307692307692307,26.0,0.5384615384615384,25.0,1.0,,,,,,0.0,,,,,,,,,,,,,,,,,,,,,,,,,,,,,,,,,,,,,,,,,,,,,,,,,,,,,,,,,,,,,1742.0,-2.0,1205.0,49.0,51.0,1.0,0.18157665799662936,1732.0,88.0,1739.0,-8.0,1239.0,90.0,98.0,1.0,1.2751331249892246,1453.0,70.0,1739.0,31.0,1369.0,73.0,42.0,0.0,,,,1742.0,0.0,1373.0,27.0,27.0,0.0,,,,1499.0,-7.0,1356.0,21.0,28.0,0.0,,,,1052.0,0.0,914.0,26.0,26.0,0.0,,,,,,,0.0,middle,last,0.1464,>=,miss_grasp,,NONE,1.0,,2.0,148.0,1592.5,26.0,50.23076923076923,257.84615384615387,272.0,,,,,1.0,0.0,190.0,238.0,142.5,,,,,,,,26.0,504.12307692307695,65536.0,0.0;0.0;0.0;0.0;0.0;0.0;0.0;0.0;0.0;0.0;0.0;0.0;0.0;0.0;0.0;0.0;0.0;0.0;0.0;0.0;0.0;0.0;0.0;0.0;0.0;0.0,0.0,0.0,0.0,0.0,0.0;0.0;0.0;0.0;0.0;0.0;0.0;0.0;0.0;0.0;0.0;0.0;0.0;0.0;0.0;0.0;0.0;0.0;0.0;0.0;0.0;0.0;0.0;0.0;0.0;0.0,0.0,0.0,0.0,0.0,0.0;0.0;0.0;0.0;0.0;0.0;0.0;0.0;0.0;0.0;0.0;0.0;0.0;0.0;0.0;0.0;0.0;0.0;0.0;0.0;0.0;0.0;0.0;0.0;0.0;0.0,0.0,0.0,0.0,0.0,0.0;0.0;0.0;0.0;0.0;0.0;0.0;0.0;0.0;0.0;0.0;0.0;0.0;0.0;0.0;0.0;0.0;0.0;0.0;65536.0;0.0;0.0;0.0;0.0;0.0;0.0,2520.6153846153848,65536.0,0.0,0.0,0.0;0.0;0.0;0.0;0.0;0.0;0.0;0.0;0.0;0.0;0.0;0.0;0.0;0.0;0.0;0.0;0.0;0.0;0.0;0.0;0.0;0.0;0.0;0.0;0.0;0.0,0.0,0.0,0.0,0.0,0.0,70.0,169619.0,<=,0.0,0.0,27.0,32.30769230769231,,0.0,180000.0,100000.0,0.0,0.0,2520.6153846153848,
unknown,20260812_100706,0.0,2026-08-12 10:07:15,70.0,1450.6666666666667,208.66666666666666,4.0,0.5498950269975467,50.5,98.0,303.0,,,claw_machine,25.0,4.344833299997845,45.32,47.0,0.6764613810115105,46.0,-1.0,278.72,283.0,1.6857046004564382,283.0,6.0,64.24,66.0,1.068831137270991,66.0,3.0,93.52,94.0,0.8059776671843953,94.0,2.0,42.84,43.0,0.3666060555964672,43.0,0.0,32.8,34.0,0.565685424949238,34.0,2.0,23.0,23.0,0.0,23.0,0.0,22.32,24.0,0.6764613810115105,23.0,-1.0,,,,,,0.0,,,,,,,,,,,,,,,,,,,,,,,,,,,,,,,,,,,,,,,,,,,,,,,,,,,,,,,,,,,,,1740.0,-26.0,1204.0,57.0,83.0,1.0,1.2799666350038024,1374.0,84.0,1739.0,-9.0,1241.0,89.0,98.0,1.0,0.7300716080062557,1619.0,92.0,1741.0,31.0,1370.0,74.0,43.0,0.0,,,,1742.0,0.0,1375.0,31.0,31.0,0.0,,,,1499.0,-7.0,1358.0,16.0,23.0,1.0,1.2799666350038024,1359.0,356.0,1049.0,0.0,913.0,25.0,25.0,1.0,1.2799666350038024,913.0,294.0,,,,0.0,middle,last,0.1464,>=,miss_grasp,,NONE,1.0,,4.0,208.66666666666666,1450.6666666666667,25.0,45.32,278.72,303.0,,,,,1.0,0.0,190.0,238.0,142.5,,,,,,,,25.0,3040.224,117884.0,0.0;0.0;0.0;0.0;0.0;0.0;0.0;0.0;0.0;0.0;0.0;0.0;0.0;0.0;0.0;0.0;0.0;0.0;0.0;0.0;0.0;0.0;0.0;0.0;0.0,0.0,0.0,0.0,0.0,0.0;0.0;0.0;0.0;0.0;0.0;0.0;0.0;0.0;0.0;0.0;0.0;0.0;0.0;0.0;0.0;0.0;0.0;0.0;0.0;0.0;0.0;0.0;0.0;0.0,0.0,0.0,0.0,0.0,0.0;0.0;0.0;0.0;0.0;0.0;0.0;0.0;0.0;0.0;0.0;0.0;0.0;0.0;0.0;0.0;0.0;0.0;0.0;0.0;0.0;0.0;0.0;0.0;0.0,0.0,0.0,0.0,0.0,0.0;0.0;0.0;0.0;0.0;65536.0;0.0;0.0;0.0;0.0;0.0;0.0;0.0;0.0;0.0;65536.0;0.0;0.0;0.0;65536.0;0.0;117884.0;0.0;0.0;65536.0,15201.12,117884.0,65536.0,65536.0,0.0;0.0;0.0;0.0;0.0;0.0;0.0;0.0;0.0;0.0;0.0;0.0;0.0;0.0;0.0;0.0;0.0;0.0;0.0;0.0;0.0;0.0;0.0;0.0;0.0,0.0,0.0,0.0,0.0,0.0,70.0,169619.0,<=,0.0,0.0,31.0,32.8,,0.0,180000.0,100000.0,0.0,0.0,15201.12,
unknown,20260812_100855,0.0,2026-08-12 10:09:04,70.0,1454.0,287.0,1.0,0.0,48.833333333333336,102.0,293.0,,,claw_machine,25.0,4.359694130995194,51.2,52.0,0.938083151964686,51.0,-1.0,283.8,287.0,1.624807680927192,282.0,-3.0,62.72,65.0,0.96,61.0,-3.0,94.72,95.0,0.664529909033446,95.0,2.0,42.8,43.0,0.4898979485566356,43.0,1.0,32.36,34.0,0.932952303175248,32.0,-2.0,27.0,27.0,0.0,27.0,0.0,24.2,25.0,0.938083151964686,24.0,-1.0,,,,,,0.0,,,,,,,,,,,,,,,,,,,,,,,,,,,,,,,,,,,,,,,,,,,,,,,,,,,,,,,,,,,,,1740.0,-26.0,1222.0,36.0,62.0,0.0,,,,1741.0,-10.0,1244.0,92.0,102.0,1.0,1.2735013839992462,1454.0,74.0,1741.0,31.0,1370.0,75.0,44.0,0.0,,,,1742.0,-1.0,1375.0,29.0,30.0,0.0,,,,1499.0,-7.0,1356.0,23.0,30.0,0.0,,,,1052.0,-3.0,913.0,22.0,25.0,0.0,,,,,,,0.0,middle,last,0.1464,>=,miss_grasp,,NONE,1.0,,1.0,287.0,1454.0,25.0,51.2,283.8,293.0,,,,,1.0,0.0,190.0,238.0,142.5,,,,,,,,25.0,6695.888,184613.0,0.0;0.0;0.0;0.0;0.0;0.0;0.0;0.0;0.0;0.0;0.0;0.0;0.0;0.0;0.0;0.0;0.0;0.0;0.0;0.0;0.0;0.0;0.0;0.0;0.0,0.0,0.0,0.0,0.0,0.0;0.0;0.0;0.0;0.0;0.0;0.0;0.0;0.0;0.0;0.0;0.0;0.0;0.0;0.0;0.0;0.0;0.0;0.0;0.0;0.0;0.0;0.0;0.0;0.0,0.0,0.0,0.0,0.0,0.0;0.0;0.0;0.0;0.0;0.0;0.0;0.0;0.0;0.0;0.0;0.0;0.0;0.0;0.0;0.0;0.0;0.0;0.0;0.0;0.0;0.0;0.0;0.0;0.0,0.0,0.0,0.0,0.0,0.0;65536.0;0.0;0.0;0.0;0.0;57114.0;0.0;184613.0;118235.0;59056.0;0.0;0.0;0.0;0.0;59534.0;56060.0;119419.0;0.0;0.0;0.0;0.0;0.0;65536.0;51883.0,33479.44,184613.0,51883.0,51883.0,0.0;0.0;0.0;0.0;0.0;0.0;0.0;0.0;0.0;0.0;0.0;0.0;0.0;0.0;0.0;0.0;0.0;0.0;0.0;0.0;0.0;0.0;0.0;0.0;0.0,0.0,0.0,0.0,0.0,0.0,70.0,169619.0,<=,0.0,0.0,30.0,32.36,,0.0,180000.0,100000.0,0.0,0.0,33479.44,
unknown,20260812_104615,0.0,2026-08-12 10:46:24,70.0,1394.3333333333333,264.6666666666667,4.0,0.7256986130087171,295.1666666666667,912.0,1771.0,,,claw_machine,25.0,4.361943823998445,707.56,711.0,1.7681628884240275,705.0,-6.0,1725.64,1735.0,4.117086348377939,1723.0,-12.0,61.6,63.0,1.2649110640673518,63.0,0.0,838.6,841.0,1.697056274847714,836.0,-5.0,86.32,88.0,0.6144916598294886,87.0,-1.0,31.56,32.0,0.7525955088890712,32.0,0.0,392.72,394.0,0.96,392.0,-2.0,314.84,317.0,1.0071742649611337,313.0,-4.0,,,,,,0.0,,,,,,,,,,,,,,,,,,,,,,,,,,,,,,,,,,,,,,,,,,,,,,,,,,,,,,,,,,,,,1739.0,-23.0,1222.0,37.0,60.0,0.0,,,,1739.0,-10.0,1285.0,902.0,912.0,1.0,1.2825523319916101,1459.0,140.0,1739.0,28.0,1369.0,106.0,78.0,1.0,2.008250945000327,1369.0,78.0,1739.0,-7.0,1369.0,23.0,30.0,0.0,,,,1499.0,-5.0,1355.0,362.0,367.0,1.0,1.463276403999771,1355.0,196.0,1049.0,-14.0,914.0,310.0,324.0,1.0,1.463276403999771,914.0,200.0,C,0.13485457897530603,3.2179615720621415,0.0,middle,last,0.1464,>=,ok,,C,0.13485457897530603,3.2179615720621415,4.0,264.6666666666667,1394.3333333333333,25.0,707.56,1725.64,1771.0,,,,,0.0,0.0,190.0,238.0,142.5,,,,,,,,25.0,108654.8,393216.0,0.0;0.0;0.0;0.0;0.0;0.0;0.0;0.0;0.0;0.0;0.0;0.0;0.0;0.0;0.0;0.0;0.0;0.0;0.0;0.0;0.0;0.0;0.0;0.0;0.0,0.0,0.0,0.0,0.0,393216.0;393216.0;393216.0;393216.0;393216.0;391083.0;393216.0;393216.0;389589.0;393216.0;393216.0;393216.0;393216.0;393216.0;393216.0;393216.0;393216.0;390469.0;393216.0;393216.0;393216.0;393216.0;393216.0;393216.0;393216.0,392875.72,393216.0,393216.0,0.0,0.0;0.0;0.0;0.0;0.0;0.0;0.0;0.0;0.0;0.0;0.0;0.0;0.0;0.0;0.0;0.0;0.0;0.0;0.0;0.0;0.0;0.0;0.0;0.0;0.0,0.0,0.0,0.0,0.0,131072.0;52550.0;123448.0;65536.0;65536.0;131072.0;65536.0;65536.0;65536.0;131072.0;130245.0;65536.0;65536.0;65536.0;65536.0;65536.0;65536.0;62107.0;65536.0;117592.0;53557.0;65536.0;65133.0;65536.0;0.0,76614.08,131072.0,0.0,-131072.0,65536.0;65536.0;65536.0;117108.0;65536.0;65536.0;117002.0;65536.0;65536.0;65536.0;117465.0;65536.0;65536.0;65536.0;65536.0;65536.0;65536.0;65536.0;116774.0;65536.0;65536.0;65536.0;65536.0;65536.0;65536.0,73784.2,117465.0,65536.0,0.0,0.0,70.0,169619.0,<=,73784.2,0.0,30.0,31.56,,0.0,180000.0,100000.0,73784.2,0.0,76614.08,
unknown,20260812_104748,0.0,2026-08-12 10:47:56,70.0,1452.0,208.0,4.0,0.5465157380094752,479.8333333333333,1058.0,2879.0,,,claw_machine,25.0,4.3655392569926335,1595.48,1608.0,6.119607830572152,1587.0,-21.0,3032.0,3060.0,13.685028315644802,3012.0,-48.0,41.16,42.0,0.9666436778875658,42.0,0.0,803.2,809.0,3.0724582991474434,799.0,-10.0,563.28,573.0,4.951928917098871,556.0,-17.0,28.88,30.0,0.9086253353280438,28.0,0.0,1024.16,1033.0,4.584146594514621,1018.0,-15.0,571.32,575.0,1.6178998732925347,569.0,-6.0,,,,,,0.0,,,,,,,,,,,,,,,,,,,,,,,,,,,,,,,,,,,,,,,,,,,,,,,,,,,,,,,,,,,,,1740.0,-24.0,1204.0,115.0,139.0,1.0,1.276011895010015,1376.0,121.0,1741.0,-10.0,1393.0,1048.0,1058.0,1.0,0.7294961570005398,1619.0,76.0,1741.0,28.0,1422.0,84.0,56.0,0.0,,,,1743.0,-7.0,1417.0,17.0,24.0,0.0,,,,1499.0,-3.0,1362.0,968.0,971.0,1.0,1.276011895010015,1361.0,558.0,1052.0,-19.0,930.0,612.0,631.0,1.0,1.276011895010015,914.0,359.0,A,0.16408562973846202,2.4368620722849155,0.0,middle,last,0.1464,>=,ab_proximity_assist,,B,0.9716369038845885,,4.0,208.0,1452.0,25.0,1595.48,3032.0,2879.0,,,,,0.0,0.0,190.0,238.0,142.5,,,,,,,,25.0,132106.96,262144.0,0.0;0.0;0.0;0.0;0.0;0.0;0.0;0.0;0.0;0.0;0.0;0.0;0.0;0.0;0.0;0.0;0.0;0.0;0.0;0.0;0.0;0.0;0.0;0.0;0.0,0.0,0.0,0.0,0.0,131072.0;131072.0;131072.0;131072.0;131072.0;131072.0;131072.0;131072.0;131072.0;131072.0;131072.0;131072.0;131072.0;131072.0;131072.0;131072.0;131072.0;131072.0;131072.0;131072.0;131072.0;131072.0;131072.0;131072.0;131072.0,131072.0,131072.0,131072.0,0.0,262144.0;262144.0;262144.0;262144.0;262144.0;262144.0;262144.0;261754.0;262144.0;262144.0;261641.0;262144.0;262144.0;262144.0;262144.0;261792.0;262144.0;261405.0;262144.0;260821.0;260473.0;261701.0;261868.0;262144.0;260708.0,261858.68,262144.0,260708.0,-1436.0,0.0;0.0;65536.0;0.0;65536.0;65536.0;0.0;62973.0;0.0;0.0;64410.0;0.0;65536.0;0.0;0.0;0.0;0.0;0.0;0.0;0.0;0.0;0.0;0.0;0.0;0.0,15581.08,65536.0,0.0,0.0,254779.0;252944.0;248271.0;250827.0;256456.0;249750.0;252049.0;253573.0;256896.0;253392.0;253733.0;255409.0;250964.0;254636.0;249440.0;253513.0;252906.0;253073.0;248014.0;249440.0;248703.0;250137.0;253148.0;248370.0;250153.0,252023.04,256896.0,250153.0,-4626.0,1.0,70.0,169619.0,<=,252023.04,0.0,24.0,28.88,B,0.0,180000.0,100000.0,252023.04,261858.68,15581.08,
unknown,20260812_115720,0.0,2026-08-12 11:57:29,70.0,1462.5,217.0,5.0,0.9182573900034185,256.0,574.0,1536.0,,,claw_machine,25.0,4.358212748004007,700.32,723.0,11.4497860242015,683.0,-40.0,1237.8,1271.0,17.297398648351724,1213.0,-58.0,65.84,67.0,0.6118823416311342,66.0,0.0,337.28,344.0,3.914281543272022,332.0,-12.0,99.4,101.0,0.938083151964686,98.0,-3.0,34.96,38.0,1.1825396399275587,34.0,-3.0,441.72,458.0,8.185450506844447,430.0,-28.0,258.6,265.0,3.3226495451672298,253.0,-12.0,,,,,,0.0,,,,,,,,,,,,,,,,,,,,,,,,,,,,,,,,,,,,,,,,,,,,,,,,,,,,,,,,,,,,,1740.0,-6.0,1223.0,57.0,63.0,1.0,0.9190545790042961,1490.0,96.0,1740.0,-6.0,1324.0,477.0,483.0,1.0,0.9190545790042961,1563.0,104.0,1739.0,29.0,1377.0,117.0,88.0,1.0,1.8373119690077147,1420.0,92.0,1740.0,-7.0,1369.0,23.0,30.0,0.0,,,,1499.0,0.0,1354.0,574.0,574.0,1.0,1.1019659110024804,1377.0,484.0,1049.0,-23.0,914.0,275.0,298.0,1.0,1.1019659110024804,914.0,279.0,C,0.05759691812374099,3.577961499848043,0.0,middle,last,0.1464,>=,ok,,C,0.05759691812374099,3.577961499848043,5.0,217.0,1462.5,25.0,700.32,1237.8,1536.0,,,,,0.0,0.0,190.0,238.0,142.5,,,,,,,,25.0,42842.216,191696.0,0.0;0.0;0.0;0.0;0.0;0.0;0.0;0.0;0.0;0.0;0.0;0.0;0.0;0.0;0.0;0.0;0.0;0.0;0.0;0.0;0.0;0.0;0.0;0.0;0.0,0.0,0.0,0.0,0.0,131072.0;131072.0;181252.0;131072.0;191696.0;131072.0;131072.0;182154.0;186030.0;182366.0;181115.0;131072.0;131072.0;131072.0;131072.0;131072.0;131072.0;131072.0;131072.0;181828.0;131072.0;131072.0;131072.0;185014.0;131072.0,147987.16,191696.0,131072.0,0.0,65536.0;65536.0;65536.0;65536.0;65126.0;65118.0;65536.0;62729.0;64655.0;62426.0;59050.0;59695.0;58269.0;60757.0;57935.0;56198.0;60545.0;59392.0;58557.0;59832.0;58959.0;59634.0;57177.0;54347.0;60340.0,61136.84,65536.0,60340.0,-5196.0,0.0;0.0;0.0;0.0;0.0;61641.0;0.0;0.0;0.0;65536.0;0.0;0.0;0.0;0.0;0.0;0.0;0.0;0.0;0.0;0.0;0.0;0.0;0.0;0.0;0.0,5087.08,65536.0,0.0,0.0,0.0;0.0;0.0;0.0;0.0;0.0;0.0;0.0;0.0;0.0;0.0;0.0;0.0;0.0;0.0;0.0;0.0;0.0;0.0;0.0;0.0;0.0;0.0;0.0;0.0,0.0,0.0,0.0,0.0,0.0,70.0,169619.0,<=,0.0,0.0,30.0,34.96,,0.0,180000.0,100000.0,0.0,61136.84,5087.08,
unknown,20260812_121556,0.0,2026-08-12 12:16:04,70.0,1449.6666666666667,209.66666666666666,4.0,0.5592183010012377,490.6666666666667,987.0,2944.0,,,claw_machine,25.0,4.355909801000962,1541.24,1550.0,3.972706885739244,1537.0,-13.0,2611.36,2623.0,6.208896842435055,2602.0,-21.0,511.88,516.0,2.268391500601252,509.0,-6.0,224.2,225.0,0.7483314773547883,224.0,1.0,311.68,314.0,1.1565465835840767,310.0,-4.0,22.36,24.0,0.932952303175248,22.0,1.0,952.68,958.0,2.44491308638978,950.0,-8.0,588.56,592.0,1.576832267554162,587.0,-5.0,,,,,,0.0,,,,,,,,,,,,,,,,,,,,,,,,,,,,,,,,,,,,,,,,,,,,,,,,,,,,,,,,,,,,,1740.0,1.0,1306.0,413.0,412.0,1.0,1.2903135149972513,1375.0,257.0,1739.0,-7.0,1435.0,946.0,953.0,1.0,0.7310952139960136,1612.0,99.0,1742.0,28.0,1460.0,72.0,44.0,0.0,,,,1742.0,-7.0,1457.0,15.0,22.0,0.0,,,,1499.0,1.0,1363.0,988.0,987.0,1.0,1.2903135149972513,1362.0,660.0,1049.0,-23.0,920.0,503.0,526.0,1.0,1.2903135149972513,912.0,376.0,A,0.35265526456224744,1.8542378657688472,0.0,middle,last,0.1464,>=,ab_proximity_assist,,B,0.3663797098202443,,4.0,209.66666666666666,1449.6666666666667,25.0,1541.24,2611.36,2944.0,,,,,0.0,0.0,190.0,238.0,142.5,,,,,,,,25.0,110719.928,248547.0,65536.0;65536.0;65536.0;65536.0;65536.0;65536.0;65536.0;65536.0;65536.0;65536.0;65536.0;63224.0;65173.0;65536.0;65536.0;65158.0;65136.0;65037.0;65536.0;65536.0;65536.0;65536.0;65536.0;64384.0;65536.0,65331.84,65536.0,65536.0,0.0,65536.0;65536.0;65536.0;65536.0;65536.0;65536.0;65536.0;65536.0;65536.0;65536.0;65536.0;65536.0;65536.0;65536.0;65536.0;65536.0;65536.0;65536.0;65536.0;65536.0;65536.0;65536.0;65536.0;65536.0;65536.0,65536.0,65536.0,65536.0,0.0,196608.0;196608.0;196608.0;196608.0;196608.0;196608.0;196608.0;196608.0;196608.0;196608.0;196608.0;196608.0;196608.0;196608.0;196608.0;196608.0;196608.0;196608.0;196608.0;196608.0;196608.0;196608.0;196608.0;196608.0;196608.0,196608.0,196608.0,196608.0,0.0,0.0;0.0;0.0;58364.0;65536.0;61398.0;57294.0;65536.0;65536.0;0.0;65536.0;0.0;0.0;65536.0;0.0;0.0;65536.0;65536.0;0.0;0.0;0.0;0.0;0.0;0.0;0.0,25432.32,65536.0,0.0,0.0,248547.0;196608.0;196608.0;196608.0;246756.0;196608.0;196608.0;196608.0;196608.0;196608.0;196608.0;196608.0;196608.0;196608.0;196608.0;196608.0;196608.0;196608.0;196608.0;196608.0;196608.0;196608.0;196608.0;196608.0;196608.0,200691.48,248547.0,196608.0,-51939.0,1.0,70.0,169619.0,<=,200691.48,0.0,22.0,22.36,B,0.0,180000.0,100000.0,200691.48,196608.0,25432.32,
unknown,20260812_132134,0.0,2026-08-12 13:21:43,70.0,1355.3333333333333,304.3333333333333,4.0,0.368212289999974,286.8333333333333,883.0,1721.0,,,claw_machine,25.0,4.342491553999935,685.56,690.0,2.624195114697076,683.0,-7.0,1620.76,1630.0,5.255701665810189,1614.0,-16.0,55.4,56.0,0.8944271909999159,56.0,0.0,766.4,770.0,2.078460969082653,764.0,-6.0,77.96,79.0,0.9583318840568752,77.0,-2.0,35.44,36.0,0.8039900496896712,34.0,-1.0,376.48,379.0,1.6277591959500644,375.0,-4.0,309.08,311.0,1.0552724766618335,308.0,-3.0,,,,,,0.0,,,,,,,,,,,,,,,,,,,,,,,,,,,,,,,,,,,,,,,,,,,,,,,,,,,,,,,,,,,,,1740.0,15.0,1223.0,68.0,53.0,1.0,1.6457845949998955,1258.0,87.0,1740.0,-2.0,1290.0,881.0,883.0,1.0,1.2775723049999215,1452.0,223.0,1741.0,31.0,1370.0,94.0,63.0,0.0,,,,1742.0,-1.0,1368.0,30.0,31.0,0.0,,,,1499.0,1.0,1356.0,361.0,360.0,1.0,1.2775723049999215,1356.0,112.0,1050.0,-19.0,913.0,312.0,331.0,1.0,1.2775723049999215,913.0,110.0,C,0.17546595311766391,3.109108756209079,0.0,middle,last,0.1464,>=,ok,,C,0.17546595311766391,3.109108756209079,4.0,304.3333333333333,1355.3333333333333,25.0,685.56,1620.76,1721.0,,,,,0.0,0.0,190.0,238.0,142.5,,,,,,,,25.0,103105.472,452931.0,0.0;0.0;0.0;0.0;0.0;0.0;0.0;0.0;0.0;0.0;0.0;0.0;0.0;0.0;0.0;0.0;0.0;0.0;0.0;0.0;0.0;0.0;0.0;0.0;0.0,0.0,0.0,0.0,0.0,393216.0;393216.0;393216.0;393216.0;393216.0;393216.0;393216.0;393216.0;393216.0;393216.0;393216.0;393216.0;393216.0;393216.0;393216.0;393216.0;393216.0;393216.0;452931.0;393216.0;393216.0;393216.0;393216.0;393216.0;393216.0,395604.6,452931.0,393216.0,0.0,0.0;0.0;0.0;0.0;0.0;0.0;0.0;0.0;0.0;0.0;0.0;0.0;0.0;0.0;0.0;0.0;0.0;0.0;0.0;0.0;0.0;0.0;0.0;0.0;0.0,0.0,0.0,0.0,0.0,0.0;0.0;0.0;0.0;0.0;0.0;0.0;0.0;0.0;0.0;0.0;0.0;0.0;0.0;0.0;0.0;0.0;0.0;0.0;0.0;0.0;54697.0;0.0;0.0;0.0,2187.88,54697.0,0.0,0.0,117763.0;117877.0;117194.0;121002.0;117937.0;117164.0;117983.0;117490.0;118658.0;117907.0;116701.0;118757.0;117361.0;117005.0;115738.0;118598.0;117498.0;118969.0;117869.0;116921.0;117998.0;117498.0;115798.0;117801.0;117885.0,117734.88,121002.0,117885.0,122.0,0.0,70.0,169619.0,<=,117734.88,0.0,31.0,35.44,,0.0,180000.0,100000.0,117734.88,0.0,2187.88,
unknown,20260812_132805,0.0,2026-08-12 13:28:14,70.0,1498.3333333333333,161.0,4.0,0.9159762709996357,427.8333333333333,1029.0,2567.0,,,claw_machine,25.0,4.351219984999716,1158.68,1201.0,19.6463126311275,1132.0,-69.0,2110.0,2240.0,58.02964759500095,2037.0,-203.0,166.16,175.0,6.21404859974558,175.0,22.0,434.76,477.0,18.54352717257426,412.0,-65.0,319.76,379.0,26.420113550096637,287.0,-92.0,30.64,32.0,0.6858571279792899,31.0,1.0,720.48,754.0,15.710175046765073,699.0,-55.0,438.2,447.0,3.9597979746446663,433.0,-14.0,,,,,,0.0,,,,,,,,,,,,,,,,,,,,,,,,,,,,,,,,,,,,,,,,,,,,,,,,,,,,,,,,,,,,,1740.0,14.0,1262.0,148.0,134.0,1.0,0.3650538870001583,1676.0,81.0,1739.0,-2.0,1382.0,1027.0,1029.0,1.0,1.281030157999794,1462.0,415.0,1741.0,29.0,1421.0,70.0,41.0,0.0,,,,1742.0,-1.0,1419.0,25.0,26.0,0.0,,,,1499.0,1.0,1357.0,824.0,823.0,1.0,1.281030157999794,1357.0,248.0,1051.0,-22.0,921.0,492.0,514.0,1.0,1.281030157999794,912.0,276.0,A,0.17849723456396308,2.8941100942088265,0.0,middle,last,0.1464,>=,ab_proximity_assist,,A,0.45451276095248766,,4.0,161.0,1498.3333333333333,25.0,1158.68,2110.0,2567.0,,,,,0.0,0.0,190.0,238.0,142.5,,,,,,,,25.0,209072.392,843390.0,0.0;0.0;0.0;0.0;0.0;0.0;0.0;0.0;0.0;0.0;0.0;0.0;0.0;0.0;0.0;0.0;0.0;0.0;0.0;0.0;0.0;0.0;0.0;0.0;0.0,0.0,0.0,0.0,0.0,196608.0;196608.0;196608.0;196608.0;196608.0;196608.0;196608.0;196608.0;196608.0;196608.0;196608.0;196608.0;196608.0;196608.0;196608.0;196608.0;196608.0;196608.0;258125.0;247217.0;196608.0;258064.0;196608.0;196608.0;196608.0,203551.28,258125.0,196608.0,0.0,843390.0;786432.0;786432.0;786432.0;777300.0;772445.0;720896.0;720896.0;720896.0;720896.0;720896.0;720896.0;713812.0;706583.0;655360.0;655360.0;655360.0;655360.0;655360.0;655360.0;655360.0;655360.0;655360.0;655360.0;655360.0,708286.48,843390.0,655360.0,-188030.0,0.0;0.0;0.0;0.0;0.0;0.0;0.0;0.0;0.0;0.0;0.0;0.0;0.0;0.0;0.0;0.0;0.0;0.0;0.0;61305.0;0.0;0.0;0.0;0.0;0.0,2452.2,61305.0,0.0,0.0,131072.0;131072.0;131072.0;131072.0;131072.0;131072.0;131072.0;131072.0;131072.0;131072.0;131072.0;131072.0;131072.0;131072.0;131072.0;131072.0;131072.0;131072.0;131072.0;131072.0;131072.0;131072.0;131072.0;131072.0;131072.0,131072.0,131072.0,131072.0,0.0,1.0,70.0,169619.0,<=,131072.0,0.0,26.0,30.64,A,0.0,180000.0,100000.0,131072.0,708286.48,2452.2,
unknown,20260812_133626,0.0,2026-08-12 13:36:35,70.0,1335.0,404.0,2.0,0.549251379999987,54.833333333333336,106.0,329.0,,,claw_machine,25.0,4.362256243000047,55.12,56.0,0.32496153618543844,56.0,1.0,294.32,298.0,1.5419468213917107,294.0,1.0,61.32,62.0,0.881816307401944,60.0,0.0,92.88,94.0,0.9086253353280438,92.0,-2.0,50.08,52.0,0.6273754856543249,50.0,0.0,34.92,36.0,0.9346657156438338,36.0,2.0,31.0,31.0,0.0,31.0,0.0,24.12,25.0,0.32496153618543844,25.0,1.0,,,,,,0.0,,,,,,,,,,,,,,,,,,,,,,,,,,,,,,,,,,,,,,,,,,,,,,,,,,,,,,,,,,,,,1739.0,13.0,1219.0,71.0,58.0,1.0,1.8303916579998258,1214.0,76.0,1739.0,-5.0,1240.0,101.0,106.0,1.0,1.2811402779998389,1456.0,72.0,1741.0,28.0,1370.0,74.0,46.0,0.0,,,,1743.0,-3.0,1378.0,62.0,65.0,0.0,,,,1499.0,1.0,1355.0,32.0,31.0,0.0,,,,1050.0,-18.0,913.0,5.0,23.0,0.0,,,,,,,0.0,middle,last,0.1464,>=,miss_grasp,,NONE,1.0,,2.0,404.0,1335.0,25.0,55.12,294.32,329.0,,,,,1.0,1.0,190.0,238.0,142.5,,,,,,,,25.0,448.192,56024.0,0.0;0.0;0.0;0.0;0.0;0.0;0.0;0.0;0.0;0.0;0.0;0.0;0.0;0.0;0.0;0.0;0.0;0.0;0.0;0.0;0.0;0.0;0.0;0.0;0.0,0.0,0.0,0.0,0.0,0.0;0.0;0.0;0.0;0.0;0.0;0.0;0.0;0.0;0.0;0.0;0.0;0.0;0.0;0.0;0.0;0.0;0.0;0.0;0.0;0.0;0.0;0.0;0.0;0.0,0.0,0.0,0.0,0.0,0.0;0.0;0.0;0.0;0.0;0.0;0.0;0.0;0.0;0.0;0.0;0.0;0.0;0.0;0.0;0.0;0.0;0.0;0.0;0.0;0.0;0.0;0.0;0.0;0.0,0.0,0.0,0.0,0.0,0.0;0.0;0.0;56024.0;0.0;0.0;0.0;0.0;0.0;0.0;0.0;0.0;0.0;0.0;0.0;0.0;0.0;0.0;0.0;0.0;0.0;0.0;0.0;0.0;0.0,2240.96,56024.0,0.0,0.0,0.0;0.0;0.0;0.0;0.0;0.0;0.0;0.0;0.0;0.0;0.0;0.0;0.0;0.0;0.0;0.0;0.0;0.0;0.0;0.0;0.0;0.0;0.0;0.0;0.0,0.0,0.0,0.0,0.0,0.0,70.0,169619.0,<=,0.0,0.0,65.0,34.92,,0.0,180000.0,100000.0,0.0,0.0,2240.96,
unknown,20260812_133709,0.0,2026-08-12 13:37:18,70.0,1360.0,379.5,2.0,0.7302788180004427,48.666666666666664,99.0,292.0,,,claw_machine,25.0,4.35771737199957,52.04,53.0,0.19595917942265423,52.0,0.0,287.76,289.0,0.7631513611335565,288.0,0.0,61.68,63.0,0.6144916598294886,62.0,0.0,95.28,97.0,0.6013318551349163,95.0,0.0,43.88,44.0,0.32496153618543844,44.0,0.0,34.88,35.0,0.32496153618543844,35.0,0.0,28.0,28.0,0.0,28.0,0.0,24.04,25.0,0.19595917942265423,24.0,0.0,,,,,,0.0,,,,,,,,,,,,,,,,,,,,,,,,,,,,,,,,,,,,,,,,,,,,,,,,,,,,,,,,,,,,,1740.0,13.0,1216.0,73.0,60.0,1.0,1.8247994390003441,1214.0,78.0,1739.0,-6.0,1240.0,93.0,99.0,1.0,1.0945206209999014,1506.0,113.0,1741.0,30.0,1370.0,75.0,45.0,0.0,,,,1742.0,-4.0,1377.0,29.0,33.0,0.0,,,,1499.0,1.0,1356.0,30.0,29.0,0.0,,,,1050.0,-18.0,913.0,8.0,26.0,0.0,,,,,,,0.0,middle,last,0.1464,>=,miss_grasp,,NONE,1.0,,2.0,379.5,1360.0,25.0,52.04,287.76,292.0,,,,,1.0,0.0,190.0,238.0,142.5,,,,,,,,25.0,0.0,0.0,0.0;0.0;0.0;0.0;0.0;0.0;0.0;0.0;0.0;0.0;0.0;0.0;0.0;0.0;0.0;0.0;0.0;0.0;0.0;0.0;0.0;0.0;0.0;0.0;0.0,0.0,0.0,0.0,0.0,0.0;0.0;0.0;0.0;0.0;0.0;0.0;0.0;0.0;0.0;0.0;0.0;0.0;0.0;0.0;0.0;0.0;0.0;0.0;0.0;0.0;0.0;0.0;0.0;0.0,0.0,0.0,0.0,0.0,0.0;0.0;0.0;0.0;0.0;0.0;0.0;0.0;0.0;0.0;0.0;0.0;0.0;0.0;0.0;0.0;0.0;0.0;0.0;0.0;0.0;0.0;0.0;0.0;0.0,0.0,0.0,0.0,0.0,0.0;0.0;0.0;0.0;0.0;0.0;0.0;0.0;0.0;0.0;0.0;0.0;0.0;0.0;0.0;0.0;0.0;0.0;0.0;0.0;0.0;0.0;0.0;0.0;0.0,0.0,0.0,0.0,0.0,0.0;0.0;0.0;0.0;0.0;0.0;0.0;0.0;0.0;0.0;0.0;0.0;0.0;0.0;0.0;0.0;0.0;0.0;0.0;0.0;0.0;0.0;0.0;0.0;0.0,0.0,0.0,0.0,0.0,0.0,70.0,169619.0,<=,0.0,0.0,33.0,34.88,,0.0,180000.0,100000.0,0.0,0.0,0.0,
unknown,20260812_135719,0.0,2026-08-12 13:57:27,70.0,1486.75,193.75,5.0,0.0,593.5,1290.0,3561.0,,,claw_machine,25.0,4.373037863999343,1749.52,1759.0,4.1387920943193075,1743.0,-16.0,3649.84,3666.0,7.395566239308523,3640.0,-26.0,63.08,64.0,0.2712931993250107,64.0,1.0,446.24,447.0,0.4270831300812525,447.0,0.0,856.4,861.0,2.1540659228538015,853.0,-8.0,534.6,536.0,1.1661903789690602,533.0,-3.0,1403.32,1411.0,3.426018096858217,1398.0,-13.0,346.2,348.0,0.8944271909999159,345.0,-3.0,,,,,,0.0,,,,,,,,,,,,,,,,,,,,,,,,,,,,,,,,,,,,,,,,,,,,,,,,,,,,,,,,,,,,,1740.0,15.0,1314.0,68.0,53.0,0.0,,,,1739.0,25.0,1414.0,616.0,591.0,1.0,1.278433240000595,1463.0,349.0,1741.0,31.0,1517.0,628.0,597.0,1.0,1.278433240000595,1557.0,147.0,1743.0,-5.0,1532.0,674.0,679.0,1.0,1.278433240000595,1566.0,408.0,1499.0,1.0,1364.0,1291.0,1290.0,1.0,1.278433240000595,1361.0,519.0,1049.0,-17.0,914.0,334.0,351.0,1.0,1.278433240000595,914.0,198.0,A,0.5500166015332008,1.248691520698611,0.0,middle,last,0.1464,>=,ok,,A,0.5500166015332008,1.248691520698611,5.0,193.75,1486.75,25.0,1749.52,3649.84,3561.0,,,,,0.0,0.0,190.0,238.0,142.5,,,,,,,,25.0,569934.12,1441792.0,0.0;0.0;0.0;0.0;0.0;0.0;0.0;0.0;0.0;0.0;0.0;0.0;0.0;0.0;0.0;0.0;0.0;0.0;0.0;0.0;0.0;0.0;0.0;0.0;0.0,0.0,0.0,0.0,0.0,0.0;0.0;0.0;0.0;0.0;0.0;0.0;0.0;0.0;0.0;0.0;0.0;0.0;0.0;0.0;0.0;0.0;0.0;0.0;0.0;0.0;0.0;0.0;0.0;0.0,0.0,0.0,0.0,0.0,589824.0;642201.0;644370.0;644870.0;649369.0;650310.0;653343.0;651879.0;651189.0;649877.0;650931.0;655360.0;655360.0;655360.0;655360.0;655360.0;655360.0;655360.0;654724.0;655360.0;655360.0;655360.0;655360.0;655360.0;655360.0,650102.68,655360.0,655360.0,65536.0,1376256.0;1310720.0;1376256.0;1376256.0;1371834.0;1376256.0;1310720.0;1310720.0;1310720.0;1441792.0;1310720.0;1310720.0;1376256.0;1376256.0;1376256.0;1370317.0;1310720.0;1310720.0;1310720.0;1245184.0;1245184.0;1245184.0;1376256.0;1362656.0;1376256.0,1338597.4,1441792.0,1376256.0,0.0,851968.0;851968.0;851968.0;851968.0;851968.0;851968.0;786432.0;786432.0;786432.0;851968.0;851968.0;851968.0;851968.0;902285.0;905683.0;905660.0;902459.0;904272.0;907465.0;906844.0;851968.0;851968.0;902747.0;851968.0;851968.0,860970.52,907465.0,851968.0,0.0,0.0,70.0,169619.0,<=,860970.52,1.0,679.0,534.6,,0.0,180000.0,100000.0,860970.52,650102.68,1338597.4,
unknown,20260812_140351,0.0,2026-08-12 14:03:59,70.0,1564.6,132.6,6.0,1.0951315950005664,321.5,1022.0,1929.0,,,claw_machine,25.0,4.359830651000266,228.08,229.0,0.2712931993250107,228.0,-1.0,1461.84,1463.0,0.9243376006633075,1463.0,0.0,80.2,82.0,0.565685424949238,80.0,0.0,2.84,3.0,0.463033476111609,3.0,0.0,1132.28,1134.0,0.7222188034107115,1132.0,0.0,18.44,20.0,0.8522910301065006,20.0,1.0,120.08,121.0,0.2712931993250107,120.0,-1.0,108.0,108.0,0.0,108.0,0.0,,,,,,0.0,,,,,,,,,,,,,,,,,,,,,,,,,,,,,,,,,,,,,,,,,,,,,,,,,,,,,,,,,,,,,1739.0,13.0,1316.0,124.0,111.0,1.0,1.4594646880004802,1316.0,111.0,1744.0,152.0,1417.0,426.0,274.0,1.0,0.3643330929999138,1739.0,423.0,1762.0,1170.0,1751.0,148.0,1022.0,1.0,0.3643330929999138,1762.0,134.0,1742.0,-6.0,1510.0,77.0,83.0,1.0,0.9138460789999954,1650.0,531.0,1499.0,0.0,1356.0,158.0,158.0,1.0,1.4594646880004802,1356.0,158.0,1049.0,-15.0,913.0,266.0,281.0,1.0,1.4594646880004802,913.0,281.0,A,0.12509484098780754,7.79263109185884,0.0,middle,last,0.1464,>=,ab_proximity_assist,,B,0.31823085857126854,,6.0,132.6,1564.6,25.0,228.08,1461.84,1929.0,,,,,0.0,0.0,190.0,238.0,142.5,,,,,,,,25.0,41648.256,196608.0,0.0;0.0;0.0;0.0;0.0;0.0;0.0;0.0;0.0;0.0;0.0;0.0;0.0;0.0;0.0;0.0;0.0;0.0;0.0;0.0;0.0;0.0;0.0;0.0;0.0,0.0,0.0,0.0,0.0,0.0;0.0;0.0;0.0;0.0;0.0;0.0;0.0;0.0;0.0;0.0;0.0;0.0;0.0;0.0;0.0;0.0;0.0;0.0;0.0;0.0;0.0;0.0;0.0;0.0,0.0,0.0,0.0,0.0,0.0;0.0;0.0;0.0;0.0;0.0;0.0;0.0;0.0;0.0;0.0;0.0;0.0;0.0;0.0;0.0;0.0;0.0;0.0;0.0;0.0;0.0;0.0;0.0;0.0,0.0,0.0,0.0,0.0,0.0;0.0;0.0;0.0;0.0;0.0;56031.0;59782.0;0.0;0.0;56998.0;0.0;65536.0;52485.0;0.0;0.0;0.0;0.0;0.0;0.0;0.0;0.0;0.0;0.0;0.0,11633.28,65536.0,0.0,0.0,196608.0;196608.0;196608.0;196608.0;196608.0;196608.0;196608.0;196608.0;196608.0;196608.0;196608.0;196608.0;196608.0;196608.0;196608.0;196608.0;196608.0;196608.0;196608.0;196608.0;196608.0;196608.0;196608.0;196608.0;196608.0,196608.0,196608.0,196608.0,0.0,1.0,70.0,169619.0,<=,196608.0,1.0,83.0,18.44,B,0.0,180000.0,100000.0,196608.0,0.0,11633.28,
unknown,20260813_141101,0.0,2026-08-13 14:11:09,70.0,1537.75,142.5,5.0,0.7340939069999877,381.0,651.0,2286.0,,,claw_machine,25.0,4.363267246000305,41.4,43.0,0.565685424949238,42.0,1.0,247.44,251.0,2.316549157691241,251.0,5.0,69.12,70.0,0.9516301802696255,70.0,2.0,78.04,79.0,0.8708616422830896,79.0,0.0,10.8,11.0,0.6324555320336759,11.0,0.0,48.08,49.0,0.39191835884530846,49.0,2.0,21.0,21.0,0.0,21.0,0.0,20.4,22.0,0.565685424949238,21.0,1.0,,,,,,0.0,,,,,,,,,,,,,,,,,,,,,,,,,,,,,,,,,,,,,,,,,,,,,,,,,,,,,,,,,,,,,1740.0,43.0,1259.0,278.0,235.0,1.0,1.2858855430004041,1381.0,311.0,1741.0,6.0,1335.0,386.0,380.0,1.0,0.5517916360004165,1685.0,152.0,1741.0,40.0,1579.0,691.0,651.0,1.0,0.5517916360004165,1728.0,83.0,1742.0,-3.0,1375.0,43.0,46.0,0.0,,,,1499.0,-7.0,1357.0,583.0,590.0,1.0,1.2858855430004041,1357.0,224.0,1050.0,66.0,921.0,450.0,384.0,1.0,1.2858855430004041,913.0,285.0,,,,0.0,middle,last,0.1464,>=,miss_grasp,,NONE,1.0,,5.0,142.5,1537.75,25.0,41.4,247.44,2286.0,,,,,1.0,0.0,190.0,238.0,142.5,,,,,,,,25.0,18247.112,458752.0,0.0;0.0;0.0;0.0;0.0;0.0;0.0;0.0;0.0;0.0;0.0;0.0;0.0;0.0;0.0;0.0;0.0;0.0;0.0;0.0;0.0;0.0;0.0;0.0;0.0,0.0,0.0,0.0,0.0,0.0;0.0;0.0;0.0;0.0;0.0;0.0;0.0;0.0;0.0;0.0;0.0;0.0;0.0;0.0;0.0;0.0;0.0;0.0;0.0;0.0;0.0;0.0;0.0;0.0,0.0,0.0,0.0,0.0,0.0;0.0;0.0;0.0;0.0;0.0;0.0;0.0;0.0;0.0;0.0;0.0;0.0;0.0;0.0;0.0;0.0;0.0;0.0;0.0;0.0;0.0;0.0;0.0;0.0,0.0,0.0,0.0,0.0,0.0;0.0;0.0;327680.0;0.0;196608.0;0.0;0.0;458752.0;0.0;65536.0;65536.0;0.0;0.0;0.0;0.0;0.0;52665.0;327680.0;196608.0;327680.0;262144.0;0.0;0.0;0.0,91235.56,458752.0,0.0,0.0,0.0;0.0;0.0;0.0;0.0;0.0;0.0;0.0;0.0;0.0;0.0;0.0;0.0;0.0;0.0;0.0;0.0;0.0;0.0;0.0;0.0;0.0;0.0;0.0;0.0,0.0,0.0,0.0,0.0,0.0,70.0,169619.0,<=,0.0,0.0,46.0,48.08,,0.0,180000.0,100000.0,0.0,0.0,91235.56,
unknown,20260814_211824,0.0,2026-08-14 21:18:32,70.0,1519.0,46.75,4.0,0.5459870889999365,392.8333333333333,1079.0,2357.0,,,claw_machine,25.0,4.369421446999695,1769.4,1783.0,6.9339743293438865,1760.0,-23.0,3500.96,3525.0,11.190996381019877,3487.0,-38.0,41.96,42.0,0.19595917942265423,42.0,0.0,35.76,38.0,0.9068627239003707,37.0,2.0,427.84,431.0,1.8260339536821324,426.0,-5.0,1226.0,1234.0,3.3105890714493698,1222.0,-12.0,1671.12,1684.0,6.488882800605972,1663.0,-21.0,98.28,99.0,0.7222188034107115,97.0,-2.0,,,,,,0.0,,,,,,,,,,,,,,,,,,,,,,,,,,,,,,,,,,,,,,,,,,,,,,,,,,,,,,,,,,,,,1599.0,62.0,1350.0,96.0,34.0,0.0,,,,1598.0,16.0,1417.0,51.0,35.0,1.0,0.3641603320002105,1591.0,88.0,1598.0,63.0,1505.0,546.0,483.0,1.0,0.5456386810001277,1588.0,182.0,1599.0,31.0,1517.0,1110.0,1079.0,1.0,0.910147421000147,1517.0,1079.0,1468.0,-7.0,1380.0,701.0,708.0,1.0,0.910147421000147,1380.0,708.0,1050.0,54.0,913.0,72.0,18.0,0.0,,,,A,0.2762223645518418,3.654324695257461,0.0,middle,last,0.1464,>=,ok,,A,0.2762223645518418,3.654324695257461,4.0,46.75,1519.0,25.0,1769.4,3500.96,2357.0,,,,,0.0,0.0,190.0,238.0,142.5,,,,,,,,25.0,777155.752,3211264.0,0.0;0.0;0.0;0.0;0.0;0.0;0.0;0.0;0.0;0.0;0.0;0.0;0.0;0.0;0.0;0.0;0.0;0.0;0.0;0.0;0.0;0.0;0.0;0.0;0.0,0.0,0.0,0.0,0.0,0.0;0.0;0.0;0.0;0.0;0.0;0.0;0.0;0.0;0.0;0.0;0.0;0.0;0.0;0.0;0.0;0.0;0.0;0.0;0.0;0.0;0.0;0.0;0.0;0.0,0.0,0.0,0.0,0.0,65536.0;65536.0;65536.0;65536.0;65536.0;65536.0;65536.0;65536.0;65536.0;65536.0;65536.0;65536.0;65536.0;65536.0;65536.0;65536.0;65536.0;65536.0;65536.0;65536.0;65536.0;65536.0;65536.0;65536.0;65536.0,65536.0,65536.0,65536.0,0.0,2818048.0;2818048.0;3014656.0;2949120.0;3014656.0;2883584.0;2686976.0;3014656.0;3080192.0;2815991.0;3014656.0;3014656.0;2818048.0;3211264.0;2933797.0;3014656.0;2883584.0;3145728.0;3145728.0;2949120.0;3001229.0;3145728.0;3014656.0;3137375.0;2680717.0,2968274.76,3211264.0,2680717.0,-137331.0,851968.0;851968.0;851968.0;851968.0;851968.0;851968.0;851968.0;851968.0;851968.0;851968.0;851968.0;851968.0;851968.0;851968.0;851968.0;851968.0;851968.0;851968.0;851968.0;851968.0;851968.0;851968.0;851968.0;851968.0;851968.0,851968.0,851968.0,851968.0,0.0,0.0,70.0,169619.0,<=,851968.0,1.0,1079.0,1226.0,,0.0,180000.0,100000.0,851968.0,65536.0,2968274.76,
unknown,20260814_211959,0.0,2026-08-14 21:20:07,70.0,1466.25,101.25,5.0,0.7310252900006162,536.5,1001.0,3219.0,,,claw_machine,25.0,4.356625303000328,920.36,923.0,1.3230268326832981,918.0,-4.0,1487.96,1491.0,1.482700239428051,1487.0,1.0,387.92,388.0,0.2712931993250107,387.0,-1.0,147.6,148.0,0.6928203230275509,148.0,2.0,12.44,13.0,0.7525955088890712,13.0,2.0,19.64,21.0,0.8428523002282191,21.0,2.0,480.0,481.0,0.938083151964686,479.0,0.0,440.36,443.0,1.4664242223858688,439.0,-4.0,,,,,,0.0,,,,,,,,,,,,,,,,,,,,,,,,,,,,,,,,,,,,,,,,,,,,,,,,,,,,,,,,,,,,,1599.0,64.0,1301.0,420.0,356.0,1.0,1.0956094830007714,1301.0,356.0,1605.0,24.0,1410.0,767.0,743.0,1.0,0.3645841930001552,1594.0,86.0,1598.0,46.0,1528.0,687.0,641.0,1.0,0.5459344560003956,1589.0,78.0,1599.0,14.0,1447.0,33.0,19.0,0.0,,,,1468.0,-1.0,1366.0,1000.0,1001.0,1.0,0.91112148800039,1381.0,202.0,1050.0,60.0,916.0,519.0,459.0,1.0,0.91112148800039,913.0,253.0,A,0.28292601341883417,3.1522219642454363,0.0,middle,last,0.1464,>=,ab_proximity_assist,,B,0.1816527629569801,,5.0,101.25,1466.25,25.0,920.36,1487.96,3219.0,,,,,0.0,0.0,190.0,238.0,142.5,,,,,,,,25.0,116984.368,655360.0,0.0;0.0;0.0;0.0;0.0;0.0;0.0;0.0;0.0;0.0;0.0;0.0;0.0;0.0;0.0;0.0;0.0;0.0;0.0;0.0;0.0;0.0;0.0;0.0;0.0,0.0,0.0,0.0,0.0,65536.0;65536.0;65536.0;65536.0;65536.0;65536.0;65536.0;65536.0;65536.0;65536.0;65536.0;65536.0;65536.0;65536.0;65536.0;65536.0;65536.0;65536.0;65536.0;65536.0;65536.0;65536.0;65536.0;65536.0;65536.0,65536.0,65536.0,65536.0,0.0,0.0;0.0;0.0;0.0;0.0;0.0;0.0;0.0;0.0;0.0;0.0;0.0;0.0;0.0;0.0;0.0;0.0;0.0;0.0;0.0;0.0;0.0;0.0;0.0;0.0,0.0,0.0,0.0,0.0,524288.0;196608.0;327680.0;327680.0;131072.0;446438.0;327680.0;393216.0;458752.0;262144.0;0.0;323187.0;655360.0;183831.0;262144.0;524288.0;0.0;524288.0;0.0;589824.0;458752.0;589824.0;131072.0;524288.0;196608.0,334360.96,655360.0,196608.0,-327680.0,182364.0;181530.0;181310.0;181871.0;183790.0;185330.0;182486.0;183941.0;185929.0;184784.0;183251.0;185649.0;185102.0;185769.0;187264.0;187294.0;184844.0;185982.0;187158.0;186392.0;186999.0;186672.0;186187.0;186983.0;186741.0,185024.88,187294.0,186741.0,4377.0,1.0,70.0,169619.0,<=,185024.88,0.0,19.0,19.64,B,0.0,180000.0,100000.0,185024.88,0.0,334360.96,
unknown,20260814_212033,0.0,2026-08-14 21:20:41,70.0,1562.0,36.0,3.0,0.3644721210002899,157.0,674.0,942.0,,,claw_machine,25.0,4.330637486000342,54.36,55.0,0.48,54.0,-1.0,288.28,309.0,6.4406210880628585,289.0,3.0,46.28,47.0,0.7756287771866126,47.0,2.0,100.48,103.0,1.2998461447417538,99.0,-3.0,37.64,61.0,6.886973210344294,38.0,4.0,49.52,51.0,0.854166260162505,51.0,1.0,30.28,31.0,0.44899888641287294,30.0,-1.0,24.08,25.0,0.2712931993250107,24.0,0.0,,,,,,0.0,,,,,,,,,,,,,,,,,,,,,,,,,,,,,,,,,,,,,,,,,,,,,,,,,,,,,,,,,,,,,1599.0,62.0,1213.0,127.0,65.0,0.0,,,,1599.0,-18.0,1265.0,80.0,98.0,1.0,0.36462274600035016,1589.0,74.0,1596.0,21.0,1526.0,695.0,674.0,1.0,0.7290948670006401,1548.0,496.0,1599.0,-7.0,1369.0,41.0,48.0,1.0,0.7290948670006401,1549.0,118.0,1468.0,-1.0,1356.0,32.0,33.0,0.0,,,,1050.0,60.0,913.0,84.0,24.0,0.0,,,,,,,0.0,middle,last,0.1464,>=,miss_grasp,,NONE,1.0,,3.0,36.0,1562.0,25.0,54.36,288.28,942.0,,,,,1.0,0.0,190.0,238.0,142.5,,,,,,,,25.0,103002.448,1572864.0,0.0;0.0;0.0;0.0;0.0;0.0;0.0;0.0;0.0;0.0;0.0;0.0;0.0;0.0;0.0;0.0;0.0;0.0;0.0;0.0;0.0;0.0;0.0;0.0;0.0,0.0,0.0,0.0,0.0,0.0;0.0;0.0;0.0;0.0;0.0;0.0;0.0;0.0;0.0;0.0;0.0;0.0;0.0;0.0;0.0;0.0;0.0;0.0;0.0;0.0;0.0;0.0;0.0;0.0,0.0,0.0,0.0,0.0,0.0;0.0;0.0;0.0;0.0;0.0;0.0;0.0;0.0;0.0;0.0;0.0;0.0;0.0;0.0;0.0;0.0;0.0;1310720.0;1572864.0;655360.0;846472.0;655360.0;0.0;0.0,201631.04,1572864.0,0.0,0.0,327680.0;121284.0;582047.0;581978.0;262144.0;327680.0;393216.0;131072.0;393216.0;327680.0;131072.0;458752.0;196608.0;327680.0;327680.0;65536.0;126693.0;262144.0;720896.0;393216.0;393216.0;524288.0;327680.0;0.0;131072.0,313381.2,720896.0,131072.0,-196608.0,0.0;0.0;0.0;0.0;0.0;0.0;0.0;0.0;0.0;0.0;0.0;0.0;0.0;0.0;0.0;0.0;0.0;0.0;0.0;0.0;0.0;0.0;0.0;0.0;0.0,0.0,0.0,0.0,0.0,0.0,70.0,169619.0,<=,0.0,1.0,48.0,49.52,,0.0,180000.0,100000.0,0.0,201631.04,313381.2,
unknown,20260815_100042,0.0,2026-08-15 10:00:50,70.0,1448.75,116.75,5.0,0.5471003039929201,503.6666666666667,935.0,3022.0,,,claw_machine,25.0,4.373627364999265,1216.8,1232.0,7.429670248402684,1205.0,-27.0,2125.08,2155.0,15.038404170655875,2101.0,-54.0,47.24,51.0,2.9836889918354426,51.0,10.0,839.44,862.0,10.639849622997499,825.0,-37.0,0.84,1.0,0.3666060555964672,0.0,0.0,20.76,22.0,0.9068627239003707,20.0,0.0,716.0,727.0,5.027922035990614,708.0,-19.0,500.8,505.0,2.4657656011875906,497.0,-8.0,,,,,,0.0,,,,,,,,,,,,,,,,,,,,,,,,,,,,,,,,,,,,,,,,,,,,,,,,,,,,,,,,,,,,,1597.0,60.0,1223.0,216.0,156.0,1.0,0.9135876669970457,1351.0,114.0,1599.0,17.0,1341.0,952.0,935.0,1.0,0.5492519899999024,1533.0,314.0,1598.0,52.0,1528.0,653.0,601.0,1.0,0.730860928997572,1549.0,553.0,1598.0,23.0,1370.0,42.0,19.0,0.0,,,,1468.0,-1.0,1362.0,777.0,778.0,1.0,1.0963522939928225,1362.0,698.0,1051.0,65.0,921.0,598.0,533.0,1.0,0.9135876669970457,912.0,140.0,A,0.37307055099481873,2.4581999072337983,0.0,middle,last,0.1464,>=,ab_proximity_assist,,B,0.31823085857126854,,5.0,116.75,1448.75,25.0,1216.8,2125.08,3022.0,,,,,0.0,0.0,190.0,238.0,142.5,,,,,,,,25.0,142248.608,720896.0,0.0;0.0;0.0;0.0;0.0;0.0;0.0;0.0;0.0;0.0;0.0;0.0;0.0;0.0;0.0;0.0;0.0;0.0;0.0;0.0;0.0;0.0;0.0;0.0;0.0,0.0,0.0,0.0,0.0,196608.0;196608.0;196608.0;196608.0;196608.0;196608.0;196608.0;196608.0;196608.0;196608.0;196608.0;196608.0;196608.0;196608.0;196608.0;196608.0;196608.0;196608.0;196608.0;196608.0;196608.0;196608.0;196608.0;196608.0;196608.0,196608.0,196608.0,196608.0,0.0,0.0;0.0;0.0;0.0;0.0;0.0;0.0;0.0;0.0;0.0;0.0;0.0;0.0;0.0;0.0;0.0;0.0;0.0;0.0;0.0;0.0;0.0;0.0;0.0;0.0,0.0,0.0,0.0,0.0,131072.0;524288.0;327680.0;196608.0;646207.0;262144.0;196608.0;327680.0;191673.0;655360.0;393216.0;131072.0;458752.0;262144.0;131072.0;393216.0;196608.0;393216.0;379596.0;260554.0;0.0;393216.0;720896.0;0.0;377798.0,318027.04,720896.0,377798.0,246726.0,196608.0;196608.0;196608.0;196608.0;196608.0;196608.0;196608.0;196608.0;196608.0;196608.0;196608.0;196608.0;196608.0;196608.0;196608.0;196608.0;196608.0;196608.0;196608.0;196608.0;196608.0;196608.0;196608.0;196608.0;196608.0,196608.0,196608.0,196608.0,0.0,1.0,70.0,169619.0,<=,196608.0,0.0,19.0,20.76,B,0.0,180000.0,100000.0,196608.0,0.0,318027.04,
