label,trial_id,repeat_index,timestamp,contact_threshold,size_contact_angle_mean,size_closure_mean,active_contact_count,contact_order_span_s,final_force_delta_mean,final_force_delta_max,final_force_delta_sum,lift_force_delta,weight_g,notes,baseline_angle_little,baseline_force_little,final_angle_little,final_force_little,final_force_delta_little,contacted_little,contact_time_little,contact_angle_little,contact_force_delta_little,baseline_angle_ring,baseline_force_ring,final_angle_ring,final_force_ring,final_force_delta_ring,contacted_ring,contact_time_ring,contact_angle_ring,contact_force_delta_ring,baseline_angle_middle,baseline_force_middle,final_angle_middle,final_force_middle,final_force_delta_middle,contacted_middle,contact_time_middle,contact_angle_middle,contact_force_delta_middle,baseline_angle_index,baseline_force_index,final_angle_index,final_force_index,final_force_delta_index,contacted_index,contact_time_index,contact_angle_index,contact_force_delta_index,baseline_angle_thumb_bend,baseline_force_thumb_bend,final_angle_thumb_bend,final_force_thumb_bend,final_force_delta_thumb_bend,contacted_thumb_bend,contact_time_thumb_bend,contact_angle_thumb_bend,contact_force_delta_thumb_bend,baseline_angle_thumb_swing,baseline_force_thumb_swing,final_angle_thumb_swing,final_force_thumb_swing,final_force_delta_thumb_swing,contacted_thumb_swing,contact_time_thumb_swing,contact_angle_thumb_swing,contact_force_delta_thumb_swing,hover_sample_count,hover_duration_s,hover_thumb_force_delta_mean,hover_thumb_force_delta_max,hover_thumb_force_delta_std,hover_thumb_force_delta_last,hover_thumb_force_delta_drift,hover_force_delta_sum_mean,hover_force_delta_sum_max,hover_force_delta_sum_std,hover_force_delta_sum_last,hover_force_delta_sum_drift,hover_force_delta_little_mean,hover_force_delta_little_max,hover_force_delta_little_std,hover_force_delta_little_last,hover_force_delta_little_drift,hover_force_delta_ring_mean,hover_force_delta_ring_max,hover_force_delta_ring_std,hover_force_delta_ring_last,hover_force_delta_ring_drift,hover_force_delta_middle_mean,hover_force_delta_middle_max,hover_force_delta_middle_std,hover_force_delta_middle_last,hover_force_delta_middle_drift,hover_force_delta_index_mean,hover_force_delta_index_max,hover_force_delta_index_std,hover_force_delta_index_last,hover_force_delta_index_drift,hover_force_delta_thumb_bend_mean,hover_force_delta_thumb_bend_max,hover_force_delta_thumb_bend_std,hover_force_delta_thumb_bend_last,hover_force_delta_thumb_bend_drift,hover_force_delta_thumb_swing_mean,hover_force_delta_thumb_swing_max,hover_force_delta_thumb_swing_std,hover_force_delta_thumb_swing_last,hover_force_delta_thumb_swing_drift
A,20260728_194328,0.0,2026-07-28 19:43:30,120.0,0.0,0.0,0.0,0.0,56.833333333333336,101.0,341.0,,,,1742.0,57.0,1255.0,118.0,61.0,0.0,,,,1741.0,-4.0,1272.0,97.0,101.0,0.0,,,,1742.0,-20.0,1369.0,34.0,54.0,0.0,,,,1743.0,19.0,1380.0,51.0,32.0,0.0,,,,1500.0,1.0,1391.0,34.0,33.0,0.0,,,,1281.0,81.0,912.0,141.0,60.0,0.0,,,,,,,,,,,,,,,,,,,,,,,,,,,,,,,,,,,,,,,,,,,,,
A,20260728_194511,0.0,2026-07-28 19:45:13,120.0,1461.25,219.0,5.0,0.25385379700310295,406.8333333333333,926.0,2441.0,,,,1741.0,62.0,1269.0,136.0,74.0,0.0,,,,1739.0,8.0,1443.0,39.0,31.0,1.0,1.0259311999980127,1462.0,120.0,1742.0,2.0,1484.0,928.0,926.0,1.0,1.2797849970011157,1484.0,926.0,1740.0,27.0,1493.0,402.0,375.0,1.0,1.1578743950012722,1509.0,473.0,1500.0,-3.0,1391.0,795.0,798.0,1.0,1.1578743950012722,1390.0,255.0,1051.0,113.0,934.0,350.0,237.0,1.0,1.2797849970011157,934.0,237.0,,,,,,,,,,,,,,,,,,,,,,,,,,,,,,,,,,,,,,,,,,
A,20260728_194511,1.0,2026-07-28 19:45:16,120.0,1464.25,211.25,5.0,0.1320968410000205,450.0,990.0,2700.0,,,,1471.0,82.0,1256.0,127.0,45.0,0.0,,,,1730.0,0.0,1449.0,49.0,49.0,1.0,1.0157259570005408,1459.0,404.0,1739.0,-17.0,1486.0,687.0,704.0,1.0,1.1478227980005613,1509.0,171.0,1737.0,19.0,1479.0,719.0,700.0,1.0,1.1478227980005613,1502.0,345.0,1496.0,0.0,1389.0,990.0,990.0,1.0,1.0157259570005408,1387.0,152.0,1045.0,109.0,916.0,321.0,212.0,1.0,1.0157259570005408,916.0,210.0,,,,,,,,,,,,,,,,,,,,,,,,,,,,,,,,,,,,,,,,,,
A,20260728_194511,2.0,2026-07-28 19:45:20,120.0,1453.0,221.0,5.0,0.2538845429990033,450.3333333333333,1084.0,2702.0,,,,1525.0,71.0,1264.0,122.0,51.0,0.0,,,,1729.0,-3.0,1443.0,246.0,249.0,1.0,1.0258745009996346,1457.0,517.0,1739.0,-18.0,1487.0,92.0,110.0,1.0,1.147754025998438,1502.0,279.0,1733.0,21.0,1455.0,1105.0,1084.0,1.0,1.279759043998638,1465.0,779.0,1495.0,0.0,1390.0,984.0,984.0,1.0,1.0258745009996346,1388.0,217.0,1046.0,108.0,917.0,332.0,224.0,1.0,1.0258745009996346,916.0,266.0,,,,,,,,,,,,,,,,,,,,,,,,,,,,,,,,,,,,,,,,,,
A,20260728_194511,3.0,2026-07-28 19:45:23,120.0,1441.5,232.25,5.0,0.2546166149986675,456.3333333333333,906.0,2738.0,,,,1531.0,69.0,1271.0,120.0,51.0,0.0,,,,1730.0,-3.0,1443.0,157.0,160.0,1.0,1.0253902920012479,1463.0,525.0,1739.0,-19.0,1457.0,788.0,807.0,1.0,1.2800069069999154,1469.0,735.0,1731.0,20.0,1427.0,534.0,514.0,1.0,1.2800069069999154,1445.0,310.0,1495.0,0.0,1390.0,906.0,906.0,1.0,1.0253902920012479,1389.0,209.0,1046.0,107.0,918.0,407.0,300.0,1.0,1.0253902920012479,915.0,266.0,,,,,,,,,,,,,,,,,,,,,,,,,,,,,,,,,,,,,,,,,,
A,20260728_194511,4.0,2026-07-28 19:45:26,120.0,1443.75,221.5,5.0,0.2538975659990683,405.3333333333333,966.0,2432.0,,,,1539.0,69.0,1273.0,117.0,48.0,0.0,,,,1731.0,-4.0,1446.0,267.0,271.0,1.0,1.0253545619998476,1461.0,519.0,1731.0,-17.0,1471.0,55.0,72.0,1.0,1.1472120889993676,1489.0,163.0,1703.0,19.0,1417.0,985.0,966.0,1.0,1.279252127998916,1437.0,470.0,1496.0,0.0,1388.0,814.0,814.0,1.0,1.0253545619998476,1388.0,205.0,1046.0,107.0,915.0,368.0,261.0,1.0,1.0253545619998476,914.0,262.0,,,,,,,,,,,,,,,,,,,,,,,,,,,,,,,,,,,,,,,,,,
A,20260728_194511,5.0,2026-07-28 19:45:29,120.0,1436.0,231.25,5.0,0.2640181019996817,495.8333333333333,968.0,2975.0,,,,1541.0,69.0,1259.0,100.0,31.0,0.0,,,,1731.0,-6.0,1445.0,63.0,69.0,1.0,1.0153561630031618,1464.0,521.0,1739.0,-21.0,1446.0,825.0,846.0,1.0,1.2793742650028435,1464.0,544.0,1703.0,19.0,1406.0,753.0,734.0,1.0,1.2793742650028435,1429.0,523.0,1496.0,0.0,1389.0,968.0,968.0,1.0,1.0153561630031618,1387.0,205.0,1045.0,107.0,914.0,434.0,327.0,1.0,1.0153561630031618,913.0,263.0,,,,,,,,,,,,,,,,,,,,,,,,,,,,,,,,,,,,,,,,,,
A,20260728_194511,6.0,2026-07-28 19:45:32,120.0,1431.25,230.25,5.0,0.253980674999184,473.1666666666667,966.0,2839.0,,,,1528.0,66.0,1271.0,106.0,40.0,0.0,,,,1729.0,-4.0,1442.0,55.0,59.0,1.0,1.0254101840000658,1463.0,534.0,1729.0,-17.0,1439.0,728.0,745.0,1.0,1.2793908589992498,1455.0,695.0,1692.0,18.0,1396.0,703.0,685.0,1.0,1.2793908589992498,1419.0,677.0,1496.0,0.0,1389.0,966.0,966.0,1.0,1.0254101840000658,1388.0,221.0,1047.0,105.0,917.0,449.0,344.0,1.0,1.0254101840000658,916.0,278.0,,,,,,,,,,,,,,,,,,,,,,,,,,,,,,,,,,,,,,,,,,
A,20260728_194511,7.0,2026-07-28 19:45:35,120.0,1436.25,222.25,5.0,0.38576269700206467,404.6666666666667,1014.0,2428.0,,,,1539.0,66.0,1282.0,102.0,36.0,0.0,,,,1730.0,-6.0,1444.0,166.0,172.0,1.0,1.0254781170006027,1458.0,504.0,1729.0,-14.0,1449.0,1000.0,1014.0,1.0,1.27932360900013,1458.0,655.0,1679.0,20.0,1424.0,113.0,93.0,1.0,1.1473696670000209,1440.0,181.0,1496.0,0.0,1389.0,774.0,774.0,1.0,1.0254781170006027,1389.0,230.0,1046.0,105.0,918.0,444.0,339.0,1.0,0.8935609119980654,916.0,152.0,,,,,,,,,,,,,,,,,,,,,,,,,,,,,,,,,,,,,,,,,,
A,20260728_194511,8.0,2026-07-28 19:45:39,120.0,1429.5,239.75,5.0,0.38589157899696147,466.1666666666667,917.0,2797.0,,,,1550.0,66.0,1289.0,110.0,44.0,0.0,,,,1731.0,-7.0,1446.0,110.0,117.0,1.0,1.0154293600025994,1464.0,525.0,1729.0,-16.0,1450.0,535.0,551.0,1.0,1.279510948999814,1462.0,776.0,1721.0,13.0,1405.0,876.0,863.0,1.0,1.401320938999561,1405.0,863.0,1496.0,0.0,1389.0,917.0,917.0,1.0,1.0154293600025994,1387.0,218.0,1046.0,106.0,918.0,411.0,305.0,1.0,1.0154293600025994,916.0,274.0,,,,,,,,,,,,,,,,,,,,,,,,,,,,,,,,,,,,,,,,,,
A,20260728_194511,9.0,2026-07-28 19:45:42,120.0,1428.5,230.5,5.0,0.3757032160028757,455.0,843.0,2730.0,,,,1559.0,63.0,1299.0,108.0,45.0,0.0,,,,1731.0,-5.0,1444.0,53.0,58.0,1.0,1.0253520269980072,1458.0,449.0,1731.0,-20.0,1434.0,762.0,782.0,1.0,1.2792125230007514,1453.0,558.0,1678.0,19.0,1382.0,684.0,665.0,1.0,1.2792125230007514,1406.0,612.0,1496.0,0.0,1389.0,843.0,843.0,1.0,0.9035093069978757,1397.0,138.0,1044.0,107.0,918.0,444.0,337.0,1.0,0.9035093069978757,916.0,230.0,,,,,,,,,,,,,,,,,,,,,,,,,,,,,,,,,,,,,,,,,,
B,20260728_194628,0.0,2026-07-28 19:46:31,120.0,1427.3333333333333,233.0,4.0,0.1320558620027441,451.6666666666667,971.0,2710.0,,,,1741.0,60.0,1238.0,139.0,79.0,0.0,,,,1742.0,0.0,1273.0,91.0,91.0,0.0,,,,1742.0,-14.0,1425.0,957.0,971.0,1.0,1.4116291160025867,1434.0,496.0,1740.0,18.0,1442.0,443.0,425.0,1.0,1.2795732539998426,1457.0,489.0,1499.0,-3.0,1392.0,879.0,882.0,1.0,1.2795732539998426,1391.0,135.0,1047.0,112.0,913.0,374.0,262.0,1.0,1.4116291160025867,914.0,137.0,,,,,,,,,,,,,,,,,,,,,,,,,,,,,,,,,,,,,,,,,,
B,20260728_194628,1.0,2026-07-28 19:46:34,120.0,1425.3333333333333,223.0,3.0,0.0,244.33333333333334,875.0,1466.0,,,,1505.0,73.0,1249.0,120.0,47.0,0.0,,,,1492.0,29.0,1277.0,62.0,33.0,0.0,,,,1718.0,-17.0,1431.0,120.0,137.0,1.0,1.2794187259969476,1431.0,137.0,1731.0,22.0,1458.0,897.0,875.0,1.0,1.2794187259969476,1458.0,875.0,1496.0,0.0,1387.0,346.0,346.0,1.0,1.2794187259969476,1387.0,346.0,1044.0,109.0,917.0,137.0,28.0,0.0,,,,,,,,,,,,,,,,,,,,,,,,,,,,,,,,,,,,,,,,,,,,,
B,20260728_194628,2.0,2026-07-28 19:46:37,120.0,1421.0,221.33333333333334,3.0,0.0,279.5,922.0,1677.0,,,,1520.0,71.0,1237.0,136.0,65.0,0.0,,,,1546.0,12.0,1281.0,59.0,47.0,0.0,,,,1700.0,-12.0,1418.0,194.0,206.0,1.0,1.2793333450026694,1418.0,206.0,1731.0,21.0,1459.0,943.0,922.0,1.0,1.2793333450026694,1459.0,922.0,1496.0,0.0,1386.0,387.0,387.0,1.0,1.2793333450026694,1386.0,387.0,1045.0,106.0,917.0,156.0,50.0,0.0,,,,,,,,,,,,,,,,,,,,,,,,,,,,,,,,,,,,,,,,,,,,,
B,20260728_194628,3.0,2026-07-28 19:46:40,120.0,1420.5,193.0,2.0,0.0,311.3333333333333,1046.0,1868.0,,,,1505.0,71.0,1246.0,118.0,47.0,0.0,,,,1550.0,10.0,1288.0,59.0,49.0,0.0,,,,1686.0,-13.0,1370.0,27.0,40.0,0.0,,,,1731.0,20.0,1441.0,1066.0,1046.0,1.0,1.279397862002952,1454.0,707.0,1496.0,0.0,1387.0,684.0,684.0,1.0,1.279397862002952,1387.0,222.0,1045.0,107.0,917.0,109.0,2.0,0.0,,,,,,,,,,,,,,,,,,,,,,,,,,,,,,,,,,,,,,,,,,,,,
B,20260728_194628,4.0,2026-07-28 19:46:43,120.0,1432.6666666666667,185.33333333333334,4.0,0.25387689099807176,370.8333333333333,1204.0,2225.0,,,,1515.0,71.0,1258.0,116.0,45.0,0.0,,,,1558.0,6.0,1245.0,62.0,56.0,0.0,,,,1627.0,-5.0,1429.0,103.0,108.0,1.0,1.0256062260014005,1447.0,216.0,1731.0,19.0,1450.0,1223.0,1204.0,1.0,1.2794831169994723,1464.0,598.0,1496.0,0.0,1387.0,752.0,752.0,1.0,1.1576450320026197,1387.0,379.0,1046.0,105.0,916.0,165.0,60.0,1.0,1.1576450320026197,916.0,172.0,,,,,,,,,,,,,,,,,,,,,,,,,,,,,,,,,,,,,,,,,,
B,20260728_194628,5.0,2026-07-28 19:46:46,120.0,1422.6666666666667,226.66666666666666,4.0,0.12185278800097876,423.1666666666667,1200.0,2539.0,,,,1528.0,65.0,1267.0,111.0,46.0,0.0,,,,1516.0,18.0,1253.0,60.0,42.0,0.0,,,,1721.0,-23.0,1437.0,318.0,341.0,1.0,1.279336987001443,1453.0,363.0,1731.0,17.0,1426.0,1217.0,1200.0,1.0,1.4011897750024218,1426.0,1200.0,1496.0,0.0,1389.0,743.0,743.0,1.0,1.4011897750024218,1389.0,743.0,1045.0,105.0,917.0,272.0,167.0,1.0,1.4011897750024218,917.0,167.0,,,,,,,,,,,,,,,,,,,,,,,,,,,,,,,,,,,,,,,,,,
B,20260728_194628,6.0,2026-07-28 19:46:50,120.0,1418.5,185.5,2.0,0.0,307.0,1203.0,1842.0,,,,1535.0,64.0,1273.0,107.0,43.0,0.0,,,,1519.0,16.0,1264.0,58.0,42.0,0.0,,,,1729.0,-17.0,1445.0,16.0,33.0,0.0,,,,1712.0,15.0,1451.0,1218.0,1203.0,1.0,1.279506296999898,1451.0,1203.0,1496.0,0.0,1386.0,516.0,516.0,1.0,1.279506296999898,1386.0,516.0,1045.0,105.0,918.0,110.0,5.0,0.0,,,,,,,,,,,,,,,,,,,,,,,,,,,,,,,,,,,,,,,,,,,,,
B,20260728_194628,7.0,2026-07-28 19:46:52,120.0,1374.0,139.5,3.0,0.0,383.0,876.0,2298.0,,,,1541.0,64.0,1258.0,124.0,60.0,0.0,,,,1531.0,11.0,1341.0,881.0,870.0,1.0,0.8937657899987244,1344.0,712.0,1702.0,-16.0,1503.0,13.0,29.0,0.0,,,,1731.0,15.0,1535.0,29.0,14.0,0.0,,,,1496.0,0.0,1399.0,876.0,876.0,1.0,0.8937657899987244,1404.0,327.0,1045.0,105.0,921.0,554.0,449.0,1.0,0.8937657899987244,918.0,384.0,,,,,,,,,,,,,,,,,,,,,,,,,,,,,,,,,,,,,,,,,,
B,20260728_194628,8.0,2026-07-28 19:46:56,120.0,1432.3333333333333,225.66666666666666,4.0,0.10133410199705395,385.5,757.0,2313.0,,,,1528.0,65.0,1269.0,111.0,46.0,0.0,,,,1615.0,0.0,1223.0,87.0,87.0,0.0,,,,1738.0,-26.0,1439.0,582.0,608.0,1.0,1.2790429260021483,1457.0,284.0,1740.0,9.0,1434.0,632.0,623.0,1.0,1.2790429260021483,1453.0,210.0,1496.0,1.0,1387.0,758.0,757.0,1.0,1.3803770279992023,1387.0,534.0,1046.0,105.0,916.0,297.0,192.0,1.0,1.3803770279992023,917.0,200.0,,,,,,,,,,,,,,,,,,,,,,,,,,,,,,,,,,,,,,,,,,
B,20260728_194628,9.0,2026-07-28 19:46:59,120.0,1428.0,221.66666666666666,4.0,0.0911701400000311,490.3333333333333,950.0,2942.0,,,,1536.0,62.0,1270.0,109.0,47.0,0.0,,,,1492.0,26.0,1281.0,53.0,27.0,0.0,,,,1729.0,-16.0,1434.0,808.0,824.0,1.0,1.2793401899980381,1450.0,350.0,1725.0,11.0,1431.0,961.0,950.0,1.0,1.2793401899980381,1447.0,452.0,1495.0,0.0,1389.0,842.0,842.0,1.0,1.2793401899980381,1387.0,177.0,1045.0,105.0,916.0,357.0,252.0,1.0,1.3705103299980692,916.0,252.0,,,,,,,,,,,,,,,,,,,,,,,,,,,,,,,,,,,,,,,,,,
C,20260728_194719,0.0,2026-07-28 19:47:21,120.0,1381.3333333333333,279.6666666666667,4.0,0.0,252.83333333333334,656.0,1517.0,,,,1741.0,57.0,1238.0,135.0,78.0,0.0,,,,1742.0,-2.0,1273.0,91.0,93.0,0.0,,,,1739.0,-18.0,1380.0,638.0,656.0,1.0,1.5433952910025255,1380.0,656.0,1744.0,19.0,1373.0,242.0,223.0,1.0,1.5433952910025255,1373.0,223.0,1500.0,0.0,1391.0,233.0,233.0,1.0,1.5433952910025255,1391.0,233.0,1050.0,107.0,913.0,341.0,234.0,1.0,1.5433952910025255,913.0,234.0,,,,,,,,,,,,,,,,,,,,,,,,,,,,,,,,,,,,,,,,,,
C,20260728_194719,1.0,2026-07-28 19:47:24,120.0,1385.0,186.5,3.0,0.0,112.83333333333333,332.0,677.0,,,,1505.0,73.0,1239.0,120.0,47.0,0.0,,,,1492.0,29.0,1278.0,62.0,33.0,0.0,,,,1648.0,-4.0,1383.0,328.0,332.0,1.0,1.2791930530001991,1383.0,332.0,1626.0,31.0,1366.0,47.0,16.0,0.0,,,,1495.0,0.0,1387.0,122.0,122.0,1.0,1.2791930530001991,1387.0,122.0,1046.0,107.0,916.0,234.0,127.0,1.0,1.2791930530001991,916.0,127.0,,,,,,,,,,,,,,,,,,,,,,,,,,,,,,,,,,,,,,,,,,
C,20260728_194719,2.0,2026-07-28 19:47:27,120.0,0.0,0.0,0.0,0.0,35.666666666666664,57.0,214.0,,,,1509.0,71.0,1252.0,118.0,47.0,0.0,,,,1546.0,9.0,1283.0,66.0,57.0,0.0,,,,1627.0,-1.0,1360.0,36.0,37.0,0.0,,,,1627.0,31.0,1360.0,51.0,20.0,0.0,,,,1495.0,0.0,1387.0,25.0,25.0,0.0,,,,1045.0,105.0,916.0,133.0,28.0,0.0,,,,,,,,,,,,,,,,,,,,,,,,,,,,,,,,,,,,,,,,,,,,,
C,20260728_194836,0.0,2026-07-28 19:48:39,120.0,0.0,0.0,0.0,0.0,48.333333333333336,87.0,290.0,,,,1742.0,60.0,1258.0,119.0,59.0,0.0,,,,1744.0,14.0,1279.0,101.0,87.0,0.0,,,,1741.0,-6.0,1369.0,44.0,50.0,0.0,,,,1742.0,21.0,1370.0,57.0,36.0,0.0,,,,1499.0,-1.0,1391.0,25.0,26.0,0.0,,,,1050.0,110.0,914.0,142.0,32.0,0.0,,,,,,,,,,,,,,,,,,,,,,,,,,,,,,,,,,,,,,,,,,,,,
C,20260728_194836,1.0,2026-07-28 19:48:42,120.0,1390.0,193.33333333333334,4.0,0.09122181799830287,430.1666666666667,884.0,2581.0,,,,1527.0,71.0,1265.0,115.0,44.0,0.0,,,,1493.0,29.0,1279.0,61.0,32.0,0.0,,,,1627.0,0.0,1372.0,652.0,652.0,1.0,1.1579227350011934,1392.0,235.0,1627.0,33.0,1369.0,716.0,683.0,1.0,1.1579227350011934,1391.0,209.0,1496.0,0.0,1387.0,884.0,884.0,1.0,1.2491445529994962,1387.0,606.0,1045.0,111.0,916.0,397.0,286.0,1.0,1.2491445529994962,916.0,290.0,,,,,,,,,,,,,,,,,,,,,,,,,,,,,,,,,,,,,,,,,,
C,20260728_194836,2.0,2026-07-28 19:48:45,120.0,1379.0,214.33333333333334,4.0,0.0,309.3333333333333,850.0,1856.0,,,,1533.0,69.0,1268.0,113.0,44.0,0.0,,,,1547.0,12.0,1285.0,58.0,46.0,0.0,,,,1645.0,-2.0,1378.0,848.0,850.0,1.0,1.279786494000291,1378.0,850.0,1639.0,31.0,1373.0,236.0,205.0,1.0,1.279786494000291,1373.0,205.0,1496.0,0.0,1386.0,415.0,415.0,1.0,1.279786494000291,1386.0,415.0,1046.0,107.0,916.0,403.0,296.0,1.0,1.279786494000291,916.0,296.0,,,,,,,,,,,,,,,,,,,,,,,,,,,,,,,,,,,,,,,,,,
C,20260728_194836,3.0,2026-07-28 19:48:48,120.0,1385.3333333333333,204.33333333333334,4.0,0.23343454299902078,76.5,155.0,459.0,,,,1539.0,69.0,1282.0,113.0,44.0,0.0,,,,1554.0,8.0,1252.0,70.0,62.0,0.0,,,,1647.0,-4.0,1352.0,151.0,155.0,1.0,1.2795165309980803,1379.0,292.0,1626.0,31.0,1383.0,49.0,18.0,1.0,1.1474317530010012,1391.0,300.0,1496.0,0.0,1386.0,103.0,103.0,1.0,1.2795165309980803,1386.0,312.0,1047.0,105.0,916.0,182.0,77.0,1.0,1.380866296000022,916.0,223.0,,,,,,,,,,,,,,,,,,,,,,,,,,,,,,,,,,,,,,,,,,
C,20260728_194836,4.0,2026-07-28 19:48:52,120.0,1381.3333333333333,214.33333333333334,4.0,0.0,324.1666666666667,589.0,1945.0,,,,1550.0,66.0,1289.0,104.0,38.0,0.0,,,,1518.0,16.0,1253.0,59.0,43.0,0.0,,,,1626.0,-1.0,1367.0,580.0,581.0,1.0,1.279244862998894,1367.0,581.0,1665.0,23.0,1391.0,612.0,589.0,1.0,1.279244862998894,1391.0,589.0,1496.0,-1.0,1386.0,441.0,442.0,1.0,1.279244862998894,1386.0,442.0,1047.0,102.0,913.0,354.0,252.0,1.0,1.279244862998894,913.0,252.0,,,,,,,,,,,,,,,,,,,,,,,,,,,,,,,,,,,,,,,,,,
C,20260728_194836,5.0,2026-07-28 19:48:55,120.0,1387.6666666666667,207.33333333333334,4.0,0.12190169500172487,297.3333333333333,841.0,1784.0,,,,1559.0,64.0,1299.0,103.0,39.0,0.0,,,,1519.0,14.0,1277.0,63.0,49.0,0.0,,,,1630.0,-4.0,1380.0,93.0,97.0,1.0,1.1580600749985024,1395.0,189.0,1659.0,24.0,1373.0,865.0,841.0,1.0,1.2799617700002273,1382.0,647.0,1496.0,0.0,1386.0,642.0,642.0,1.0,1.2799617700002273,1386.0,406.0,1046.0,105.0,916.0,221.0,116.0,1.0,1.2799617700002273,916.0,144.0,,,,,,,,,,,,,,,,,,,,,,,,,,,,,,,,,,,,,,,,,,
C,20260728_194836,6.0,2026-07-28 19:48:59,120.0,1395.0,207.0,3.0,0.3246694830013439,116.0,260.0,696.0,,,,1570.0,62.0,1238.0,119.0,57.0,0.0,,,,1544.0,10.0,1286.0,68.0,58.0,0.0,,,,1672.0,-12.0,1421.0,12.0,24.0,1.0,1.147339180999552,1435.0,125.0,1639.0,26.0,1351.0,286.0,260.0,1.0,1.3705815809989872,1363.0,169.0,1495.0,0.0,1387.0,196.0,196.0,1.0,1.4720086640008958,1387.0,132.0,1046.0,107.0,917.0,208.0,101.0,0.0,,,,,,,,,,,,,,,,,,,,,,,,,,,,,,,,,,,,,,,,,,,,,
C,20260728_194836,7.0,2026-07-28 19:49:02,120.0,1384.0,325.0,2.0,0.0,112.83333333333333,319.0,677.0,,,,1505.0,70.0,1245.0,120.0,50.0,0.0,,,,1554.0,8.0,1239.0,55.0,47.0,0.0,,,,1709.0,-17.0,1384.0,302.0,319.0,1.0,1.4013204859984398,1384.0,319.0,1626.0,23.0,1363.0,56.0,33.0,0.0,,,,1496.0,0.0,1387.0,100.0,100.0,0.0,,,,1045.0,103.0,916.0,231.0,128.0,1.0,1.4013204859984398,916.0,128.0,,,,,,,,,,,,,,,,,,,,,,,,,,,,,,,,,,,,,,,,,,
C,20260728_194836,8.0,2026-07-28 19:49:05,120.0,1375.0,219.33333333333334,4.0,0.0,265.6666666666667,651.0,1594.0,,,,1513.0,66.0,1230.0,133.0,67.0,0.0,,,,1510.0,18.0,1230.0,62.0,44.0,0.0,,,,1643.0,-5.0,1374.0,646.0,651.0,1.0,1.2792681339997216,1374.0,651.0,1644.0,23.0,1365.0,330.0,307.0,1.0,1.2792681339997216,1365.0,307.0,1496.0,0.0,1386.0,276.0,276.0,1.0,1.2792681339997216,1386.0,276.0,1046.0,108.0,916.0,357.0,249.0,1.0,1.2792681339997216,916.0,249.0,,,,,,,,,,,,,,,,,,,,,,,,,,,,,,,,,,,,,,,,,,
C,20260728_194836,9.0,2026-07-28 19:49:08,120.0,1373.6666666666667,215.0,4.0,0.0,281.5,787.0,1689.0,,,,1500.0,71.0,1287.0,104.0,33.0,0.0,,,,1499.0,24.0,1242.0,57.0,33.0,0.0,,,,1644.0,-7.0,1373.0,780.0,787.0,1.0,1.2793076359994302,1373.0,787.0,1626.0,27.0,1361.0,154.0,127.0,1.0,1.2793076359994302,1361.0,127.0,1496.0,0.0,1387.0,427.0,427.0,1.0,1.2793076359994302,1387.0,427.0,1046.0,105.0,917.0,387.0,282.0,1.0,1.2793076359994302,917.0,282.0,,,,,,,,,,,,,,,,,,,,,,,,,,,,,,,,,,,,,,,,,,
C,20260728_195445,0.0,2026-07-28 19:54:47,120.0,1380.3333333333333,280.6666666666667,4.0,0.0,216.5,417.0,1299.0,,,,1742.0,58.0,1259.0,118.0,60.0,0.0,,,,1741.0,2.0,1270.0,97.0,95.0,0.0,,,,1742.0,-17.0,1375.0,370.0,387.0,1.0,1.5440490919972945,1375.0,387.0,1741.0,21.0,1375.0,438.0,417.0,1.0,1.5440490919972945,1375.0,417.0,1500.0,-1.0,1391.0,185.0,186.0,1.0,1.5440490919972945,1391.0,186.0,1049.0,109.0,914.0,263.0,154.0,1.0,1.5440490919972945,914.0,154.0,,,,,,,,,,,,,,,,,,,,,,,,,,,,,,,,,,,,,,,,,,
C,20260728_195445,1.0,2026-07-28 19:54:50,120.0,1373.6666666666667,215.66666666666666,4.0,0.0,287.0,760.0,1722.0,,,,1527.0,73.0,1262.0,119.0,46.0,0.0,,,,1492.0,28.0,1280.0,62.0,34.0,0.0,,,,1637.0,2.0,1371.0,762.0,760.0,1.0,1.2798556060006376,1371.0,760.0,1636.0,32.0,1362.0,273.0,241.0,1.0,1.2798556060006376,1362.0,241.0,1495.0,-1.0,1388.0,346.0,347.0,1.0,1.2798556060006376,1388.0,347.0,1044.0,102.0,916.0,396.0,294.0,1.0,1.2798556060006376,916.0,294.0,,,,,,,,,,,,,,,,,,,,,,,,,,,,,,,,,,,,,,,,,,
C,20260728_195445,2.0,2026-07-28 19:54:53,120.0,1386.3333333333333,202.33333333333334,4.0,0.13210304099993664,326.5,816.0,1959.0,,,,1529.0,72.0,1263.0,117.0,45.0,0.0,,,,1547.0,12.0,1284.0,66.0,54.0,0.0,,,,1644.0,-1.0,1373.0,815.0,816.0,1.0,1.2798143399995752,1379.0,406.0,1626.0,34.0,1386.0,95.0,61.0,1.0,1.1477112989996385,1394.0,472.0,1496.0,0.0,1386.0,690.0,690.0,1.0,1.2798143399995752,1386.0,573.0,1045.0,109.0,917.0,402.0,293.0,1.0,1.2798143399995752,917.0,174.0,,,,,,,,,,,,,,,,,,,,,,,,,,,,,,,,,,,,,,,,,,
C,20260728_195445,3.0,2026-07-28 19:54:57,120.0,1378.3333333333333,226.0,4.0,0.1320887460024096,248.16666666666666,543.0,1489.0,,,,1530.0,69.0,1273.0,113.0,44.0,0.0,,,,1552.0,9.0,1228.0,81.0,72.0,0.0,,,,1651.0,-4.0,1376.0,539.0,543.0,1.0,1.2796850059967255,1387.0,407.0,1667.0,26.0,1362.0,213.0,187.0,1.0,1.4117737519991351,1362.0,187.0,1495.0,0.0,1386.0,422.0,422.0,1.0,1.2796850059967255,1386.0,141.0,1045.0,109.0,916.0,330.0,221.0,1.0,1.2796850059967255,916.0,146.0,,,,,,,,,,,,,,,,,,,,,,,,,,,,,,,,,,,,,,,,,,
C,20260728_195445,4.0,2026-07-28 19:55:00,120.0,1388.3333333333333,206.0,4.0,0.22314845299843,180.33333333333334,453.0,1082.0,,,,1541.0,69.0,1260.0,118.0,49.0,0.0,,,,1495.0,26.0,1284.0,66.0,40.0,0.0,,,,1660.0,-5.0,1369.0,448.0,453.0,1.0,1.2794630099997448,1389.0,162.0,1627.0,29.0,1378.0,45.0,16.0,1.0,1.1474932220007759,1390.0,124.0,1496.0,0.0,1386.0,313.0,313.0,1.0,1.3706416749992059,1386.0,280.0,1045.0,107.0,916.0,318.0,211.0,1.0,1.3706416749992059,916.0,256.0,,,,,,,,,,,,,,,,,,,,,,,,,,,,,,,,,,,,,,,,,,
C,20260728_195445,5.0,2026-07-28 19:55:04,120.0,1382.0,218.33333333333334,4.0,0.0,283.5,626.0,1701.0,,,,1528.0,69.0,1269.0,111.0,42.0,0.0,,,,1552.0,8.0,1238.0,57.0,49.0,0.0,,,,1647.0,-4.0,1375.0,622.0,626.0,1.0,1.2795672389984247,1375.0,626.0,1659.0,26.0,1382.0,475.0,449.0,1.0,1.2795672389984247,1382.0,449.0,1495.0,0.0,1389.0,290.0,290.0,1.0,1.2795672389984247,1389.0,290.0,1045.0,107.0,916.0,352.0,245.0,1.0,1.2795672389984247,916.0,245.0,,,,,,,,,,,,,,,,,,,,,,,,,,,,,,,,,,,,,,,,,,
C,20260728_195445,6.0,2026-07-28 19:55:07,120.0,1376.6666666666667,216.66666666666666,4.0,0.0,376.1666666666667,732.0,2257.0,,,,1540.0,64.0,1258.0,122.0,58.0,0.0,,,,1510.0,19.0,1229.0,62.0,43.0,0.0,,,,1641.0,-2.0,1374.0,730.0,732.0,1.0,1.279811136002536,1374.0,732.0,1643.0,27.0,1369.0,668.0,641.0,1.0,1.279811136002536,1369.0,641.0,1496.0,0.0,1387.0,490.0,490.0,1.0,1.279811136002536,1387.0,490.0,1045.0,107.0,917.0,400.0,293.0,1.0,1.279811136002536,917.0,293.0,,,,,,,,,,,,,,,,,,,,,,,,,,,,,,,,,,,,,,,,,,
C,20260728_195445,7.0,2026-07-28 19:55:10,120.0,1379.5,190.5,3.0,0.0,268.6666666666667,812.0,1612.0,,,,1528.0,66.0,1266.0,111.0,45.0,0.0,,,,1496.0,26.0,1241.0,58.0,32.0,0.0,,,,1644.0,-4.0,1373.0,808.0,812.0,1.0,1.2795563750005385,1373.0,812.0,1636.0,28.0,1370.0,129.0,101.0,0.0,,,,1496.0,0.0,1386.0,338.0,338.0,1.0,1.2795563750005385,1386.0,338.0,1045.0,107.0,916.0,391.0,284.0,1.0,1.2795563750005385,916.0,284.0,,,,,,,,,,,,,,,,,,,,,,,,,,,,,,,,,,,,,,,,,,
C,20260728_195445,8.0,2026-07-28 19:55:13,120.0,1387.0,202.66666666666666,4.0,0.13210412600165,236.5,615.0,1419.0,,,,1535.0,64.0,1277.0,111.0,47.0,0.0,,,,1509.0,21.0,1262.0,71.0,50.0,0.0,,,,1645.0,-6.0,1374.0,609.0,615.0,1.0,1.279361381999479,1381.0,466.0,1628.0,27.0,1387.0,49.0,22.0,1.0,1.147257255997829,1394.0,403.0,1496.0,0.0,1386.0,458.0,458.0,1.0,1.279361381999479,1386.0,491.0,1045.0,107.0,916.0,334.0,227.0,1.0,1.279361381999479,916.0,184.0,,,,,,,,,,,,,,,,,,,,,,,,,,,,,,,,,,,,,,,,,,
C,20260728_195445,9.0,2026-07-28 19:55:17,120.0,1384.0,220.33333333333334,4.0,0.0,439.1666666666667,992.0,2635.0,,,,1545.0,64.0,1261.0,118.0,54.0,0.0,,,,1529.0,12.0,1272.0,54.0,42.0,0.0,,,,1647.0,-4.0,1362.0,516.0,520.0,1.0,1.2792522210002062,1373.0,467.0,1670.0,22.0,1377.0,1014.0,992.0,1.0,1.2792522210002062,1393.0,376.0,1496.0,0.0,1389.0,765.0,765.0,1.0,1.2792522210002062,1386.0,219.0,1045.0,103.0,916.0,365.0,262.0,1.0,1.2792522210002062,916.0,185.0,,,,,,,,,,,,,,,,,,,,,,,,,,,,,,,,,,,,,,,,,,
C,20260728_195445,10.0,2026-07-28 19:55:20,120.0,1379.0,217.0,4.0,0.0,377.5,698.0,2265.0,,,,1528.0,64.0,1269.0,109.0,45.0,0.0,,,,1542.0,10.0,1276.0,62.0,52.0,0.0,,,,1635.0,-6.0,1368.0,692.0,698.0,1.0,1.2799805790018581,1368.0,698.0,1657.0,21.0,1382.0,681.0,660.0,1.0,1.2799805790018581,1382.0,660.0,1496.0,0.0,1387.0,525.0,525.0,1.0,1.2799805790018581,1387.0,525.0,1046.0,107.0,916.0,392.0,285.0,1.0,1.2799805790018581,916.0,285.0,,,,,,,,,,,,,,,,,,,,,,,,,,,,,,,,,,,,,,,,,,
C,20260728_195445,11.0,2026-07-28 19:55:23,120.0,1378.6666666666667,216.33333333333334,4.0,0.0,371.6666666666667,763.0,2230.0,,,,1540.0,66.0,1282.0,107.0,41.0,0.0,,,,1545.0,9.0,1282.0,54.0,45.0,0.0,,,,1640.0,-7.0,1370.0,632.0,639.0,1.0,1.2803631410024536,1370.0,639.0,1649.0,22.0,1379.0,785.0,763.0,1.0,1.2803631410024536,1379.0,763.0,1496.0,0.0,1387.0,474.0,474.0,1.0,1.2803631410024536,1387.0,474.0,1046.0,106.0,913.0,374.0,268.0,1.0,1.2803631410024536,913.0,268.0,,,,,,,,,,,,,,,,,,,,,,,,,,,,,,,,,,,,,,,,,,
C,20260728_195445,12.0,2026-07-28 19:55:26,120.0,1352.6666666666667,210.33333333333334,4.0,0.26403850900169346,187.83333333333334,483.0,1127.0,,,,1550.0,64.0,1287.0,107.0,43.0,0.0,,,,1552.0,7.0,1292.0,70.0,63.0,1.0,1.0153676609988906,1304.0,133.0,1641.0,-6.0,1357.0,477.0,483.0,1.0,1.279406170000584,1368.0,481.0,1647.0,23.0,1352.0,49.0,26.0,0.0,,,,1496.0,-1.0,1386.0,278.0,279.0,1.0,1.1474287810015085,1386.0,135.0,1045.0,93.0,916.0,326.0,233.0,1.0,1.1474287810015085,916.0,210.0,,,,,,,,,,,,,,,,,,,,,,,,,,,,,,,,,,,,,,,,,,
C,20260728_195445,13.0,2026-07-28 19:55:29,120.0,1340.0,220.66666666666666,4.0,0.1321215440002561,216.83333333333334,643.0,1301.0,,,,1556.0,65.0,1294.0,104.0,39.0,0.0,,,,1561.0,5.0,1228.0,83.0,78.0,1.0,1.1472658490019967,1265.0,250.0,1625.0,-6.0,1369.0,637.0,643.0,1.0,1.2793873930022528,1369.0,643.0,1627.0,27.0,1360.0,51.0,24.0,0.0,,,,1496.0,0.0,1386.0,276.0,276.0,1.0,1.1472658490019967,1386.0,140.0,1046.0,105.0,913.0,346.0,241.0,1.0,1.1472658490019967,915.0,294.0,,,,,,,,,,,,,,,,,,,,,,,,,,,,,,,,,,,,,,,,,,
C,20260728_195445,14.0,2026-07-28 19:55:32,120.0,0.0,0.0,0.0,0.0,37.666666666666664,77.0,226.0,,,,1572.0,62.0,1237.0,139.0,77.0,0.0,,,,1518.0,16.0,1251.0,67.0,51.0,0.0,,,,1642.0,-8.0,1371.0,29.0,37.0,0.0,,,,1627.0,29.0,1367.0,45.0,16.0,0.0,,,,1495.0,0.0,1386.0,21.0,21.0,0.0,,,,1044.0,109.0,916.0,133.0,24.0,0.0,,,,,,,,,,,,,,,,,,,,,,,,,,,,,,,,,,,,,,,,,,,,,
C,20260728_195445,15.0,2026-07-28 19:55:36,120.0,1391.0,170.0,2.0,0.0,299.8333333333333,911.0,1799.0,,,,1505.0,69.0,1246.0,113.0,44.0,0.0,,,,1518.0,15.0,1276.0,57.0,42.0,0.0,,,,1626.0,-6.0,1366.0,89.0,95.0,0.0,,,,1627.0,27.0,1386.0,938.0,911.0,1.0,1.1475491430028342,1395.0,581.0,1495.0,0.0,1387.0,641.0,641.0,1.0,1.1475491430028342,1387.0,158.0,1045.0,107.0,916.0,173.0,66.0,0.0,,,,,,,,,,,,,,,,,,,,,,,,,,,,,,,,,,,,,,,,,,,,,
C,20260728_195445,16.0,2026-07-28 19:55:39,120.0,1387.5,173.5,3.0,0.12185840399979497,164.16666666666666,372.0,985.0,,,,1515.0,66.0,1258.0,113.0,47.0,0.0,,,,1542.0,9.0,1276.0,83.0,74.0,0.0,,,,1627.0,-8.0,1379.0,364.0,372.0,1.0,1.1576565079994907,1390.0,194.0,1673.0,20.0,1361.0,92.0,72.0,0.0,,,,1495.0,0.0,1385.0,265.0,265.0,1.0,1.2795149119992857,1385.0,313.0,1045.0,106.0,916.0,261.0,155.0,1.0,1.2795149119992857,916.0,195.0,,,,,,,,,,,,,,,,,,,,,,,,,,,,,,,,,,,,,,,,,,
C,20260728_195445,17.0,2026-07-28 19:55:42,120.0,1391.0,170.5,2.0,0.0,279.1666666666667,847.0,1675.0,,,,1527.0,66.0,1267.0,109.0,43.0,0.0,,,,1545.0,9.0,1284.0,57.0,48.0,0.0,,,,1657.0,-10.0,1384.0,76.0,86.0,0.0,,,,1627.0,27.0,1384.0,874.0,847.0,1.0,1.147527667999384,1395.0,522.0,1496.0,0.0,1387.0,572.0,572.0,1.0,1.147527667999384,1387.0,137.0,1046.0,106.0,917.0,185.0,79.0,0.0,,,,,,,,,,,,,,,,,,,,,,,,,,,,,,,,,,,,,,,,,,,,,
C,20260728_195445,18.0,2026-07-28 19:55:45,120.0,1387.0,108.0,1.0,0.0,37.5,60.0,225.0,,,,1535.0,63.0,1279.0,109.0,46.0,0.0,,,,1550.0,6.0,1284.0,66.0,60.0,0.0,,,,1649.0,-11.0,1359.0,31.0,42.0,0.0,,,,1671.0,20.0,1367.0,50.0,30.0,0.0,,,,1495.0,0.0,1386.0,21.0,21.0,1.0,1.0257088759972248,1387.0,127.0,1045.0,105.0,917.0,131.0,26.0,0.0,,,,,,,,,,,,,,,,,,,,,,,,,,,,,,,,,,,,,,,,,,,,,
C,20260728_195445,19.0,2026-07-28 19:55:49,120.0,1383.6666666666667,203.66666666666666,4.0,0.13195713499953854,339.5,836.0,2037.0,,,,1548.0,64.0,1288.0,106.0,42.0,0.0,,,,1552.0,6.0,1251.0,57.0,51.0,0.0,,,,1640.0,-9.0,1371.0,827.0,836.0,1.0,1.2793894189999264,1371.0,766.0,1626.0,27.0,1380.0,132.0,105.0,1.0,1.1474322840003879,1392.0,410.0,1496.0,0.0,1388.0,705.0,705.0,1.0,1.2793894189999264,1388.0,631.0,1045.0,105.0,917.0,403.0,298.0,1.0,1.2793894189999264,916.0,291.0,,,,,,,,,,,,,,,,,,,,,,,,,,,,,,,,,,,,,,,,,,
A,20260728_195915,0.0,2026-07-28 19:59:18,120.0,1487.3333333333333,173.33333333333334,4.0,0.25397186600093846,265.5,610.0,1593.0,,,,1741.0,60.0,1238.0,146.0,86.0,0.0,,,,1741.0,2.0,1232.0,93.0,91.0,0.0,,,,1739.0,-12.0,1502.0,598.0,610.0,1.0,1.1579432749967964,1512.0,293.0,1744.0,20.0,1538.0,143.0,123.0,1.0,1.0258618289990409,1559.0,146.0,1499.0,-1.0,1391.0,533.0,534.0,1.0,1.1579432749967964,1391.0,338.0,1049.0,109.0,914.0,258.0,149.0,1.0,1.2798336949999793,913.0,145.0,,,,,,,,,,,,,,,,,,,,,,,,,,,,,,,,,,,,,,,,,,
A,20260728_195915,1.0,2026-07-28 19:59:21,120.0,1483.6666666666667,175.66666666666666,4.0,0.23338352000064333,309.5,824.0,1857.0,,,,1505.0,75.0,1243.0,122.0,47.0,0.0,,,,1493.0,30.0,1277.0,83.0,53.0,0.0,,,,1739.0,-16.0,1499.0,808.0,824.0,1.0,1.1477427339996211,1512.0,305.0,1744.0,19.0,1540.0,70.0,51.0,1.0,1.0157210380020842,1553.0,349.0,1495.0,0.0,1386.0,688.0,688.0,1.0,1.1477427339996211,1386.0,469.0,1044.0,109.0,917.0,303.0,194.0,1.0,1.2491045580027276,916.0,176.0,,,,,,,,,,,,,,,,,,,,,,,,,,,,,,,,,,,,,,,,,,
A,20260728_195915,2.0,2026-07-28 19:59:24,120.0,1458.3333333333333,200.66666666666666,4.0,0.13205279300018447,386.5,1025.0,2319.0,,,,1516.0,71.0,1250.0,120.0,49.0,0.0,,,,1545.0,12.0,1284.0,62.0,50.0,0.0,,,,1739.0,-17.0,1455.0,1008.0,1025.0,1.0,1.2796248939994257,1466.0,609.0,1742.0,19.0,1507.0,128.0,109.0,1.0,1.1475721009992412,1520.0,456.0,1496.0,0.0,1390.0,827.0,827.0,1.0,1.1475721009992412,1389.0,238.0,1046.0,109.0,916.0,368.0,259.0,1.0,1.2796248939994257,917.0,141.0,,,,,,,,,,,,,,,,,,,,,,,,,,,,,,,,,,,,,,,,,,
A,20260728_195915,3.0,2026-07-28 19:59:27,120.0,1400.0,121.0,3.0,0.1320112670000526,350.5,906.0,2103.0,,,,1518.0,69.0,1258.0,115.0,46.0,0.0,,,,1547.0,9.0,1382.0,719.0,710.0,1.0,0.7717505799992068,1397.0,286.0,1731.0,-16.0,1548.0,14.0,30.0,0.0,,,,1741.0,17.0,1546.0,34.0,17.0,0.0,,,,1495.0,0.0,1396.0,906.0,906.0,1.0,0.9037618469992594,1403.0,591.0,1044.0,107.0,918.0,501.0,394.0,1.0,0.7717505799992068,916.0,137.0,,,,,,,,,,,,,,,,,,,,,,,,,,,,,,,,,,,,,,,,,,
A,20260728_195915,4.0,2026-07-28 19:59:30,120.0,1464.0,196.0,5.0,0.2538128960004542,521.8333333333334,1020.0,3131.0,,,,1527.0,69.0,1268.0,111.0,42.0,0.0,,,,1662.0,-2.0,1428.0,42.0,44.0,1.0,0.9036014369994518,1445.0,149.0,1739.0,-21.0,1487.0,861.0,882.0,1.0,1.157414332999906,1506.0,534.0,1743.0,17.0,1494.0,950.0,933.0,1.0,1.157414332999906,1514.0,549.0,1496.0,0.0,1393.0,1020.0,1020.0,1.0,1.025424182000279,1391.0,261.0,1046.0,107.0,913.0,317.0,210.0,1.0,1.025424182000279,913.0,168.0,,,,,,,,,,,,,,,,,,,,,,,,,,,,,,,,,,,,,,,,,,
A,20260728_195915,5.0,2026-07-28 19:59:34,120.0,1450.0,223.0,5.0,0.2641576099995291,349.8333333333333,731.0,2099.0,,,,1539.0,66.0,1260.0,113.0,47.0,0.0,,,,1718.0,-6.0,1284.0,163.0,169.0,1.0,1.2796409700022195,1353.0,248.0,1739.0,-21.0,1502.0,541.0,562.0,1.0,1.1475792490018648,1514.0,341.0,1739.0,15.0,1530.0,353.0,338.0,1.0,1.0154833600026905,1546.0,429.0,1496.0,0.0,1387.0,731.0,731.0,1.0,1.0154833600026905,1387.0,151.0,1046.0,107.0,917.0,359.0,252.0,1.0,1.2796409700022195,916.0,261.0,,,,,,,,,,,,,,,,,,,,,,,,,,,,,,,,,,,,,,,,,,
A,20260728_195915,6.0,2026-07-28 19:59:37,120.0,1474.0,185.66666666666666,4.0,0.2639903669987689,362.5,936.0,2175.0,,,,1528.0,66.0,1265.0,111.0,45.0,0.0,,,,1548.0,10.0,1286.0,58.0,48.0,0.0,,,,1739.0,-21.0,1483.0,915.0,936.0,1.0,1.2795676579989959,1483.0,936.0,1744.0,15.0,1535.0,251.0,236.0,1.0,1.015577291000227,1553.0,370.0,1496.0,0.0,1386.0,697.0,697.0,1.0,1.147598421001021,1386.0,485.0,1045.0,105.0,916.0,318.0,213.0,1.0,1.2795676579989959,916.0,213.0,,,,,,,,,,,,,,,,,,,,,,,,,,,,,,,,,,,,,,,,,,
A,20260728_195915,7.0,2026-07-28 19:59:40,120.0,1479.3333333333333,180.33333333333334,4.0,0.22325376799926744,313.6666666666667,666.0,1882.0,,,,1533.0,65.0,1272.0,111.0,46.0,0.0,,,,1553.0,8.0,1223.0,87.0,79.0,0.0,,,,1739.0,-23.0,1484.0,627.0,650.0,1.0,1.1475446490003378,1499.0,305.0,1744.0,14.0,1539.0,299.0,285.0,1.0,1.025668082998891,1553.0,308.0,1496.0,0.0,1386.0,666.0,666.0,1.0,1.1475446490003378,1386.0,471.0,1046.0,106.0,915.0,262.0,156.0,1.0,1.2489218509981583,915.0,160.0,,,,,,,,,,,,,,,,,,,,,,,,,,,,,,,,,,,,,,,,,,
A,20260728_195915,8.0,2026-07-28 19:59:44,120.0,1475.0,184.66666666666666,4.0,0.2538853689984535,308.0,860.0,1848.0,,,,1540.0,62.0,1280.0,107.0,45.0,0.0,,,,1492.0,27.0,1280.0,58.0,31.0,0.0,,,,1739.0,-21.0,1478.0,839.0,860.0,1.0,1.2796617159983725,1478.0,860.0,1744.0,15.0,1540.0,156.0,141.0,1.0,1.025776346999919,1560.0,187.0,1496.0,0.0,1388.0,569.0,569.0,1.0,1.1578395039978204,1387.0,393.0,1045.0,106.0,916.0,308.0,202.0,1.0,1.2796617159983725,916.0,202.0,,,,,,,,,,,,,,,,,,,,,,,,,,,,,,,,,,,,,,,,,,
A,20260728_195915,9.0,2026-07-28 19:59:47,120.0,1469.6666666666667,189.0,4.0,0.2538769130005676,344.5,875.0,2067.0,,,,1549.0,64.0,1289.0,104.0,40.0,0.0,,,,1548.0,7.0,1283.0,56.0,49.0,0.0,,,,1736.0,-23.0,1470.0,852.0,875.0,1.0,1.279513785000745,1470.0,875.0,1744.0,15.0,1534.0,270.0,255.0,1.0,1.0256368720001774,1552.0,415.0,1496.0,0.0,1387.0,640.0,640.0,1.0,1.0256368720001774,1387.0,153.0,1045.0,105.0,917.0,313.0,208.0,1.0,1.279513785000745,917.0,208.0,,,,,,,,,,,,,,,,,,,,,,,,,,,,,,,,,,,,,,,,,,
A,20260728_195915,10.0,2026-07-28 19:59:50,120.0,1481.0,176.0,4.0,0.22325925800032564,328.3333333333333,829.0,1970.0,,,,1565.0,63.0,1250.0,118.0,55.0,0.0,,,,1552.0,7.0,1223.0,84.0,77.0,0.0,,,,1734.0,-23.0,1486.0,806.0,829.0,1.0,1.1475036759984505,1506.0,171.0,1741.0,15.0,1538.0,110.0,95.0,1.0,1.015425804998813,1551.0,393.0,1496.0,0.0,1386.0,714.0,714.0,1.0,1.015425804998813,1386.0,126.0,1046.0,105.0,916.0,305.0,200.0,1.0,1.2386850629991386,916.0,180.0,,,,,,,,,,,,,,,,,,,,,,,,,,,,,,,,,,,,,,,,,,
A,20260728_195915,11.0,2026-07-28 19:59:53,120.0,1482.3333333333333,177.0,4.0,0.22324638899954152,331.3333333333333,849.0,1988.0,,,,1518.0,66.0,1257.0,113.0,47.0,0.0,,,,1492.0,27.0,1277.0,56.0,29.0,0.0,,,,1739.0,-23.0,1496.0,826.0,849.0,1.0,1.1474391549963912,1511.0,258.0,1743.0,15.0,1532.0,245.0,230.0,1.0,1.0154087189985148,1550.0,378.0,1496.0,0.0,1386.0,646.0,646.0,1.0,1.0154087189985148,1386.0,134.0,1045.0,105.0,916.0,292.0,187.0,1.0,1.2386551079980563,916.0,187.0,,,,,,,,,,,,,,,,,,,,,,,,,,,,,,,,,,,,,,,,,,
A,20260728_195915,12.0,2026-07-28 19:59:56,120.0,1482.0,176.66666666666666,4.0,0.22317198499877122,342.8333333333333,826.0,2057.0,,,,1528.0,64.0,1266.0,111.0,47.0,0.0,,,,1546.0,9.0,1288.0,56.0,47.0,0.0,,,,1739.0,-23.0,1490.0,803.0,826.0,1.0,1.1475240649997431,1509.0,165.0,1741.0,13.0,1532.0,249.0,236.0,1.0,1.0155329530025483,1550.0,353.0,1496.0,0.0,1387.0,712.0,712.0,1.0,1.1475240649997431,1387.0,470.0,1045.0,106.0,916.0,295.0,189.0,1.0,1.2387049380013195,917.0,174.0,,,,,,,,,,,,,,,,,,,,,,,,,,,,,,,,,,,,,,,,,,
A,20260728_195915,13.0,2026-07-28 20:00:00,120.0,1481.0,177.33333333333334,4.0,0.22322727499704342,326.8333333333333,811.0,1961.0,,,,1534.0,66.0,1273.0,111.0,45.0,0.0,,,,1560.0,4.0,1223.0,85.0,81.0,0.0,,,,1739.0,-23.0,1488.0,788.0,811.0,1.0,1.1475856180004484,1509.0,130.0,1741.0,14.0,1537.0,129.0,115.0,1.0,1.01554092600054,1548.0,428.0,1495.0,0.0,1386.0,718.0,718.0,1.0,1.01554092600054,1386.0,154.0,1046.0,105.0,916.0,296.0,191.0,1.0,1.2387682009975833,916.0,166.0,,,,,,,,,,,,,,,,,,,,,,,,,,,,,,,,,,,,,,,,,,
A,20260728_195915,14.0,2026-07-28 20:00:03,120.0,1480.0,178.66666666666666,4.0,0.22311686200191616,319.6666666666667,700.0,1918.0,,,,1540.0,62.0,1282.0,107.0,45.0,0.0,,,,1492.0,26.0,1280.0,60.0,34.0,0.0,,,,1739.0,-25.0,1485.0,675.0,700.0,1.0,1.147369031998096,1502.0,316.0,1741.0,14.0,1534.0,301.0,287.0,1.0,1.025590014996851,1551.0,310.0,1496.0,0.0,1386.0,687.0,687.0,1.0,1.147369031998096,1387.0,461.0,1045.0,105.0,917.0,270.0,165.0,1.0,1.2487068769987673,916.0,171.0,,,,,,,,,,,,,,,,,,,,,,,,,,,,,,,,,,,,,,,,,,
A,20260728_195915,15.0,2026-07-28 20:00:06,120.0,1449.75,180.75,5.0,0.34508438800185104,257.1666666666667,807.0,1543.0,,,,1551.0,64.0,1292.0,102.0,38.0,0.0,,,,1547.0,6.0,1328.0,54.0,48.0,1.0,0.9037854640009755,1345.0,120.0,1739.0,-23.0,1492.0,784.0,807.0,1.0,1.1576924250002776,1509.0,216.0,1741.0,14.0,1541.0,27.0,13.0,1.0,1.0256655459998,1559.0,138.0,1495.0,0.0,1386.0,449.0,449.0,1.0,1.1576924250002776,1386.0,283.0,1045.0,105.0,916.0,293.0,188.0,1.0,1.2488698520028265,916.0,188.0,,,,,,,,,,,,,,,,,,,,,,,,,,,,,,,,,,,,,,,,,,
A,20260728_195915,16.0,2026-07-28 20:00:10,120.0,1481.6666666666667,177.0,4.0,0.2232563880024827,328.6666666666667,827.0,1972.0,,,,1561.0,64.0,1249.0,115.0,51.0,0.0,,,,1597.0,2.0,1223.0,83.0,81.0,0.0,,,,1739.0,-23.0,1489.0,804.0,827.0,1.0,1.1576115950010717,1509.0,131.0,1741.0,13.0,1537.0,120.0,107.0,1.0,1.0255459420004627,1549.0,437.0,1496.0,0.0,1387.0,712.0,712.0,1.0,1.0255459420004627,1387.0,146.0,1046.0,105.0,913.0,299.0,194.0,1.0,1.2488023300029454,913.0,171.0,,,,,,,,,,,,,,,,,,,,,,,,,,,,,,,,,,,,,,,,,,
A,20260728_195915,17.0,2026-07-28 20:00:13,120.0,1481.6666666666667,177.0,4.0,0.22321126599854324,353.5,874.0,2121.0,,,,1517.0,64.0,1258.0,111.0,47.0,0.0,,,,1493.0,25.0,1277.0,56.0,31.0,0.0,,,,1739.0,-25.0,1496.0,849.0,874.0,1.0,1.1578912299992226,1511.0,265.0,1741.0,15.0,1532.0,302.0,287.0,1.0,1.0258416249998845,1548.0,425.0,1496.0,0.0,1386.0,695.0,695.0,1.0,1.0258416249998845,1386.0,149.0,1046.0,105.0,916.0,292.0,187.0,1.0,1.2490528909984278,916.0,187.0,,,,,,,,,,,,,,,,,,,,,,,,,,,,,,,,,,,,,,,,,,
A,20260728_195915,18.0,2026-07-28 20:00:16,120.0,1485.6666666666667,173.0,4.0,0.2232498379999015,292.5,847.0,1755.0,,,,1528.0,64.0,1268.0,109.0,45.0,0.0,,,,1542.0,8.0,1276.0,70.0,62.0,0.0,,,,1739.0,-23.0,1499.0,824.0,847.0,1.0,1.157135144003405,1512.0,309.0,1741.0,13.0,1543.0,51.0,38.0,1.0,1.0250528600008693,1559.0,186.0,1496.0,0.0,1386.0,569.0,569.0,1.0,1.157135144003405,1386.0,403.0,1046.0,104.0,917.0,298.0,194.0,1.0,1.2483026980007708,917.0,194.0,,,,,,,,,,,,,,,,,,,,,,,,,,,,,,,,,,,,,,,,,,
A,20260728_195915,19.0,2026-07-28 20:00:19,120.0,1482.6666666666667,176.0,4.0,0.22325129799719434,344.0,865.0,2064.0,,,,1536.0,64.0,1272.0,108.0,44.0,0.0,,,,1568.0,2.0,1233.0,78.0,76.0,0.0,,,,1739.0,-25.0,1496.0,840.0,865.0,1.0,1.1473638850002317,1511.0,254.0,1741.0,14.0,1532.0,252.0,238.0,1.0,1.0153097690017603,1550.0,342.0,1496.0,0.0,1387.0,652.0,652.0,1.0,1.0153097690017603,1387.0,124.0,1046.0,105.0,917.0,294.0,189.0,1.0,1.2385610669989546,917.0,189.0,,,,,,,,,,,,,,,,,,,,,,,,,,,,,,,,,,,,,,,,,,
B,20260728_200039,0.0,2026-07-28 20:00:42,120.0,1409.6666666666667,250.33333333333334,4.0,0.2640612440009136,147.16666666666666,294.0,883.0,,,,1742.0,55.0,1262.0,122.0,67.0,0.0,,,,1742.0,-4.0,1223.0,93.0,97.0,0.0,,,,1739.0,-19.0,1370.0,108.0,127.0,1.0,1.5434909610012255,1384.0,730.0,1741.0,19.0,1437.0,249.0,230.0,1.0,1.279429717000312,1454.0,188.0,1500.0,-3.0,1391.0,291.0,294.0,1.0,1.4114689779999026,1391.0,303.0,1050.0,111.0,914.0,179.0,68.0,1.0,1.5434909610012255,915.0,244.0,,,,,,,,,,,,,,,,,,,,,,,,,,,,,,,,,,,,,,,,,,
B,20260728_200039,1.0,2026-07-28 20:00:45,120.0,1406.5,164.5,3.0,0.0,248.5,854.0,1491.0,,,,1529.0,69.0,1270.0,111.0,42.0,0.0,,,,1492.0,28.0,1279.0,58.0,30.0,0.0,,,,1647.0,-4.0,1427.0,850.0,854.0,1.0,1.1479749449972587,1427.0,854.0,1728.0,19.0,1484.0,40.0,21.0,0.0,,,,1495.0,0.0,1386.0,310.0,310.0,1.0,1.1479749449972587,1386.0,310.0,1045.0,107.0,917.0,341.0,234.0,1.0,1.1479749449972587,917.0,234.0,,,,,,,,,,,,,,,,,,,,,,,,,,,,,,,,,,,,,,,,,,
B,20260728_200039,2.0,2026-07-28 20:00:48,120.0,1417.3333333333333,228.66666666666666,4.0,0.12188122500083409,471.6666666666667,1159.0,2830.0,,,,1538.0,66.0,1275.0,109.0,43.0,0.0,,,,1547.0,9.0,1284.0,57.0,48.0,0.0,,,,1711.0,-15.0,1432.0,529.0,544.0,1.0,1.2797941019998689,1441.0,793.0,1731.0,18.0,1425.0,1177.0,1159.0,1.0,1.401675327000703,1425.0,1159.0,1496.0,0.0,1389.0,816.0,816.0,1.0,1.2797941019998689,1386.0,235.0,1046.0,107.0,916.0,327.0,220.0,1.0,1.2797941019998689,916.0,206.0,,,,,,,,,,,,,,,,,,,,,,,,,,,,,,,,,,,,,,,,,,
B,20260728_200039,3.0,2026-07-28 20:00:51,120.0,1414.5,189.5,2.0,0.0,285.1666666666667,1094.0,1711.0,,,,1543.0,65.0,1282.0,105.0,40.0,0.0,,,,1552.0,8.0,1240.0,62.0,54.0,0.0,,,,1723.0,-19.0,1452.0,21.0,40.0,0.0,,,,1712.0,19.0,1443.0,1113.0,1094.0,1.0,1.2799828399984108,1443.0,1094.0,1496.0,0.0,1386.0,436.0,436.0,1.0,1.2799828399984108,1386.0,436.0,1045.0,106.0,917.0,153.0,47.0,0.0,,,,,,,,,,,,,,,,,,,,,,,,,,,,,,,,,,,,,,,,,,,,,
B,20260728_200039,4.0,2026-07-28 20:00:54,120.0,1416.6666666666667,232.66666666666666,4.0,0.13209647099938593,455.0,1018.0,2730.0,,,,1550.0,65.0,1290.0,105.0,40.0,0.0,,,,1516.0,16.0,1248.0,62.0,46.0,0.0,,,,1721.0,-19.0,1429.0,582.0,601.0,1.0,1.2799471149992314,1444.0,653.0,1731.0,18.0,1420.0,1036.0,1018.0,1.0,1.4120435859986173,1420.0,1018.0,1496.0,0.0,1387.0,802.0,802.0,1.0,1.2799471149992314,1386.0,191.0,1045.0,105.0,913.0,328.0,223.0,1.0,1.2799471149992314,913.0,173.0,,,,,,,,,,,,,,,,,,,,,,,,,,,,,,,,,,,,,,,,,,
B,20260728_200039,5.0,2026-07-28 20:00:58,120.0,1429.6666666666667,210.0,4.0,0.22325213400108623,286.0,778.0,1716.0,,,,1560.0,64.0,1300.0,103.0,39.0,0.0,,,,1518.0,13.0,1273.0,60.0,47.0,0.0,,,,1729.0,-15.0,1433.0,763.0,778.0,1.0,1.280032183000003,1446.0,261.0,1694.0,18.0,1440.0,93.0,75.0,1.0,1.15816403899953,1456.0,129.0,1496.0,0.0,1387.0,553.0,553.0,1.0,1.280032183000003,1387.0,301.0,1046.0,105.0,916.0,329.0,224.0,1.0,1.3814161730006163,916.0,227.0,,,,,,,,,,,,,,,,,,,,,,,,,,,,,,,,,,,,,,,,,,
B,20260728_200039,6.0,2026-07-28 20:01:01,120.0,1432.3333333333333,218.33333333333334,4.0,0.10137765399849741,413.8333333333333,834.0,2483.0,,,,1571.0,62.0,1262.0,111.0,49.0,0.0,,,,1545.0,9.0,1283.0,55.0,46.0,0.0,,,,1725.0,-19.0,1427.0,706.0,725.0,1.0,1.2799422450007114,1453.0,177.0,1731.0,15.0,1433.0,622.0,607.0,1.0,1.2799422450007114,1457.0,162.0,1496.0,0.0,1387.0,834.0,834.0,1.0,1.3813198989992088,1387.0,498.0,1046.0,105.0,916.0,327.0,222.0,1.0,1.3813198989992088,917.0,197.0,,,,,,,,,,,,,,,,,,,,,,,,,,,,,,,,,,,,,,,,,,
B,20260728_200039,7.0,2026-07-28 20:01:05,120.0,0.0,0.0,0.0,0.0,41.166666666666664,65.0,247.0,,,,1529.0,66.0,1272.0,111.0,45.0,0.0,,,,1551.0,5.0,1243.0,70.0,65.0,0.0,,,,1719.0,-21.0,1361.0,31.0,52.0,0.0,,,,1724.0,13.0,1360.0,49.0,36.0,0.0,,,,1496.0,0.0,1386.0,23.0,23.0,0.0,,,,1046.0,105.0,917.0,131.0,26.0,0.0,,,,,,,,,,,,,,,,,,,,,,,,,,,,,,,,,,,,,,,,,,,,,
B,20260728_200039,8.0,2026-07-28 20:01:08,120.0,1423.0,160.0,4.0,0.0,558.1666666666666,1043.0,3349.0,,,,1539.0,64.0,1258.0,120.0,56.0,0.0,,,,1509.0,18.0,1233.0,72.0,54.0,0.0,,,,1627.0,-5.0,1429.0,889.0,894.0,1.0,1.0156479420002142,1440.0,646.0,1626.0,27.0,1425.0,1070.0,1043.0,1.0,1.0156479420002142,1440.0,632.0,1496.0,0.0,1391.0,1013.0,1013.0,1.0,1.0156479420002142,1389.0,406.0,1044.0,105.0,916.0,394.0,289.0,1.0,1.0156479420002142,916.0,197.0,,,,,,,,,,,,,,,,,,,,,,,,,,,,,,,,,,,,,,,,,,
B,20260728_200039,9.0,2026-07-28 20:01:11,120.0,1437.3333333333333,206.66666666666666,4.0,0.22328293999817106,287.0,855.0,1722.0,,,,1528.0,64.0,1269.0,109.0,45.0,0.0,,,,1493.0,25.0,1280.0,56.0,31.0,0.0,,,,1721.0,-23.0,1437.0,832.0,855.0,1.0,1.279913084999862,1449.0,271.0,1715.0,15.0,1457.0,74.0,59.0,1.0,1.1478116739999678,1477.0,127.0,1496.0,0.0,1386.0,507.0,507.0,1.0,1.279913084999862,1386.0,277.0,1045.0,105.0,916.0,330.0,225.0,1.0,1.3710946139981388,916.0,225.0,,,,,,,,,,,,,,,,,,,,,,,,,,,,,,,,,,,,,,,,,,
B,20260728_200039,10.0,2026-07-28 20:01:14,120.0,1446.0,206.66666666666666,3.0,0.22320891200070037,129.16666666666666,314.0,775.0,,,,1536.0,64.0,1252.0,127.0,63.0,0.0,,,,1549.0,6.0,1288.0,62.0,56.0,0.0,,,,1729.0,-21.0,1489.0,6.0,27.0,1.0,1.1478383249996114,1502.0,125.0,1733.0,14.0,1429.0,328.0,314.0,1.0,1.2799250070020207,1450.0,224.0,1496.0,0.0,1386.0,247.0,247.0,1.0,1.3710472370003117,1386.0,283.0,1044.0,105.0,916.0,173.0,68.0,0.0,,,,,,,,,,,,,,,,,,,,,,,,,,,,,,,,,,,,,,,,,,,,,
B,20260728_200039,11.0,2026-07-28 20:01:18,120.0,1428.6666666666667,222.66666666666666,4.0,0.08099848899655626,435.8333333333333,970.0,2615.0,,,,1520.0,64.0,1237.0,124.0,60.0,0.0,,,,1556.0,5.0,1244.0,55.0,50.0,0.0,,,,1739.0,-23.0,1438.0,620.0,643.0,1.0,1.2796756690004258,1457.0,204.0,1719.0,15.0,1429.0,985.0,970.0,1.0,1.2796756690004258,1443.0,647.0,1496.0,0.0,1388.0,686.0,686.0,1.0,1.2796756690004258,1386.0,178.0,1045.0,105.0,916.0,311.0,206.0,1.0,1.360674157996982,916.0,206.0,,,,,,,,,,,,,,,,,,,,,,,,,,,,,,,,,,,,,,,,,,
B,20260728_200039,12.0,2026-07-28 20:01:21,120.0,1427.6666666666667,221.0,4.0,0.09119192700018175,499.6666666666667,979.0,2998.0,,,,1505.0,68.0,1241.0,113.0,45.0,0.0,,,,1510.0,17.0,1229.0,59.0,42.0,0.0,,,,1729.0,-18.0,1433.0,786.0,804.0,1.0,1.2796838390022458,1449.0,366.0,1721.0,14.0,1434.0,993.0,979.0,1.0,1.2796838390022458,1448.0,707.0,1496.0,0.0,1389.0,877.0,877.0,1.0,1.2796838390022458,1386.0,254.0,1045.0,104.0,916.0,355.0,251.0,1.0,1.3708757660024276,916.0,251.0,,,,,,,,,,,,,,,,,,,,,,,,,,,,,,,,,,,,,,,,,,
B,20260728_200039,13.0,2026-07-28 20:01:24,120.0,1424.3333333333333,224.0,4.0,0.0,419.8333333333333,886.0,2519.0,,,,1509.0,63.0,1252.0,111.0,48.0,0.0,,,,1496.0,22.0,1240.0,56.0,34.0,0.0,,,,1724.0,-20.0,1434.0,866.0,886.0,1.0,1.27807671499977,1447.0,645.0,1725.0,13.0,1423.0,639.0,626.0,1.0,1.27807671499977,1439.0,220.0,1496.0,0.0,1388.0,669.0,669.0,1.0,1.27807671499977,1387.0,169.0,1045.0,105.0,917.0,361.0,256.0,1.0,1.27807671499977,916.0,158.0,,,,,,,,,,,,,,,,,,,,,,,,,,,,,,,,,,,,,,,,,,
B,20260728_200039,14.0,2026-07-28 20:01:27,120.0,1427.6666666666667,217.0,4.0,0.09123309699862148,471.5,1032.0,2829.0,,,,1525.0,62.0,1266.0,107.0,45.0,0.0,,,,1508.0,18.0,1251.0,52.0,34.0,0.0,,,,1726.0,-24.0,1434.0,731.0,755.0,1.0,1.2798566589990514,1454.0,193.0,1712.0,15.0,1423.0,1047.0,1032.0,1.0,1.2798566589990514,1443.0,361.0,1496.0,0.0,1388.0,716.0,716.0,1.0,1.2798566589990514,1386.0,158.0,1046.0,106.0,916.0,353.0,247.0,1.0,1.371089755997673,916.0,247.0,,,,,,,,,,,,,,,,,,,,,,,,,,,,,,,,,,,,,,,,,,
B,20260728_200039,15.0,2026-07-28 20:01:30,120.0,1423.6666666666667,220.33333333333334,4.0,0.0,532.0,1031.0,3192.0,,,,1535.0,62.0,1270.0,107.0,45.0,0.0,,,,1517.0,14.0,1252.0,50.0,36.0,0.0,,,,1723.0,-24.0,1429.0,857.0,881.0,1.0,1.2799711369989382,1445.0,468.0,1713.0,15.0,1424.0,1046.0,1031.0,1.0,1.2799711369989382,1440.0,658.0,1496.0,0.0,1389.0,917.0,917.0,1.0,1.2799711369989382,1386.0,282.0,1045.0,107.0,917.0,389.0,282.0,1.0,1.2799711369989382,917.0,144.0,,,,,,,,,,,,,,,,,,,,,,,,,,,,,,,,,,,,,,,,,,
B,20260728_200039,16.0,2026-07-28 20:01:34,120.0,1426.6666666666667,217.0,4.0,0.10137390500312904,461.6666666666667,978.0,2770.0,,,,1537.0,60.0,1279.0,102.0,42.0,0.0,,,,1518.0,11.0,1277.0,51.0,40.0,0.0,,,,1721.0,-25.0,1429.0,744.0,769.0,1.0,1.2797941019998689,1450.0,320.0,1714.0,12.0,1424.0,990.0,978.0,1.0,1.2797941019998689,1444.0,353.0,1496.0,0.0,1389.0,690.0,690.0,1.0,1.2797941019998689,1386.0,167.0,1045.0,105.0,916.0,356.0,251.0,1.0,1.381168007002998,916.0,251.0,,,,,,,,,,,,,,,,,,,,,,,,,,,,,,,,,,,,,,,,,,
B,20260728_200039,17.0,2026-07-28 20:01:37,120.0,1426.3333333333333,216.66666666666666,4.0,0.09124473300107638,444.0,886.0,2664.0,,,,1550.0,60.0,1288.0,102.0,42.0,0.0,,,,1543.0,7.0,1277.0,51.0,44.0,0.0,,,,1720.0,-22.0,1429.0,778.0,800.0,1.0,1.2799903399973118,1450.0,256.0,1713.0,13.0,1421.0,899.0,886.0,1.0,1.2799903399973118,1441.0,240.0,1496.0,0.0,1388.0,645.0,645.0,1.0,1.3712350729983882,1388.0,645.0,1044.0,106.0,916.0,353.0,247.0,1.0,1.3712350729983882,916.0,247.0,,,,,,,,,,,,,,,,,,,,,,,,,,,,,,,,,,,,,,,,,,
B,20260728_200039,18.0,2026-07-28 20:01:40,120.0,1421.3333333333333,220.66666666666666,4.0,0.0,542.3333333333334,1009.0,3254.0,,,,1557.0,61.0,1298.0,100.0,39.0,0.0,,,,1547.0,4.0,1284.0,50.0,46.0,0.0,,,,1719.0,-24.0,1425.0,875.0,899.0,1.0,1.279730844002188,1438.0,503.0,1711.0,13.0,1427.0,1022.0,1009.0,1.0,1.279730844002188,1440.0,760.0,1496.0,0.0,1389.0,977.0,977.0,1.0,1.279730844002188,1386.0,353.0,1045.0,105.0,916.0,389.0,284.0,1.0,1.279730844002188,917.0,161.0,,,,,,,,,,,,,,,,,,,,,,,,,,,,,,,,,,,,,,,,,,
B,20260728_200039,19.0,2026-07-28 20:01:43,120.0,1426.0,217.66666666666666,4.0,0.09120846899895696,415.3333333333333,899.0,2492.0,,,,1569.0,57.0,1263.0,107.0,50.0,0.0,,,,1552.0,5.0,1251.0,51.0,46.0,0.0,,,,1717.0,-21.0,1429.0,878.0,899.0,1.0,1.2797856739998679,1449.0,293.0,1718.0,12.0,1421.0,650.0,638.0,1.0,1.2797856739998679,1442.0,124.0,1496.0,0.0,1387.0,597.0,597.0,1.0,1.3709941429988248,1387.0,597.0,1044.0,105.0,917.0,367.0,262.0,1.0,1.3709941429988248,917.0,262.0,,,,,,,,,,,,,,,,,,,,,,,,,,,,,,,,,,,,,,,,,,
B,20260728_200039,20.0,2026-07-28 20:01:46,120.0,1420.0,221.33333333333334,4.0,0.0,551.0,1047.0,3306.0,,,,1535.0,61.0,1270.0,106.0,45.0,0.0,,,,1517.0,14.0,1256.0,52.0,38.0,0.0,,,,1718.0,-21.0,1426.0,918.0,939.0,1.0,1.2799369360000128,1439.0,620.0,1710.0,13.0,1419.0,1060.0,1047.0,1.0,1.2799369360000128,1434.0,601.0,1496.0,0.0,1390.0,950.0,950.0,1.0,1.2799369360000128,1387.0,308.0,1046.0,105.0,914.0,392.0,287.0,1.0,1.2799369360000128,914.0,173.0,,,,,,,,,,,,,,,,,,,,,,,,,,,,,,,,,,,,,,,,,,
B,20260728_200039,21.0,2026-07-28 20:01:49,120.0,1431.6666666666667,205.0,4.0,0.12188478600000963,368.6666666666667,919.0,2212.0,,,,1537.0,62.0,1279.0,102.0,40.0,0.0,,,,1521.0,9.0,1263.0,58.0,49.0,0.0,,,,1715.0,-22.0,1438.0,897.0,919.0,1.0,1.2798622350019286,1447.0,552.0,1699.0,13.0,1443.0,291.0,278.0,1.0,1.157977449001919,1462.0,300.0,1496.0,0.0,1386.0,676.0,676.0,1.0,1.2798622350019286,1386.0,464.0,1046.0,105.0,916.0,355.0,250.0,1.0,1.2798622350019286,916.0,152.0,,,,,,,,,,,,,,,,,,,,,,,,,,,,,,,,,,,,,,,,,,
B,20260728_200039,22.0,2026-07-28 20:01:53,120.0,1419.0,233.33333333333334,4.0,0.12185484200017527,351.8333333333333,990.0,2111.0,,,,1548.0,61.0,1263.0,115.0,54.0,0.0,,,,1530.0,9.0,1273.0,59.0,50.0,0.0,,,,1730.0,-20.0,1435.0,240.0,260.0,1.0,1.279763147002086,1450.0,317.0,1731.0,13.0,1419.0,1003.0,990.0,1.0,1.4016179890022613,1419.0,990.0,1496.0,0.0,1388.0,603.0,603.0,1.0,1.4016179890022613,1388.0,603.0,1045.0,105.0,917.0,259.0,154.0,1.0,1.4016179890022613,917.0,154.0,,,,,,,,,,,,,,,,,,,,,,,,,,,,,,,,,,,,,,,,,,
B,20260728_200039,23.0,2026-07-28 20:01:56,120.0,1434.6666666666667,205.0,4.0,0.1320187889978115,365.8333333333333,898.0,2195.0,,,,1532.0,63.0,1269.0,107.0,44.0,0.0,,,,1543.0,7.0,1277.0,54.0,47.0,0.0,,,,1729.0,-19.0,1438.0,879.0,898.0,1.0,1.2796360809988983,1449.0,460.0,1694.0,15.0,1454.0,346.0,331.0,1.0,1.1476172920010868,1469.0,291.0,1496.0,0.0,1386.0,641.0,641.0,1.0,1.2796360809988983,1386.0,436.0,1044.0,105.0,917.0,339.0,234.0,1.0,1.2796360809988983,917.0,122.0,,,,,,,,,,,,,,,,,,,,,,,,,,,,,,,,,,,,,,,,,,
B,20260728_200039,24.0,2026-07-28 20:01:59,120.0,1422.3333333333333,230.0,4.0,0.13211204299659585,369.6666666666667,1004.0,2218.0,,,,1540.0,61.0,1282.0,102.0,41.0,0.0,,,,1547.0,5.0,1283.0,56.0,51.0,0.0,,,,1730.0,-19.0,1439.0,339.0,358.0,1.0,1.2799605560030614,1459.0,297.0,1731.0,11.0,1421.0,1015.0,1004.0,1.0,1.4120725989996572,1421.0,1004.0,1496.0,0.0,1387.0,606.0,606.0,1.0,1.4120725989996572,1387.0,606.0,1044.0,106.0,916.0,264.0,158.0,1.0,1.4120725989996572,916.0,158.0,,,,,,,,,,,,,,,,,,,,,,,,,,,,,,,,,,,,,,,,,,
A,20260728_202104,0.0,2026-07-28 20:21:09,120.0,0.0,0.0,0.0,0.0,28.166666666666668,80.0,169.0,,,current pose lift-hover sample,1202.0,147.0,1202.0,142.0,5.0,0.0,,,,1643.0,20.0,1233.0,100.0,80.0,0.0,,,,1741.0,0.0,1372.0,36.0,36.0,0.0,,,,1742.0,20.0,1372.0,54.0,34.0,0.0,,,,1363.0,36.0,1359.0,47.0,11.0,0.0,,,,915.0,121.0,899.0,124.0,3.0,0.0,,,,,,,,,,,,,,,,,,,,,,,,,,,,,,,,,,,,,,,,,,,,,
A,20260728_202159,0.0,2026-07-28 20:22:01,120.0,0.0,0.0,0.0,0.0,9.5,26.0,57.0,,,current pose lift-hover sample,1224.0,125.0,1212.0,151.0,26.0,0.0,,,,1223.0,97.0,1223.0,89.0,8.0,0.0,,,,1418.0,29.0,1365.0,38.0,9.0,0.0,,,,1418.0,47.0,1364.0,55.0,8.0,0.0,,,,1351.0,46.0,1351.0,47.0,1.0,0.0,,,,915.0,118.0,905.0,123.0,5.0,0.0,,,,,,,,,,,,,,,,,,,,,,,,,,,,,,,,,,,,,,,,,,,,,
A,20260728_202247,0.0,2026-07-28 20:22:51,120.0,0.0,0.0,0.0,0.0,29.833333333333332,46.0,179.0,,,current pose lift-hover sample,1337.0,104.0,1215.0,149.0,45.0,0.0,,,,1344.0,64.0,1230.0,87.0,23.0,0.0,,,,1481.0,16.0,1361.0,38.0,22.0,0.0,,,,1480.0,39.0,1361.0,55.0,16.0,0.0,,,,1469.0,3.0,1356.0,49.0,46.0,0.0,,,,1022.0,94.0,915.0,121.0,27.0,0.0,,,,,,,,,,,,,,,,,,,,,,,,,,,,,,,,,,,,,,,,,,,,,
A,20260729_153454,0.0,2026-07-29 15:35:36,70.0,1328.3333333333333,411.0,4.0,24.60537799099984,54.166666666666664,72.0,325.0,,,current pose direct MOVEP lift-hover sample;void_20260729,1740.0,44.0,1217.0,111.0,67.0,1.0,1.5296528590006346,1242.0,75.0,1739.0,-4.0,1381.0,64.0,68.0,1.0,1.5296528590006346,1392.0,77.0,1739.0,-20.0,1351.0,38.0,58.0,1.0,25.739951184000347,1351.0,84.0,1742.0,15.0,1350.0,55.0,40.0,0.0,,,,1499.0,-3.0,1367.0,17.0,20.0,0.0,,,,1050.0,92.0,915.0,164.0,72.0,1.0,26.135030850000476,915.0,102.0,35.0,4.948811717999888,48.74285714285714,50.0,0.8050858744917355,48.0,0.0,278.7142857142857,281.0,1.1849395059044412,279.0,2.0,67.34285714285714,69.0,0.6298687910013886,69.0,2.0,68.0,68.0,0.0,68.0,0.0,56.6,58.0,0.7634508123364221,56.0,0.0,38.02857142857143,39.0,0.16659862556700858,38.0,0.0,21.0,21.0,0.0,21.0,0.0,27.742857142857144,29.0,0.8050858744917355,27.0,0.0
A,20260729_155950,0.0,2026-07-29 16:00:08,70.0,1741.0,12.5,2.0,0.0,148.33333333333334,629.0,890.0,,,current pose direct MOVEP lift-hover sample;void_20260729,1741.0,51.0,1442.0,86.0,35.0,0.0,,,,1756.0,902.0,1756.0,733.0,169.0,1.0,1.2517392219997419,1756.0,171.0,1739.0,-61.0,1650.0,-53.0,8.0,0.0,,,,1751.0,15.0,1725.0,644.0,629.0,1.0,1.2517392219997419,1726.0,630.0,1499.0,-3.0,1411.0,19.0,22.0,0.0,,,,1050.0,93.0,901.0,120.0,27.0,0.0,,,,35.0,4.919422699999814,40.6,42.0,0.6414269805898185,40.0,0.0,1029.2571428571428,1031.0,1.1794152823171595,1029.0,3.0,41.57142857142857,42.0,0.7284313590846836,40.0,-1.0,880.1428571428571,881.0,0.3499271061118826,880.0,0.0,61.0,61.0,0.0,61.0,0.0,5.942857142857143,8.0,0.8261047025600549,8.0,4.0,12.571428571428571,13.0,0.4948716593053935,12.0,0.0,28.02857142857143,29.0,0.29137254363387344,28.0,0.0
A,20260729_160418,0.0,2026-07-29 16:04:33,70.0,1540.6666666666667,120.33333333333333,3.0,0.5000342280000041,245.5,715.0,1473.0,,,current pose direct MOVEP lift-hover sample;void_20260729,1742.0,51.0,1309.0,105.0,54.0,0.0,,,,1740.0,4.0,1392.0,72.0,68.0,0.0,,,,1742.0,-10.0,1676.0,38.0,48.0,1.0,0.624840082999981,1692.0,203.0,1742.0,23.0,1537.0,599.0,576.0,1.0,1.124874310999985,1558.0,292.0,1499.0,-3.0,1372.0,712.0,715.0,1.0,1.124874310999985,1372.0,485.0,1050.0,91.0,916.0,103.0,12.0,0.0,,,,36.0,5.006712610999784,663.1111111111111,755.0,16.741129952866544,658.0,-97.0,1164.8055555555557,1525.0,61.1990465813736,1149.0,-376.0,62.861111111111114,64.0,0.97618241060031,62.0,-1.0,79.58333333333333,81.0,1.8465433171800283,79.0,9.0,13.777777777777779,14.0,0.7114582486036499,14.0,4.0,345.47222222222223,627.0,47.61214020669233,336.0,-291.0,654.5833333333334,749.0,17.18425474412874,649.0,-100.0,8.527777777777779,10.0,0.7259519080762211,9.0,3.0
A,20260729_160418,1.0,2026-07-29 16:04:46,70.0,1538.0,124.0,3.0,0.42981926199990994,156.5,348.0,939.0,,,current pose direct MOVEP lift-hover sample;void_20260729,1742.0,46.0,1322.0,102.0,56.0,0.0,,,,1740.0,0.0,1458.0,63.0,63.0,0.0,,,,1744.0,-10.0,1668.0,146.0,156.0,1.0,0.7598036119998142,1686.0,139.0,1743.0,-15.0,1552.0,333.0,348.0,1.0,1.189622873999724,1552.0,348.0,1499.0,0.0,1376.0,297.0,297.0,1.0,1.189622873999724,1376.0,297.0,1048.0,93.0,915.0,112.0,19.0,0.0,,,,34.0,4.875366276999557,451.7647058823529,614.0,70.52327893662006,420.0,-194.0,1123.7941176470588,1400.0,120.99022308866523,1062.0,-338.0,64.08823529411765,65.0,0.8867537312753727,64.0,-1.0,64.97058823529412,66.0,0.8906472899839247,64.0,-2.0,12.911764705882353,15.0,1.2215623327820697,12.0,0.0,530.0588235294117,643.0,50.93706680882307,502.0,-141.0,442.88235294117646,609.0,72.33328283873458,411.0,-198.0,8.882352941176471,11.0,1.8906069035280233,9.0,4.0
A,20260729_160418,2.0,2026-07-29 16:04:58,70.0,1498.75,182.5,4.0,0.5500598420003371,237.16666666666666,585.0,1423.0,,,current pose direct MOVEP lift-hover sample;void_20260729,1742.0,46.0,1325.0,98.0,52.0,0.0,,,,1742.0,-2.0,1404.0,70.0,72.0,1.0,1.2499603630003548,1404.0,72.0,1741.0,-43.0,1663.0,140.0,183.0,1.0,0.6999005210000178,1663.0,214.0,1743.0,19.0,1545.0,550.0,531.0,1.0,1.1201345890003722,1560.0,273.0,1499.0,0.0,1368.0,585.0,585.0,1.0,1.1201345890003722,1368.0,356.0,1050.0,93.0,916.0,93.0,0.0,0.0,,,,36.0,4.945501369999874,508.1111111111111,513.0,1.696037502497083,505.0,-8.0,992.6388888888889,1002.0,3.1460096222373313,989.0,-13.0,63.22222222222222,65.0,0.5328701692569688,65.0,2.0,85.66666666666667,87.0,0.7453559924999299,85.0,0.0,45.69444444444444,47.0,0.699977953797453,46.0,-1.0,289.94444444444446,294.0,2.0540535052595725,288.0,-6.0,507.6666666666667,511.0,1.632993161855452,505.0,-6.0,0.4444444444444444,2.0,0.6849348892187751,0.0,-2.0
A,20260729_160418,3.0,2026-07-29 16:05:11,70.0,1540.25,141.0,5.0,0.7452163219995782,219.0,490.0,1314.0,,,current pose direct MOVEP lift-hover sample;void_20260729,1742.0,44.0,1273.0,107.0,63.0,0.0,,,,1741.0,0.0,1422.0,490.0,490.0,1.0,1.3450846579999052,1422.0,490.0,1741.0,-8.0,1704.0,0.0,8.0,1.0,0.599868336000327,1720.0,95.0,1743.0,19.0,1621.0,86.0,67.0,1.0,0.874757657000373,1643.0,122.0,1500.0,1.0,1376.0,403.0,402.0,1.0,1.3450846579999052,1376.0,402.0,1050.0,93.0,916.0,377.0,284.0,1.0,1.3450846579999052,916.0,284.0,35.0,4.9296344939994015,43.6,45.0,1.4579829511054943,42.0,-3.0,196.8,205.0,2.20129831820094,197.0,-1.0,65.71428571428571,67.0,0.8806305718527109,67.0,0.0,70.4,72.0,0.7250615737399726,70.0,0.0,6.942857142857143,8.0,0.8925999629607605,8.0,2.0,10.142857142857142,16.0,1.4371172959953475,10.0,0.0,16.6,17.0,0.7250615737399726,16.0,-1.0,27.0,28.0,1.01418510567422,26.0,-2.0
A,20260729_160418,4.0,2026-07-29 16:05:23,70.0,1551.0,193.0,2.0,0.6002620010003739,57.5,144.0,345.0,,,current pose direct MOVEP lift-hover sample;void_20260729,1742.0,44.0,1317.0,101.0,57.0,0.0,,,,1739.0,0.0,1407.0,70.0,70.0,1.0,1.1998530789996948,1407.0,70.0,1749.0,-6.0,1675.0,138.0,144.0,1.0,0.599591077999321,1695.0,162.0,1744.0,19.0,1502.0,41.0,22.0,0.0,,,,1500.0,-3.0,1375.0,27.0,30.0,0.0,,,,1047.0,95.0,916.0,117.0,22.0,0.0,,,,35.0,4.985113712999919,50.285714285714285,52.0,0.5642405045180429,50.0,0.0,221.5142857142857,225.0,1.4416543784620417,221.0,3.0,66.31428571428572,69.0,1.5449720953823742,65.0,-2.0,80.65714285714286,83.0,0.7537660547584526,81.0,3.0,7.371428571428571,8.0,0.7591617288906527,7.0,0.0,16.885714285714286,18.0,0.918739153760773,18.0,2.0,27.37142857142857,28.0,0.9284615319583954,28.0,2.0,22.914285714285715,24.0,0.9062143729802118,22.0,-2.0
A,20260729_160418,5.0,2026-07-29 16:05:36,70.0,1437.0,224.0,4.0,0.29023325799971644,138.66666666666666,281.0,832.0,,,current pose direct MOVEP lift-hover sample;void_20260729,1742.0,44.0,1356.0,287.0,243.0,1.0,1.0244256750002023,1374.0,139.0,1742.0,-2.0,1538.0,29.0,31.0,1.0,0.8745352730002196,1558.0,88.0,1741.0,-8.0,1498.0,15.0,23.0,0.0,,,,1743.0,19.0,1498.0,36.0,17.0,0.0,,,,1499.0,0.0,1379.0,237.0,237.0,1.0,1.164768530999936,1379.0,237.0,1047.0,89.0,916.0,370.0,281.0,1.0,1.0244256750002023,917.0,124.0,35.0,4.904568100000688,427.0,431.0,2.2296700588716196,425.0,-6.0,728.5714285714286,735.0,2.7075103406816305,729.0,-6.0,139.88571428571427,141.0,1.189752160780401,141.0,0.0,34.22857142857143,35.0,0.8971610553204332,35.0,0.0,110.22857142857143,112.0,0.636315927180574,110.0,-2.0,17.228571428571428,18.0,0.9587406706035725,18.0,2.0,209.74285714285713,211.0,0.966373401445015,209.0,-2.0,217.25714285714287,220.0,1.3803282661921328,216.0,-4.0
A,20260729_160418,6.0,2026-07-29 16:05:48,70.0,1495.5,184.25,5.0,0.13961629000004905,168.5,284.0,1011.0,,,current pose direct MOVEP lift-hover sample;void_20260729,1742.0,44.0,1315.0,98.0,54.0,0.0,,,,1740.0,-3.0,1489.0,258.0,261.0,1.0,1.0451903249995667,1509.0,100.0,1739.0,-19.0,1552.0,143.0,162.0,1.0,1.1848066149996157,1552.0,162.0,1741.0,17.0,1544.0,96.0,79.0,1.0,1.1848066149996157,1544.0,79.0,1499.0,0.0,1377.0,284.0,284.0,1.0,1.1848066149996157,1377.0,284.0,1050.0,94.0,916.0,265.0,171.0,1.0,1.1848066149996157,916.0,171.0,36.0,4.969990286000211,626.0277777777778,784.0,70.13379519457835,593.0,-191.0,1471.5555555555557,1795.0,142.43252680254614,1407.0,-388.0,65.77777777777777,67.0,0.9460770203292445,67.0,2.0,41.666666666666664,44.0,1.7320508075688772,42.0,4.0,548.0277777777778,624.0,33.60347709448393,533.0,-91.0,190.05555555555554,284.0,41.20136489408819,172.0,-112.0,486.8888888888889,629.0,63.39855316337966,458.0,-171.0,139.13888888888889,155.0,7.008537562532721,135.0,-20.0
A,20260729_160418,7.0,2026-07-29 16:06:01,70.0,1475.0,185.66666666666666,4.0,0.15991553100047895,146.0,269.0,876.0,,,current pose direct MOVEP lift-hover sample;void_20260729,1742.0,43.0,1313.0,102.0,59.0,0.0,,,,1742.0,-4.0,1491.0,125.0,129.0,1.0,1.024980768000205,1508.0,93.0,1741.0,-19.0,1541.0,249.0,268.0,1.0,1.184896299000684,1541.0,268.0,1742.0,17.0,1546.0,31.0,14.0,0.0,,,,1499.0,1.0,1376.0,270.0,269.0,1.0,1.184896299000684,1376.0,269.0,1050.0,93.0,915.0,230.0,137.0,1.0,1.184896299000684,915.0,137.0,36.0,4.980182730999331,514.4166666666666,524.0,3.5619517121937516,508.0,-16.0,1241.388888888889,1265.0,9.747585962625076,1228.0,-37.0,67.58333333333333,70.0,1.299038105676658,66.0,-2.0,37.083333333333336,39.0,1.1395661942647786,37.0,0.0,593.0555555555555,610.0,6.454733166205523,585.0,-25.0,29.25,32.0,1.479019945774904,32.0,6.0,377.6111111111111,384.0,2.659132876394293,373.0,-11.0,136.80555555555554,140.0,1.0493237093068946,135.0,-5.0
A,20260729_160418,8.0,2026-07-29 16:06:13,70.0,1486.6666666666667,174.33333333333334,3.0,0.15528107099999033,138.16666666666666,408.0,829.0,,,current pose direct MOVEP lift-hover sample;void_20260729,1742.0,44.0,1322.0,100.0,56.0,0.0,,,,1742.0,-2.0,1470.0,50.0,52.0,1.0,1.0046069919999354,1512.0,90.0,1739.0,-18.0,1547.0,12.0,30.0,0.0,,,,1741.0,17.0,1559.0,425.0,408.0,1.0,1.1598880629999258,1559.0,408.0,1500.0,0.0,1379.0,251.0,251.0,1.0,1.0046069919999354,1389.0,70.0,1046.0,96.0,916.0,128.0,32.0,0.0,,,,35.0,4.845554726000046,555.6,557.0,1.6422980415085615,554.0,-3.0,1385.7714285714285,1391.0,2.9865002383173165,1382.0,-8.0,65.37142857142857,67.0,0.9587406706035725,65.0,-2.0,39.142857142857146,40.0,0.3499271061118826,39.0,0.0,77.11428571428571,78.0,0.39795395077668916,77.0,0.0,648.5428571428571,651.0,1.1549361675090135,647.0,-3.0,532.3142857142857,533.0,0.9493284414763514,531.0,-2.0,23.285714285714285,24.0,0.7772268862134539,23.0,-1.0
A,20260729_160418,9.0,2026-07-29 16:06:26,70.0,1482.75,198.25,5.0,0.0,429.1666666666667,916.0,2575.0,,,current pose direct MOVEP lift-hover sample;void_20260729,1742.0,46.0,1309.0,100.0,54.0,0.0,,,,1742.0,-4.0,1422.0,189.0,193.0,1.0,1.0795995959997526,1448.0,168.0,1741.0,-19.0,1528.0,461.0,480.0,1.0,1.0795995959997526,1551.0,263.0,1742.0,18.0,1532.0,733.0,715.0,1.0,1.0795995959997526,1557.0,451.0,1499.0,0.0,1376.0,916.0,916.0,1.0,1.0795995959997526,1375.0,256.0,1050.0,91.0,916.0,308.0,217.0,1.0,1.0795995959997526,916.0,131.0,36.0,4.9945760210002845,1112.638888888889,1119.0,3.7943875056733303,1108.0,-11.0,2496.222222222222,2511.0,7.3602200718574196,2485.0,-26.0,64.5,65.0,0.7264831572567789,63.0,-2.0,182.41666666666666,184.0,1.0897247358851685,181.0,-3.0,457.1388888888889,459.0,1.455884186819851,455.0,-4.0,679.5277777777778,684.0,1.7398293516432888,678.0,-6.0,903.7777777777778,909.0,2.8878203151926725,900.0,-9.0,208.86111111111111,211.0,1.0581109419300505,208.0,-2.0
B,20260729_161357,0.0,2026-07-29 16:14:14,70.0,1382.6,310.2,6.0,0.1401158230000874,264.1666666666667,547.0,1585.0,,,current pose direct MOVEP lift-hover sample;void_20260729,1742.0,49.0,1202.0,133.0,84.0,1.0,1.4202798599999369,1222.0,81.0,1741.0,2.0,1388.0,62.0,60.0,1.0,1.2801640369998495,1399.0,72.0,1741.0,-15.0,1436.0,378.0,393.0,1.0,1.4202798599999369,1458.0,271.0,1741.0,21.0,1425.0,374.0,353.0,1.0,1.4202798599999369,1456.0,199.0,1499.0,-3.0,1378.0,544.0,547.0,1.0,1.4202798599999369,1378.0,89.0,1050.0,90.0,916.0,238.0,148.0,1.0,1.4202798599999369,916.0,85.0,35.0,4.880133374999787,620.0,639.0,10.076847579618198,604.0,-35.0,1403.9142857142858,1447.0,23.32916192061702,1368.0,-79.0,80.25714285714285,82.0,0.6477590885002648,80.0,0.0,57.94285714285714,58.0,0.23211538298959886,58.0,0.0,374.8,380.0,3.2319830268295475,370.0,-10.0,270.9142857142857,290.0,10.329905070982512,256.0,-34.0,483.8285714285714,501.0,8.949016591736976,470.0,-31.0,136.17142857142858,138.0,1.206783547539593,134.0,-4.0
B,20260729_161357,1.0,2026-07-29 16:14:27,70.0,1381.0,311.2,6.0,0.14494595199994365,246.5,494.0,1479.0,,,current pose direct MOVEP lift-hover sample;void_20260729,1742.0,44.0,1202.0,129.0,85.0,1.0,1.4398956590002854,1217.0,82.0,1740.0,0.0,1381.0,64.0,64.0,1.0,1.2949497070003417,1394.0,81.0,1739.0,-17.0,1436.0,428.0,445.0,1.0,1.4398956590002854,1462.0,101.0,1741.0,17.0,1425.0,257.0,240.0,1.0,1.4398956590002854,1456.0,133.0,1499.0,1.0,1376.0,495.0,494.0,1.0,1.4398956590002854,1376.0,95.0,1049.0,93.0,916.0,244.0,151.0,1.0,1.4398956590002854,916.0,92.0,35.0,4.884953723999388,580.8571428571429,599.0,8.832223008128029,567.0,-32.0,1324.2571428571428,1359.0,18.215131633017734,1296.0,-63.0,82.68571428571428,84.0,0.784544583871199,83.0,0.0,62.8,64.0,0.9196272536817761,62.0,-1.0,432.8857142857143,436.0,2.2522551057161553,430.0,-6.0,165.02857142857144,178.0,6.7548319817772535,154.0,-24.0,440.45714285714286,455.0,7.156786418270053,430.0,-25.0,140.4,144.0,1.776030887762292,137.0,-7.0
B,20260729_161357,2.0,2026-07-29 16:14:41,70.0,1375.4,317.4,6.0,0.25978511799985426,345.0,712.0,2070.0,,,current pose direct MOVEP lift-hover sample;void_20260729,1742.0,44.0,1202.0,129.0,85.0,1.0,1.4796851210003297,1213.0,83.0,1742.0,-1.0,1304.0,85.0,86.0,1.0,1.4796851210003297,1337.0,82.0,1739.0,-17.0,1446.0,695.0,712.0,1.0,1.4796851210003297,1457.0,242.0,1741.0,17.0,1485.0,327.0,310.0,1.0,1.3199447770002735,1501.0,208.0,1500.0,0.0,1369.0,687.0,687.0,1.0,1.4796851210003297,1369.0,466.0,1050.0,93.0,915.0,283.0,190.0,1.0,1.5797298950001277,915.0,196.0,33.0,4.869750041999396,873.7878787878788,879.0,2.972169657027692,870.0,-8.0,2039.878787878788,2047.0,4.470492995372128,2035.0,-11.0,83.03030303030303,85.0,0.521353046487432,83.0,0.0,85.81818181818181,86.0,0.45756572334974244,86.0,0.0,691.060606060606,695.0,2.058822757753094,688.0,-7.0,306.1818181818182,308.0,0.756969454351321,308.0,4.0,684.6666666666666,687.0,1.8856180831641267,682.0,-5.0,189.12121212121212,192.0,1.1744134772773396,188.0,-3.0
B,20260729_161357,3.0,2026-07-29 16:14:55,70.0,1384.0,308.4,6.0,0.46998152600008325,44.5,60.0,267.0,,,current pose direct MOVEP lift-hover sample;bad_grasp;void_20260729,1742.0,44.0,1216.0,104.0,60.0,1.0,1.430326098000478,1216.0,82.0,1740.0,0.0,1429.0,60.0,60.0,1.0,1.1201310910000757,1447.0,74.0,1739.0,-19.0,1436.0,25.0,44.0,1.0,1.430326098000478,1455.0,339.0,1741.0,16.0,1382.0,73.0,57.0,1.0,1.590112617000159,1421.0,522.0,1500.0,1.0,1381.0,16.0,15.0,1.0,1.590112617000159,1381.0,428.0,1051.0,92.0,916.0,123.0,31.0,1.0,1.430326098000478,916.0,93.0,34.0,4.965005232000294,44.85294117647059,61.0,2.9419116728170884,44.0,0.0,246.47058823529412,264.0,3.6074701426969327,244.0,0.0,61.205882352941174,63.0,1.54880241713901,59.0,-2.0,58.8235294117647,60.0,0.8901615264953857,60.0,2.0,42.23529411764706,44.0,0.48862493311282795,42.0,0.0,39.35294117647059,41.0,0.6362737544936452,39.0,0.0,16.11764705882353,17.0,0.9930554715373019,15.0,-2.0,28.735294117647058,44.0,2.9932160898527913,29.0,2.0
B,20260729_161357,4.0,2026-07-29 16:15:09,70.0,1412.0,281.2,6.0,0.6199418740006877,182.66666666666666,482.0,1096.0,,,current pose direct MOVEP lift-hover sample;void_20260729,1742.0,45.0,1202.0,127.0,82.0,1.0,1.504879783999968,1214.0,83.0,1742.0,-3.0,1484.0,35.0,38.0,1.0,0.8849379099992802,1504.0,89.0,1741.0,-18.0,1437.0,464.0,482.0,1.0,1.355019073999756,1454.0,298.0,1742.0,15.0,1481.0,39.0,24.0,1.0,1.1944891659995847,1509.0,78.0,1499.0,0.0,1379.0,329.0,329.0,1.0,1.504879783999968,1379.0,333.0,1050.0,93.0,916.0,234.0,141.0,1.0,1.355019073999756,916.0,90.0,35.0,4.930247827999665,465.77142857142854,468.0,1.3111764463524305,463.0,-5.0,1071.4857142857143,1076.0,1.9029515206110528,1071.0,-5.0,82.57142857142857,84.0,0.8378787599208675,84.0,2.0,41.114285714285714,42.0,0.8201542911089899,42.0,0.0,462.14285714285717,464.0,0.4237827706911807,462.0,-2.0,19.885714285714286,21.0,0.39795395077668916,20.0,0.0,325.4,327.0,0.931971796017148,323.0,-4.0,140.37142857142857,141.0,0.7591617288906527,140.0,-1.0
B,20260729_161357,5.0,2026-07-29 16:15:23,70.0,1403.6,289.4,6.0,0.8396105869996973,372.3333333333333,755.0,2234.0,,,current pose direct MOVEP lift-hover sample;void_20260729,1742.0,44.0,1203.0,127.0,83.0,1.0,1.4601283620004324,1213.0,83.0,1741.0,-2.0,1476.0,34.0,36.0,1.0,0.870049420000214,1504.0,73.0,1742.0,-19.0,1432.0,696.0,715.0,1.0,1.4601283620004324,1459.0,83.0,1741.0,17.0,1438.0,454.0,437.0,1.0,1.4601283620004324,1461.0,162.0,1499.0,0.0,1381.0,755.0,755.0,1.0,1.7096600069999113,1381.0,644.0,1049.0,91.0,917.0,299.0,208.0,1.0,1.7096600069999113,917.0,123.0,36.0,4.965006755999639,956.7777777777778,963.0,3.1456417037537925,952.0,-11.0,2189.8055555555557,2200.0,5.796643877875678,2179.0,-21.0,83.02777777777777,84.0,0.3716413377849903,83.0,0.0,38.861111111111114,41.0,0.9472996058322185,37.0,-2.0,686.1111111111111,689.0,1.3286956381223776,684.0,-5.0,425.02777777777777,426.0,1.1422713997195606,423.0,-3.0,748.5,753.0,2.327373340628157,746.0,-7.0,208.27777777777777,210.0,0.9312808119022339,206.0,-4.0
B,20260729_161357,6.0,2026-07-29 16:15:37,70.0,1385.6,307.6,6.0,0.4600142480003342,45.333333333333336,83.0,272.0,,,current pose direct MOVEP lift-hover sample;bad_grasp;void_20260729,1742.0,44.0,1203.0,127.0,83.0,1.0,1.479980942000111,1214.0,83.0,1741.0,-2.0,1414.0,68.0,70.0,1.0,1.019966693999777,1452.0,76.0,1742.0,-21.0,1454.0,14.0,35.0,1.0,1.310297382000499,1465.0,158.0,1741.0,17.0,1382.0,51.0,34.0,1.0,1.479980942000111,1420.0,350.0,1500.0,0.0,1377.0,20.0,20.0,1.0,1.479980942000111,1377.0,353.0,1050.0,93.0,915.0,123.0,30.0,1.0,1.479980942000111,915.0,111.0,35.0,4.874937954000416,46.8,48.0,0.7855844048495726,48.0,2.0,263.54285714285714,267.0,2.5561450567251476,266.0,6.0,82.25714285714285,83.0,1.1299268533305822,83.0,3.0,65.97142857142858,66.0,0.16659862556700858,65.0,-1.0,37.457142857142856,40.0,0.8731832451392072,38.0,0.0,31.057142857142857,32.0,0.9240549502169274,32.0,2.0,20.0,20.0,0.0,20.0,0.0,26.8,28.0,0.7855844048495726,28.0,2.0
B,20260729_161357,7.0,2026-07-29 16:15:51,70.0,1420.2,272.8,5.0,0.3003127770007268,45.166666666666664,84.0,271.0,,,current pose direct MOVEP lift-hover sample;bad_grasp;void_20260729,1742.0,43.0,1206.0,127.0,84.0,1.0,1.470198466000511,1262.0,70.0,1742.0,-4.0,1436.0,70.0,74.0,1.0,1.319993586000237,1441.0,71.0,1742.0,-19.0,1526.0,11.0,30.0,1.0,1.1698856889997842,1542.0,80.0,1740.0,16.0,1481.0,31.0,15.0,1.0,1.319993586000237,1498.0,242.0,1499.0,1.0,1358.0,29.0,28.0,1.0,1.470198466000511,1358.0,351.0,1050.0,93.0,915.0,133.0,40.0,0.0,,,,31.0,4.885076675000164,48.87096774193548,57.0,1.930100038922786,49.0,1.0,241.06451612903226,251.0,3.3881718723873244,241.0,3.0,82.87096774193549,84.0,1.0698789646307743,83.0,1.0,60.45161290322581,65.0,1.131334059145173,60.0,0.0,29.64516129032258,31.0,0.8631669780812679,30.0,1.0,19.225806451612904,21.0,2.3652003586868853,19.0,0.0,23.258064516129032,28.0,1.2691816498649033,22.0,-2.0,25.612903225806452,29.0,1.360204428536001,27.0,3.0
B,20260729_161357,8.0,2026-07-29 16:16:05,70.0,1388.4,303.8,6.0,0.1699454939998759,98.0,178.0,588.0,,,current pose direct MOVEP lift-hover sample;void_20260729,1742.0,44.0,1206.0,126.0,82.0,1.0,1.4450689129998864,1246.0,75.0,1740.0,0.0,1381.0,66.0,66.0,1.0,1.2751234190000105,1405.0,72.0,1739.0,-19.0,1423.0,159.0,178.0,1.0,1.4450689129998864,1462.0,249.0,1741.0,14.0,1425.0,45.0,31.0,1.0,1.4450689129998864,1465.0,286.0,1499.0,0.0,1364.0,151.0,151.0,1.0,1.4450689129998864,1364.0,143.0,1050.0,93.0,915.0,173.0,80.0,1.0,1.4450689129998864,915.0,79.0,33.0,4.940229613999691,202.5151515151515,207.0,2.217304015748693,199.0,-8.0,538.2121212121212,543.0,2.026454969369756,537.0,-6.0,81.18181818181819,83.0,1.2420546382981332,83.0,3.0,66.57575757575758,68.0,0.8538789577942649,68.0,2.0,157.72727272727272,161.0,1.6194411170772591,156.0,-5.0,30.21212121212121,31.0,0.945726456625893,31.0,2.0,129.8181818181818,132.0,1.3132090109103305,127.0,-5.0,72.6969696969697,75.0,1.029411378876547,72.0,-3.0
B,20260729_161357,9.0,2026-07-29 16:16:18,70.0,1375.0,318.4,6.0,0.30018742700031,305.1666666666667,903.0,1831.0,,,current pose direct MOVEP lift-hover sample;void_20260729,1742.0,42.0,1214.0,124.0,82.0,1.0,1.4700568360003672,1214.0,82.0,1742.0,-2.0,1382.0,57.0,59.0,1.0,1.1698694090000572,1394.0,74.0,1742.0,-21.0,1441.0,64.0,85.0,1.0,1.3201709040004062,1463.0,140.0,1741.0,15.0,1427.0,918.0,903.0,1.0,1.4700568360003672,1427.0,903.0,1500.0,1.0,1377.0,608.0,607.0,1.0,1.4700568360003672,1377.0,607.0,1050.0,92.0,916.0,187.0,95.0,1.0,1.4700568360003672,916.0,95.0,36.0,4.9749453179993,373.8888888888889,378.0,1.7916128329552332,371.0,-7.0,903.8055555555555,912.0,3.2559300125944937,898.0,-14.0,83.72222222222223,85.0,1.2158927015688494,84.0,1.0,103.5,105.0,0.8660254037844386,105.0,2.0,35.44444444444444,37.0,0.926296222251837,36.0,2.0,307.25,314.0,3.3197640478403483,302.0,-12.0,288.22222222222223,293.0,2.4279748203791285,284.0,-9.0,85.66666666666667,87.0,0.8498365855987975,87.0,2.0
B,20260729_162611,0.0,2026-07-29 16:26:31,70.0,1377.2,316.2,6.0,0.7900950379998903,452.5,960.0,2715.0,,,current pose direct MOVEP lift-hover sample;void_20260729,1742.0,50.0,1254.0,131.0,81.0,1.0,3.6874875630001043,1254.0,81.0,1742.0,1.0,1341.0,280.0,279.0,1.0,3.6874875630001043,1341.0,279.0,1742.0,-16.0,1448.0,421.0,437.0,1.0,2.897392525000214,1463.0,454.0,1741.0,21.0,1446.0,644.0,623.0,1.0,2.897392525000214,1463.0,420.0,1500.0,-3.0,1366.0,957.0,960.0,1.0,2.897392525000214,1365.0,229.0,1047.0,91.0,907.0,426.0,335.0,1.0,2.897392525000214,907.0,130.0,37.0,4.923178869000367,1270.7567567567567,1278.0,2.8513193286276612,1267.0,-11.0,2658.324324324324,2673.0,5.8312024352409235,2651.0,-22.0,77.54054054054055,79.0,0.8881987419002694,77.0,-2.0,257.81081081081084,261.0,0.9819406553829703,257.0,-4.0,437.2162162162162,439.0,0.5268537483680521,437.0,0.0,615.0,618.0,1.4142135623730951,613.0,-5.0,944.1081081081081,949.0,2.227394354382326,942.0,-7.0,326.64864864864865,329.0,0.8126106150471842,325.0,-4.0
B,20260729_162611,1.0,2026-07-29 16:26:43,70.0,1420.75,259.0,5.0,0.25901126300050237,325.3333333333333,938.0,1952.0,,,current pose direct MOVEP lift-hover sample;void_20260729,1742.0,46.0,1254.0,98.0,52.0,0.0,,,,1740.0,-2.0,1396.0,45.0,47.0,1.0,1.148654546999751,1414.0,71.0,1739.0,-17.0,1415.0,921.0,938.0,1.0,1.4076658100002533,1422.0,679.0,1741.0,17.0,1435.0,84.0,67.0,1.0,1.2829372839996722,1457.0,84.0,1499.0,1.0,1390.0,581.0,580.0,1.0,1.4076658100002533,1390.0,317.0,1050.0,94.0,916.0,362.0,268.0,1.0,1.4076658100002533,916.0,186.0,38.0,4.936810100000002,879.7105263157895,886.0,2.3385543750567255,877.0,-9.0,1923.0526315789473,1930.0,2.416471638578736,1921.0,-9.0,50.21052631578947,52.0,1.2598641266932447,52.0,3.0,61.526315789473685,62.0,0.7517293082676685,62.0,2.0,906.421052631579,911.0,2.1960680047394807,904.0,-7.0,25.18421052631579,26.0,0.8842261903374443,26.0,2.0,614.3947368421053,619.0,1.7250396438497249,612.0,-7.0,265.3157894736842,267.0,0.7292845505553168,265.0,-2.0
B,20260729_162611,3.0,2026-07-29 16:27:12,70.0,1400.8,292.6,6.0,0.410181637000278,294.0,589.0,1764.0,,,current pose direct MOVEP lift-hover sample;bad_grasp;void_20260729,1742.0,44.0,1205.0,127.0,83.0,1.0,1.4051331669998035,1254.0,75.0,1742.0,-2.0,1420.0,43.0,45.0,1.0,1.2199252909995266,1465.0,70.0,1742.0,-21.0,1427.0,385.0,406.0,1.0,1.4051331669998035,1448.0,190.0,1741.0,17.0,1427.0,523.0,506.0,1.0,1.4051331669998035,1451.0,134.0,1500.0,0.0,1386.0,589.0,589.0,1.0,1.6301069279998046,1386.0,303.0,1047.0,93.0,915.0,228.0,135.0,1.0,1.6301069279998046,915.0,80.0,6.0,4.812756192999586,736.3333333333334,745.0,7.695597587076797,737.0,11.0,1750.1666666666667,1762.0,11.021443744910293,1750.0,14.0,80.66666666666667,83.0,1.1055415967851334,80.0,0.0,49.166666666666664,50.0,0.37267799624996495,50.0,1.0,391.0,393.0,2.160246899469287,392.0,4.0,493.0,495.0,1.2909944487358056,491.0,-2.0,596.3333333333334,604.0,6.847546194724712,598.0,11.0,140.0,141.0,1.0,139.0,0.0
B,20260729_162611,4.0,2026-07-29 16:27:26,70.0,1378.2,315.2,6.0,0.14510239799983538,299.8333333333333,702.0,1799.0,,,current pose direct MOVEP lift-hover sample;void_20260729,1742.0,44.0,1202.0,129.0,85.0,1.0,1.5351174759998685,1213.0,83.0,1741.0,-4.0,1382.0,62.0,66.0,1.0,1.390015078000033,1394.0,71.0,1742.0,-20.0,1449.0,299.0,319.0,1.0,1.390015078000033,1457.0,301.0,1742.0,15.0,1449.0,501.0,486.0,1.0,1.390015078000033,1459.0,436.0,1500.0,0.0,1369.0,702.0,702.0,1.0,1.390015078000033,1368.0,181.0,1050.0,91.0,915.0,232.0,141.0,1.0,1.390015078000033,915.0,96.0,35.0,4.989839025999572,831.2857142857143,833.0,1.0301575072754257,830.0,-3.0,1789.4285714285713,1794.0,2.308811868667077,1784.0,-10.0,82.45714285714286,84.0,0.966373401445015,83.0,0.0,63.77142857142857,65.0,0.636315927180574,62.0,-2.0,328.0,328.0,0.0,328.0,0.0,483.9142857142857,486.0,0.8407965125464092,481.0,-5.0,696.4285714285714,698.0,1.1284810090360857,695.0,-3.0,134.85714285714286,135.0,0.3499271061118826,135.0,0.0
B,20260729_162611,6.0,2026-07-29 16:28:03,70.0,1329.6666666666667,411.0,3.0,2.0616850989999875,62.833333333333336,89.0,377.0,,,current pose direct MOVEP lift-hover sample;bad_grasp;void_20260729,1742.0,44.0,1207.0,127.0,83.0,1.0,6.527378005000173,1207.0,83.0,1741.0,-2.0,1357.0,72.0,74.0,1.0,4.465692906000186,1357.0,76.0,1739.0,-19.0,1425.0,70.0,89.0,1.0,6.527378005000173,1425.0,89.0,1741.0,17.0,1431.0,46.0,29.0,0.0,,,,1500.0,0.0,1374.0,63.0,63.0,0.0,,,,1049.0,93.0,904.0,132.0,39.0,0.0,,,,6.0,5.374762029000522,104.33333333333333,105.0,0.9428090415820634,103.0,-2.0,379.8333333333333,383.0,2.1147629234082532,379.0,-1.0,81.0,83.0,1.1547005383792515,82.0,2.0,75.16666666666667,76.0,0.8975274678557507,75.0,-1.0,91.16666666666667,92.0,0.37267799624996495,91.0,0.0,28.166666666666668,29.0,0.37267799624996495,28.0,0.0,63.0,63.0,0.0,63.0,0.0,41.333333333333336,42.0,0.9428090415820634,40.0,-2.0
B,20260729_162611,8.0,2026-07-29 16:28:37,70.0,1375.8,317.0,6.0,0.29528477500025474,475.0,979.0,2850.0,,,current pose direct MOVEP lift-hover sample;void_20260729,1742.0,44.0,1211.0,123.0,79.0,1.0,1.4699060560005819,1214.0,83.0,1742.0,-1.0,1368.0,56.0,57.0,1.0,1.3149614180001663,1394.0,73.0,1739.0,-17.0,1422.0,949.0,966.0,1.0,1.610246193000421,1426.0,871.0,1742.0,17.0,1453.0,517.0,500.0,1.0,1.4699060560005819,1471.0,509.0,1499.0,0.0,1376.0,979.0,979.0,1.0,1.4699060560005819,1374.0,174.0,1050.0,92.0,916.0,361.0,269.0,1.0,1.610246193000421,916.0,220.0,31.0,6.510612066999784,791.1612903225806,1019.0,183.26274048466036,526.0,-493.0,1698.516129032258,2173.0,369.17710331333126,1175.0,-998.0,63.064516129032256,65.0,1.7026636413415028,63.0,0.0,76.74193548387096,82.0,4.134572895486998,82.0,11.0,610.6451612903226,869.0,193.52928400350544,342.0,-527.0,156.90322580645162,162.0,2.414403535634094,162.0,11.0,595.1612903225806,760.0,133.52445632559133,400.0,-360.0,196.0,259.0,49.77692171562913,126.0,-133.0
B,20260729_162611,9.0,2026-07-29 16:28:51,70.0,1366.0,327.2,5.0,0.38386974000059126,45.166666666666664,73.0,271.0,,,current pose direct MOVEP lift-hover sample;bad_grasp;void_20260729,1742.0,44.0,1242.0,102.0,58.0,1.0,1.3616428169998471,1247.0,74.0,1742.0,-4.0,1374.0,69.0,73.0,1.0,1.3616428169998471,1394.0,74.0,1741.0,-19.0,1352.0,38.0,57.0,1.0,1.7455125570004384,1370.0,136.0,1741.0,17.0,1441.0,49.0,32.0,1.0,1.4867589830000725,1459.0,404.0,1500.0,0.0,1360.0,25.0,25.0,1.0,1.4867589830000725,1360.0,118.0,1050.0,93.0,915.0,119.0,26.0,0.0,,,,34.0,4.991719903999183,50.1764705882353,54.0,1.1496953109230625,50.0,0.0,274.7647058823529,293.0,3.7342518230832655,272.0,-2.0,69.55882352941177,71.0,0.8113596602431601,69.0,0.0,71.76470588235294,73.0,0.596993621476013,70.0,-2.0,53.76470588235294,68.0,2.5674297462111997,53.0,0.0,29.5,32.0,0.9471318934179187,30.0,0.0,25.294117647058822,30.0,1.0718157151934469,25.0,0.0,24.88235294117647,27.0,0.7957499563805108,25.0,0.0
C,20260729_163325,0.0,2026-07-29 16:33:41,70.0,1355.8,337.6,6.0,0.44263225499980763,113.0,224.0,678.0,,,current pose direct MOVEP lift-hover sample;void_20260729,1742.0,50.0,1209.0,131.0,81.0,1.0,1.6195318430000043,1211.0,81.0,1742.0,2.0,1239.0,98.0,96.0,1.0,1.1768995880001967,1403.0,70.0,1742.0,-14.0,1381.0,139.0,153.0,1.0,1.6195318430000043,1394.0,262.0,1741.0,21.0,1378.0,65.0,44.0,1.0,1.6195318430000043,1392.0,124.0,1500.0,-3.0,1379.0,221.0,224.0,1.0,1.6195318430000043,1379.0,135.0,1047.0,88.0,916.0,168.0,80.0,1.0,1.6195318430000043,917.0,107.0,31.0,4.904108571000506,115.54838709677419,117.0,1.0422899626711943,116.0,-1.0,393.258064516129,397.0,2.1093913192608795,392.0,-4.0,58.67741935483871,59.0,0.6903527277107321,57.0,-2.0,85.6774193548387,87.0,0.7782153601170851,86.0,0.0,92.7741935483871,95.0,0.9741721851962257,91.0,-3.0,40.58064516129032,42.0,0.7940989435542691,42.0,2.0,57.87096774193548,59.0,0.975239771472966,57.0,-2.0,57.67741935483871,59.0,0.5895376413708731,59.0,1.0
C,20260729_163325,1.0,2026-07-29 16:33:54,70.0,1378.4,314.2,6.0,0.44530117999966023,311.8333333333333,745.0,1871.0,,,current pose direct MOVEP lift-hover sample;void_20260729,1742.0,44.0,1207.0,109.0,65.0,1.0,1.4646876560000237,1240.0,75.0,1740.0,-2.0,1233.0,94.0,96.0,1.0,1.1697237220005263,1455.0,70.0,1739.0,-17.0,1384.0,361.0,378.0,1.0,1.6150249020001866,1417.0,289.0,1743.0,17.0,1377.0,412.0,395.0,1.0,1.6150249020001866,1419.0,113.0,1499.0,1.0,1362.0,746.0,745.0,1.0,1.6150249020001866,1361.0,87.0,1050.0,92.0,915.0,284.0,192.0,1.0,1.6150249020001866,915.0,98.0,33.0,4.984739595000065,401.5151515151515,409.0,3.5429931886215806,397.0,-12.0,884.4545454545455,900.0,5.673387684945518,880.0,-19.0,62.121212121212125,63.0,1.1216215468679847,63.0,0.0,49.42424242424242,51.0,0.6527472493496368,51.0,2.0,49.36363636363637,51.0,1.1759762370868032,51.0,3.0,322.030303030303,330.0,3.7617279111958117,318.0,-12.0,244.24242424242425,251.0,2.850096256006666,241.0,-10.0,157.27272727272728,159.0,0.9300611668619883,156.0,-2.0
C,20260729_163325,2.0,2026-07-29 16:34:07,70.0,1356.6,336.0,5.0,0.6153276180002649,102.16666666666667,239.0,613.0,,,current pose direct MOVEP lift-hover sample;void_20260729,1742.0,42.0,1211.0,124.0,82.0,1.0,1.3352565970008072,1258.0,73.0,1741.0,-4.0,1234.0,84.0,88.0,1.0,1.1700722450004832,1393.0,77.0,1739.0,-19.0,1375.0,58.0,77.0,1.0,1.7853998630007482,1375.0,77.0,1742.0,15.0,1381.0,254.0,239.0,1.0,1.7853998630007482,1381.0,239.0,1499.0,0.0,1376.0,81.0,81.0,1.0,1.7853998630007482,1376.0,81.0,1047.0,93.0,916.0,139.0,46.0,0.0,,,,34.0,4.924766893000196,65.0,66.0,0.9701425001453319,65.0,-1.0,336.38235294117646,339.0,1.590684386234113,338.0,1.0,65.20588235294117,67.0,0.5830655176940885,65.0,0.0,93.70588235294117,95.0,0.8921029934178295,95.0,2.0,68.79411764705883,70.0,0.9003075214714099,69.0,-1.0,43.6764705882353,45.0,0.6287517154832927,44.0,1.0,33.970588235294116,34.0,0.1689577248981773,34.0,0.0,31.029411764705884,32.0,0.9230796956750127,31.0,-1.0
C,20260729_163325,3.0,2026-07-29 16:34:20,70.0,1360.6,331.6,6.0,0.4349750520004818,353.8333333333333,643.0,2123.0,,,current pose direct MOVEP lift-hover sample;void_20260729,1742.0,44.0,1211.0,122.0,78.0,1.0,1.3898504150001827,1247.0,76.0,1739.0,-2.0,1233.0,84.0,86.0,1.0,1.3898504150001827,1402.0,73.0,1739.0,-21.0,1384.0,614.0,635.0,1.0,1.6748385589999089,1416.0,265.0,1741.0,15.0,1375.0,425.0,410.0,1.0,1.8248254670006645,1375.0,410.0,1500.0,0.0,1363.0,643.0,643.0,1.0,1.8248254670006645,1363.0,643.0,1046.0,93.0,916.0,364.0,271.0,1.0,1.6748385589999089,916.0,91.0,34.0,4.940224101999775,778.1176470588235,787.0,3.419362736313793,774.0,-13.0,1565.0294117647059,1590.0,9.027687131713021,1553.0,-37.0,60.411764705882355,63.0,0.8784226190040046,60.0,0.0,44.5,45.0,0.8488746876271654,45.0,0.0,123.52941176470588,125.0,0.605625302411,123.0,-2.0,558.4705882352941,573.0,5.579559829347953,551.0,-22.0,494.8529411764706,502.0,3.4052930507146777,491.0,-11.0,283.2647058823529,285.0,0.5034483167242262,283.0,-2.0
C,20260729_163325,4.0,2026-07-29 16:34:33,70.0,1364.6,328.4,6.0,0.3049959089994445,220.5,443.0,1323.0,,,current pose direct MOVEP lift-hover sample;void_20260729,1742.0,44.0,1211.0,127.0,83.0,1.0,1.3592625239998597,1254.0,71.0,1742.0,-5.0,1244.0,109.0,114.0,1.0,1.3592625239998597,1407.0,71.0,1739.0,-19.0,1386.0,221.0,240.0,1.0,1.5042812259998755,1410.0,337.0,1742.0,15.0,1367.0,268.0,253.0,1.0,1.6642584329993042,1382.0,676.0,1500.0,0.0,1371.0,443.0,443.0,1.0,1.5042812259998755,1370.0,77.0,1050.0,93.0,916.0,283.0,190.0,1.0,1.5042812259998755,916.0,108.0,36.0,4.929838617000314,303.6666666666667,305.0,0.7817359599705717,303.0,0.0,692.5277777777778,699.0,2.4208138107200314,696.0,6.0,60.75,63.0,1.114924013354971,63.0,3.0,92.41666666666667,94.0,0.7216878364870323,92.0,0.0,199.44444444444446,201.0,0.6849348892187751,200.0,1.0,36.25,38.0,0.5951190357119042,38.0,2.0,177.16666666666666,178.0,0.9860132971832694,176.0,-2.0,126.5,127.0,0.6871842709362768,127.0,2.0
C,20260729_163325,5.0,2026-07-29 16:34:46,70.0,1359.8,333.2,6.0,0.30000820999975986,226.33333333333334,703.0,1358.0,,,current pose direct MOVEP lift-hover sample;void_20260729,1742.0,44.0,1213.0,125.0,81.0,1.0,1.4304863930001375,1223.0,82.0,1742.0,-4.0,1244.0,95.0,99.0,1.0,1.2904048660002445,1402.0,72.0,1739.0,-21.0,1369.0,278.0,299.0,1.0,1.4304863930001375,1417.0,155.0,1742.0,15.0,1363.0,64.0,49.0,1.0,1.5904130760000044,1381.0,697.0,1500.0,0.0,1376.0,703.0,703.0,1.0,1.5904130760000044,1376.0,637.0,1050.0,93.0,917.0,220.0,127.0,1.0,1.5904130760000044,916.0,295.0,34.0,4.959938730999966,73.0,74.0,0.8401680504168059,74.0,0.0,346.0,352.0,4.721664711418931,351.0,14.0,78.97058823529412,80.0,0.9230796956750127,80.0,2.0,93.97058823529412,95.0,0.9544106317404678,95.0,0.0,56.6764705882353,57.0,0.6287517154832927,57.0,2.0,43.38235294117647,46.0,3.638153263614684,45.0,10.0,34.0,34.0,0.0,34.0,0.0,39.0,40.0,0.8401680504168059,40.0,0.0
C,20260729_163325,6.0,2026-07-29 16:34:58,70.0,1350.8,342.0,5.0,0.4499680870003431,117.5,182.0,705.0,,,current pose direct MOVEP lift-hover sample;void_20260729,1742.0,44.0,1214.0,123.0,79.0,1.0,1.445216058999904,1226.0,80.0,1740.0,-4.0,1238.0,88.0,92.0,1.0,1.1403763709995474,1401.0,72.0,1742.0,-22.0,1378.0,142.0,164.0,1.0,1.5903444579998904,1378.0,164.0,1741.0,14.0,1368.0,196.0,182.0,1.0,1.5903444579998904,1368.0,182.0,1499.0,0.0,1381.0,119.0,119.0,1.0,1.5903444579998904,1381.0,119.0,1050.0,93.0,916.0,162.0,69.0,0.0,,,,35.0,4.900462628999776,62.6,67.0,1.4579829511054943,64.0,-3.0,338.6,343.0,3.9655660738051366,340.0,1.0,65.42857142857143,69.0,3.7666636566118847,67.0,9.0,95.51428571428572,97.0,0.8060991988380506,95.0,-2.0,73.28571428571429,76.0,0.7772268862134539,73.0,-3.0,41.77142857142857,43.0,0.8971610553204332,41.0,0.0,30.942857142857143,34.0,1.0675166681296802,32.0,-2.0,31.65714285714286,33.0,0.7148569144683888,32.0,-1.0
C,20260729_163325,7.0,2026-07-29 16:35:11,70.0,1359.8,333.0,6.0,0.32007711000005656,391.5,698.0,2349.0,,,current pose direct MOVEP lift-hover sample;void_20260729,1742.0,44.0,1213.0,104.0,60.0,1.0,1.5046468629998344,1213.0,80.0,1741.0,-4.0,1239.0,87.0,91.0,1.0,1.354759496999577,1396.0,74.0,1739.0,-21.0,1378.0,660.0,681.0,1.0,1.6748366069996337,1410.0,215.0,1743.0,15.0,1379.0,570.0,555.0,1.0,1.6748366069996337,1415.0,258.0,1499.0,0.0,1365.0,698.0,698.0,1.0,1.6748366069996337,1365.0,93.0,1047.0,91.0,915.0,355.0,264.0,1.0,1.6748366069996337,915.0,79.0,35.0,4.920176576000813,57.542857142857144,59.0,0.730669248716824,58.0,2.0,326.2,330.0,2.594499676513484,329.0,4.0,67.62857142857143,69.0,0.8971610553204332,69.0,2.0,94.65714285714286,95.0,0.6298687910013886,95.0,0.0,62.91428571428571,64.0,0.7698396334461417,63.0,0.0,43.457142857142856,44.0,0.7687785169756406,44.0,0.0,27.114285714285714,29.0,0.4642307659791977,27.0,0.0,30.428571428571427,32.0,0.6452337023220694,31.0,2.0
C,20260729_163325,8.0,2026-07-29 16:35:24,70.0,1357.75,323.75,4.0,0.580073970999365,228.33333333333334,671.0,1370.0,,,current pose direct MOVEP lift-hover sample;void_20260729,1742.0,43.0,1211.0,122.0,79.0,1.0,1.354610512000363,1250.0,73.0,1742.0,-6.0,1232.0,85.0,91.0,1.0,1.2045645450007214,1397.0,75.0,1741.0,-21.0,1375.0,29.0,50.0,0.0,,,,1742.0,15.0,1380.0,686.0,671.0,1.0,1.6450570060005703,1416.0,199.0,1500.0,0.0,1368.0,441.0,441.0,1.0,1.7846385160000864,1368.0,441.0,1047.0,91.0,910.0,129.0,38.0,0.0,,,,35.0,4.939884944000369,56.42857142857143,58.0,0.8030553898602969,57.0,0.0,313.9714285714286,318.0,1.5581255090783976,316.0,3.0,70.0,71.0,0.3380617018914066,70.0,0.0,82.48571428571428,84.0,0.7317856271351827,82.0,-1.0,55.42857142857143,57.0,0.9345958419312073,57.0,3.0,49.628571428571426,50.0,0.5897076411585798,50.0,1.0,29.0,29.0,0.0,29.0,0.0,27.428571428571427,29.0,0.8030553898602969,28.0,0.0
C,20260729_163325,9.0,2026-07-29 16:35:37,70.0,1352.0,328.75,4.0,0.6146442689996547,149.5,481.0,897.0,,,current pose direct MOVEP lift-hover sample;void_20260729,1742.0,44.0,1211.0,124.0,80.0,1.0,1.3448311359998115,1254.0,72.0,1739.0,-4.0,1234.0,81.0,85.0,1.0,1.1950781599998663,1393.0,76.0,1739.0,-21.0,1369.0,31.0,52.0,0.0,,,,1742.0,15.0,1379.0,496.0,481.0,1.0,1.809722428999521,1379.0,481.0,1500.0,0.0,1382.0,161.0,161.0,1.0,1.809722428999521,1382.0,161.0,1050.0,93.0,916.0,131.0,38.0,0.0,,,,33.0,4.889722312000231,71.42424242424242,99.0,6.367675485822565,68.0,-31.0,329.969696969697,367.0,8.429690847650376,327.0,-40.0,58.878787878787875,60.0,0.945726456625893,60.0,2.0,79.06060606060606,80.0,0.8855538906789369,80.0,2.0,72.9090909090909,80.0,2.1653418284787693,71.0,-9.0,47.696969696969695,52.0,1.3592522116367154,48.0,-4.0,40.75757575757576,62.0,4.874362758850315,38.0,-24.0,30.666666666666668,37.0,1.5504968249049735,30.0,-7.0
A,20260729_173607,0.0,2026-07-29 17:36:24,70.0,1410.2,282.8,6.0,0.29542456499984837,677.3333333333334,1483.0,4064.0,,,current pose direct MOVEP lift-hover sample,1742.0,52.0,1214.0,131.0,79.0,1.0,1.4353897670007427,1214.0,79.0,1741.0,4.0,1367.0,754.0,750.0,1.0,1.1399652020008944,1451.0,222.0,1742.0,-12.0,1477.0,612.0,624.0,1.0,1.279681291000088,1503.0,335.0,1741.0,23.0,1486.0,729.0,706.0,1.0,1.279681291000088,1508.0,521.0,1499.0,-5.0,1379.0,1478.0,1483.0,1.0,1.1399652020008944,1375.0,94.0,1049.0,91.0,918.0,513.0,422.0,1.0,1.1399652020008944,916.0,128.0,28.0,4.606232881000324,1994.642857142857,2013.0,8.763619138698536,1982.0,-31.0,4178.607142857143,4218.0,20.279016751513453,4149.0,-69.0,80.75,81.0,0.4330127018922193,81.0,1.0,561.0714285714286,574.0,6.535226367423656,552.0,-22.0,969.1785714285714,979.0,5.425163403915469,961.0,-18.0,572.9642857142857,573.0,0.18557687223952254,573.0,1.0,1577.642857142857,1593.0,7.187361356249324,1568.0,-25.0,417.0,420.0,1.6690459207925603,414.0,-6.0
A,20260729_173607,1.0,2026-07-29 17:36:36,70.0,1415.0,277.8,6.0,0.3350594170005934,471.3333333333333,941.0,2828.0,,,current pose direct MOVEP lift-hover sample,1742.0,46.0,1257.0,116.0,70.0,1.0,1.410128898000039,1257.0,70.0,1739.0,0.0,1344.0,259.0,259.0,1.0,1.2402741519999836,1389.0,114.0,1742.0,-19.0,1482.0,567.0,586.0,1.0,1.2402741519999836,1504.0,352.0,1742.0,19.0,1509.0,711.0,692.0,1.0,1.0750694809994457,1550.0,295.0,1499.0,1.0,1376.0,942.0,941.0,1.0,1.0750694809994457,1375.0,191.0,1050.0,94.0,916.0,374.0,280.0,1.0,1.2402741519999836,916.0,105.0,22.0,4.439137183000639,1352.8181818181818,1368.0,6.407640067893126,1345.0,-23.0,2986.5,3015.0,11.968709203585824,2970.0,-45.0,84.27272727272727,85.0,0.9136250564655355,83.0,0.0,171.54545454545453,178.0,2.8719216361693296,168.0,-10.0,240.04545454545453,241.0,0.20829889522526546,240.0,-1.0,1137.8181818181818,1145.0,2.994485289454655,1134.0,-11.0,1135.5,1147.0,4.802934708923474,1130.0,-17.0,217.3181818181818,221.0,1.6891731069147315,215.0,-6.0
A,20260729_173607,2.0,2026-07-29 17:36:50,70.0,1479.25,201.25,5.0,0.29508472999987134,553.3333333333334,1100.0,3320.0,,,current pose direct MOVEP lift-hover sample,1742.0,46.0,1305.0,102.0,56.0,0.0,,,,1742.0,-2.0,1427.0,526.0,528.0,1.0,1.1501393290000124,1495.0,156.0,1739.0,-17.0,1507.0,639.0,656.0,1.0,1.3053329459999077,1548.0,113.0,1742.0,25.0,1508.0,642.0,617.0,1.0,1.4452240589998837,1508.0,617.0,1499.0,0.0,1360.0,1100.0,1100.0,1.0,1.1501393290000124,1366.0,71.0,1050.0,93.0,931.0,456.0,363.0,1.0,1.1501393290000124,917.0,90.0,23.0,4.827708729999358,1880.3478260869565,1890.0,5.188689167227314,1871.0,-19.0,3963.3478260869565,3987.0,12.658074225575904,3941.0,-46.0,64.56521739130434,65.0,0.8249419983047945,63.0,-2.0,315.1304347826087,317.0,0.4476360930863913,317.0,2.0,826.3913043478261,833.0,3.1310385891111014,821.0,-12.0,876.9130434782609,884.0,4.106337027171337,869.0,-15.0,1537.7391304347825,1546.0,4.214028242248149,1530.0,-16.0,342.60869565217394,344.0,1.093026529563177,341.0,-3.0
A,20260729_173607,3.0,2026-07-29 17:37:13,70.0,1490.0,191.25,5.0,0.0,612.8333333333334,1378.0,3677.0,,,current pose direct MOVEP lift-hover sample,1741.0,46.0,1266.0,113.0,67.0,0.0,,,,1742.0,-2.0,1422.0,560.0,562.0,1.0,5.779933317000541,1469.0,161.0,1742.0,-19.0,1531.0,621.0,640.0,1.0,5.779933317000541,1563.0,221.0,1741.0,19.0,1539.0,704.0,685.0,1.0,5.779933317000541,1570.0,567.0,1500.0,1.0,1359.0,1379.0,1378.0,1.0,5.779933317000541,1358.0,776.0,1047.0,93.0,910.0,438.0,345.0,1.0,5.779933317000541,908.0,137.0,32.0,4.6884404869997525,1704.25,1708.0,1.9685019685029528,1702.0,-6.0,3611.3125,3619.0,3.330141701189305,3608.0,-9.0,65.0,65.0,0.0,65.0,0.0,535.875,538.0,1.0825317547305484,535.0,-3.0,629.4375,631.0,0.8267972847076845,629.0,-2.0,676.75,677.0,0.5590169943749475,677.0,2.0,1363.1875,1365.0,1.2103072956898178,1362.0,-3.0,341.0625,343.0,0.9333240326917549,340.0,-3.0
A,20260729_173607,4.0,2026-07-29 17:37:25,70.0,1433.8,259.2,6.0,0.1451911789990845,632.0,1101.0,3792.0,,,current pose direct MOVEP lift-hover sample,1742.0,45.0,1249.0,120.0,75.0,1.0,1.360135351000281,1249.0,75.0,1741.0,-2.0,1406.0,656.0,658.0,1.0,1.2149441720011964,1457.0,199.0,1741.0,-17.0,1509.0,757.0,774.0,1.0,1.2149441720011964,1548.0,253.0,1742.0,20.0,1514.0,828.0,808.0,1.0,1.2149441720011964,1547.0,418.0,1499.0,0.0,1373.0,1101.0,1101.0,1.0,1.2149441720011964,1368.0,235.0,1050.0,93.0,915.0,469.0,376.0,1.0,1.2149441720011964,915.0,138.0,34.0,4.909639681998669,1900.235294117647,1915.0,6.324828867851877,1892.0,-23.0,4150.705882352941,4175.0,11.64304743755766,4135.0,-40.0,83.58823529411765,84.0,0.6910200073218077,84.0,2.0,589.7647058823529,600.0,4.881289749582293,583.0,-17.0,947.4117647058823,950.0,1.41665818574027,946.0,-4.0,629.7058823529412,630.0,0.5161743757289483,630.0,2.0,1490.1470588235295,1501.0,4.887753922642229,1484.0,-17.0,410.0882352941176,414.0,1.5786749294493698,408.0,-6.0
A,20260729_173607,5.0,2026-07-29 17:37:47,70.0,1444.2,248.8,6.0,0.3097637920000125,623.1666666666666,1152.0,3739.0,,,current pose direct MOVEP lift-hover sample,1742.0,44.0,1256.0,118.0,74.0,1.0,1.635080050000397,1256.0,74.0,1741.0,-2.0,1468.0,610.0,612.0,1.0,1.3253162580003846,1507.0,328.0,1742.0,-19.0,1522.0,595.0,614.0,1.0,1.4750455530011095,1547.0,320.0,1741.0,18.0,1509.0,958.0,940.0,1.0,1.4750455530011095,1543.0,85.0,1499.0,0.0,1363.0,1152.0,1152.0,1.0,1.3253162580003846,1368.0,83.0,1050.0,93.0,917.0,440.0,347.0,1.0,1.3253162580003846,916.0,149.0,3.0,3.4519286710001325,1976.6666666666667,1982.0,3.858612300930075,1973.0,-9.0,4293.333333333333,4304.0,7.930251502246879,4285.0,-19.0,83.66666666666667,85.0,0.9428090415820634,83.0,0.0,1005.3333333333334,1009.0,2.6246692913372702,1003.0,-6.0,342.0,342.0,0.0,342.0,0.0,885.6666666666666,888.0,1.699673171197595,884.0,-4.0,1566.6666666666667,1572.0,3.858612300930075,1563.0,-9.0,410.0,410.0,0.0,410.0,0.0
A,20260729_173607,6.0,2026-07-29 17:38:14,70.0,1420.8,272.6,6.0,1.8368951749998814,654.8333333333334,1448.0,3929.0,,,current pose direct MOVEP lift-hover sample,1742.0,46.0,1206.0,129.0,83.0,1.0,3.296832105001158,1206.0,83.0,1742.0,-2.0,1428.0,999.0,1001.0,1.0,1.4599369300012768,1511.0,186.0,1742.0,-18.0,1496.0,269.0,287.0,1.0,1.7451294809998217,1513.0,726.0,1742.0,20.0,1477.0,713.0,693.0,1.0,1.7451294809998217,1512.0,145.0,1499.0,0.0,1364.0,1448.0,1448.0,1.0,1.6049468210003397,1362.0,589.0,1050.0,94.0,918.0,511.0,417.0,1.0,1.4599369300012768,916.0,93.0,9.0,5.115210713998749,1844.0,1847.0,2.1081851067789197,1841.0,-6.0,3863.0,3868.0,2.9814239699997196,3859.0,-8.0,81.77777777777777,83.0,0.7856742013183862,83.0,2.0,978.0,980.0,1.3333333333333333,976.0,-4.0,280.8888888888889,281.0,0.31426968052735443,281.0,1.0,678.3333333333334,679.0,0.4714045207910317,678.0,-1.0,1430.888888888889,1434.0,2.1314806770278754,1428.0,-6.0,413.1111111111111,414.0,0.31426968052735443,413.0,0.0
A,20260729_173607,8.0,2026-07-29 17:38:36,70.0,1405.4,288.0,6.0,0.6048965480003972,569.5,1075.0,3417.0,,,current pose direct MOVEP lift-hover sample,1742.0,46.0,1214.0,125.0,79.0,1.0,1.5048326150008506,1214.0,79.0,1742.0,-2.0,1435.0,607.0,609.0,1.0,0.8999360670004535,1506.0,119.0,1742.0,-19.0,1458.0,516.0,535.0,1.0,1.195278529999996,1504.0,85.0,1742.0,21.0,1422.0,783.0,762.0,1.0,1.5048326150008506,1422.0,762.0,1499.0,-1.0,1383.0,1074.0,1075.0,1.0,1.039997805000894,1381.0,356.0,1050.0,94.0,918.0,451.0,357.0,1.0,1.039997805000894,916.0,312.0,35.0,4.940040425999541,1693.4285714285713,1722.0,14.381110059053587,1674.0,-48.0,3680.542857142857,3755.0,35.80530116947398,3630.0,-125.0,81.82857142857142,83.0,0.9098104758908947,83.0,0.0,980.0571428571428,986.0,2.9075552533048117,976.0,-10.0,152.25714285714287,161.0,4.101169569370998,146.0,-15.0,772.9714285714285,803.0,14.923587684861678,751.0,-52.0,1281.5428571428572,1305.0,11.652940418974229,1265.0,-40.0,411.8857142857143,417.0,2.785384595875186,409.0,-8.0
A,20260729_173607,9.0,2026-07-29 17:38:57,70.0,1426.25,254.75,5.0,0.41993028599972604,503.8333333333333,994.0,3023.0,,,current pose direct MOVEP lift-hover sample,1742.0,46.0,1243.0,452.0,406.0,1.0,1.3198664830015332,1369.0,180.0,1741.0,-2.0,1431.0,950.0,952.0,1.0,1.1750472740004625,1503.0,397.0,1742.0,-19.0,1464.0,63.0,82.0,1.0,1.5949775600001885,1464.0,82.0,1741.0,19.0,1467.0,39.0,20.0,0.0,,,,1499.0,0.0,1363.0,994.0,994.0,1.0,1.1750472740004625,1369.0,92.0,1050.0,93.0,923.0,662.0,569.0,1.0,1.1750472740004625,910.0,185.0,27.0,5.693943807000323,1620.2592592592594,1639.0,9.061896590762528,1604.0,-35.0,3160.5925925925926,3209.0,21.34246203864625,3127.0,-82.0,150.33333333333334,165.0,5.77991413495109,142.0,-23.0,734.074074074074,737.0,1.331274130045291,733.0,-4.0,627.925925925926,642.0,6.011876677020098,618.0,-24.0,28.0,30.0,0.816496580927726,30.0,4.0,1102.3703703703704,1115.0,5.806434158810687,1091.0,-24.0,517.8888888888889,524.0,3.337034981706935,513.0,-11.0
A,20260729_173607,10.0,2026-07-29 17:39:12,70.0,1442.0,178.5,3.0,0.1504194129993266,335.8333333333333,915.0,2015.0,,,current pose direct MOVEP lift-hover sample,1742.0,46.0,1267.0,112.0,66.0,0.0,,,,1741.0,-4.0,1444.0,911.0,915.0,1.0,0.9895232329999999,1504.0,86.0,1742.0,-19.0,1503.0,16.0,35.0,0.0,,,,1742.0,19.0,1499.0,37.0,18.0,0.0,,,,1500.0,0.0,1380.0,625.0,625.0,1.0,1.1399426459993265,1380.0,320.0,1050.0,93.0,916.0,449.0,356.0,1.0,1.1399426459993265,915.0,312.0,20.0,5.23390874299912,1002.5,1007.0,2.2693611435820435,999.0,-8.0,2085.9,2092.0,3.4190641994557516,2079.0,-13.0,81.15,83.0,0.47696960070847283,82.0,1.0,783.85,785.0,1.1521718621802912,781.0,-4.0,195.3,197.0,1.1,193.0,-4.0,23.1,24.0,0.8306623862918074,24.0,2.0,656.4,660.0,1.5937377450509227,653.0,-7.0,346.1,347.0,0.8888194417315589,346.0,-1.0
A,20260729_173607,11.0,2026-07-29 17:39:30,70.0,1430.8,261.6,6.0,0.324759212000572,601.5,1113.0,3609.0,,,current pose direct MOVEP lift-hover sample,1742.0,44.0,1214.0,126.0,82.0,1.0,1.3449159459996736,1263.0,71.0,1741.0,-2.0,1442.0,613.0,615.0,1.0,1.0201567339991016,1509.0,109.0,1739.0,-19.0,1495.0,493.0,512.0,1.0,1.3449159459996736,1509.0,608.0,1741.0,19.0,1473.0,958.0,939.0,1.0,1.3449159459996736,1496.0,309.0,1499.0,-1.0,1380.0,1112.0,1113.0,1.0,1.1701821370006655,1377.0,381.0,1050.0,93.0,916.0,441.0,348.0,1.0,1.1701821370006655,915.0,328.0,13.0,5.170202400000562,1780.2307692307693,1788.0,5.176185797310991,1769.0,-19.0,3893.3846153846152,3907.0,9.707558209484635,3871.0,-36.0,82.46153846153847,83.0,0.9294650748918901,80.0,-1.0,1036.2307692307693,1040.0,2.965282348830213,1030.0,-10.0,289.0,289.0,0.0,289.0,0.0,705.4615384615385,709.0,1.598816130063579,703.0,-6.0,1358.076923076923,1364.0,3.872219368816375,1349.0,-15.0,422.15384615384613,424.0,1.4058205294228512,420.0,-4.0
B,20260729_174004,0.0,2026-07-29 17:40:18,70.0,1324.0,417.5,2.0,0.12525840499984042,53.666666666666664,91.0,322.0,,,current pose direct MOVEP lift-hover sample,1742.0,49.0,1211.0,133.0,84.0,1.0,1.6952505890003522,1250.0,70.0,1741.0,0.0,1245.0,91.0,91.0,1.0,1.5699921840005118,1398.0,71.0,1742.0,-17.0,1369.0,35.0,52.0,0.0,,,,1741.0,21.0,1378.0,57.0,36.0,0.0,,,,1499.0,-1.0,1355.0,30.0,31.0,0.0,,,,1050.0,95.0,907.0,123.0,28.0,0.0,,,,33.0,4.879634975000954,56.03030303030303,57.0,0.17141982574219333,57.0,1.0,295.6666666666667,297.0,1.063632046956621,297.0,5.0,60.15151515151515,62.0,0.5571144336621283,60.0,0.0,91.0,91.0,0.0,91.0,0.0,50.75757575757576,51.0,0.4942274675848512,51.0,0.0,37.72727272727273,38.0,0.9620913858416693,38.0,4.0,30.0,30.0,0.0,30.0,0.0,26.03030303030303,27.0,0.17141982574219333,27.0,1.0
B,20260729_174004,1.0,2026-07-29 17:40:31,70.0,1393.6,299.2,6.0,0.154857327001082,596.8333333333334,1216.0,3581.0,,,current pose direct MOVEP lift-hover sample,1742.0,46.0,1211.0,129.0,83.0,1.0,1.395041219999257,1252.0,72.0,1742.0,-4.0,1299.0,121.0,125.0,1.0,1.395041219999257,1394.0,75.0,1739.0,-19.0,1454.0,839.0,858.0,1.0,1.549898547000339,1465.0,820.0,1742.0,17.0,1450.0,1008.0,991.0,1.0,1.395041219999257,1496.0,100.0,1499.0,-1.0,1364.0,1215.0,1216.0,1.0,1.549898547000339,1361.0,542.0,1050.0,93.0,915.0,401.0,308.0,1.0,1.549898547000339,915.0,292.0,23.0,4.981121038999845,1433.4347826086957,1452.0,9.338215484288307,1424.0,-28.0,3333.478260869565,3391.0,30.031678296812707,3300.0,-91.0,59.73913043478261,61.0,0.9425862342903826,61.0,3.0,85.0,89.0,2.206709137469482,82.0,-7.0,887.9130434782609,891.0,1.6658473096233057,886.0,-5.0,867.3913043478261,901.0,17.36748368656279,847.0,-54.0,1160.4347826086957,1180.0,9.6856060256019,1149.0,-31.0,273.0,275.0,0.5897678246195885,275.0,3.0
B,20260729_174004,2.0,2026-07-29 17:40:44,70.0,1392.8,300.4,6.0,0.15534279200073797,606.3333333333334,1236.0,3638.0,,,current pose direct MOVEP lift-hover sample,1742.0,46.0,1215.0,123.0,77.0,1.0,1.474195366999993,1245.0,71.0,1742.0,-4.0,1284.0,81.0,85.0,1.0,1.318852574999255,1393.0,73.0,1742.0,-21.0,1453.0,912.0,933.0,1.0,1.318852574999255,1495.0,130.0,1741.0,19.0,1454.0,1054.0,1035.0,1.0,1.474195366999993,1468.0,750.0,1499.0,-1.0,1366.0,1235.0,1236.0,1.0,1.474195366999993,1363.0,498.0,1050.0,93.0,915.0,365.0,272.0,1.0,1.474195366999993,915.0,178.0,33.0,4.865290850000747,1498.6060606060605,1506.0,3.8607535293655726,1494.0,-11.0,3565.151515151515,3578.0,7.203203042255039,3557.0,-17.0,82.75757575757575,84.0,1.1554955130265223,83.0,6.0,80.0909090909091,81.0,0.3784847271756605,80.0,0.0,903.2121212121212,905.0,1.0077750998979327,903.0,-2.0,1000.4848484848485,1007.0,3.006268321269311,997.0,-10.0,1229.909090909091,1234.0,2.287828616748712,1227.0,-7.0,268.6969696969697,272.0,1.64196571929019,267.0,-4.0
B,20260729_174004,3.0,2026-07-29 17:40:57,70.0,1405.6,287.6,6.0,0.3602253209992341,556.3333333333334,1074.0,3338.0,,,current pose direct MOVEP lift-hover sample,1742.0,43.0,1210.0,127.0,84.0,1.0,1.4951345900008164,1256.0,71.0,1742.0,-2.0,1297.0,82.0,84.0,1.0,1.4951345900008164,1403.0,71.0,1742.0,-21.0,1452.0,902.0,923.0,1.0,1.290002669000387,1541.0,74.0,1741.0,17.0,1444.0,916.0,899.0,1.0,1.650227989999621,1464.0,450.0,1499.0,-1.0,1366.0,1073.0,1074.0,1.0,1.650227989999621,1364.0,271.0,1050.0,94.0,915.0,368.0,274.0,1.0,1.650227989999621,915.0,149.0,13.0,5.012904953999168,1353.6153846153845,1359.0,3.6907047802754325,1348.0,-11.0,3252.076923076923,3264.0,8.306267684118824,3238.0,-26.0,61.61538461538461,63.0,1.002954216185023,63.0,0.0,82.23076923076923,83.0,0.5756395979652218,83.0,1.0,899.1538461538462,901.0,1.8332885058173822,895.0,-6.0,855.4615384615385,859.0,2.951280937423212,849.0,-10.0,1083.0,1087.0,2.8010986855435576,1078.0,-9.0,270.61538461538464,272.0,1.002954216185023,270.0,-2.0
B,20260729_174004,4.0,2026-07-29 17:41:10,70.0,1396.8,296.2,6.0,0.4797609629986255,572.3333333333334,1087.0,3434.0,,,current pose direct MOVEP lift-hover sample,1742.0,44.0,1215.0,127.0,83.0,1.0,1.5948862289988028,1215.0,83.0,1741.0,-4.0,1310.0,74.0,78.0,1.0,1.1151252660001774,1451.0,75.0,1741.0,-20.0,1454.0,960.0,980.0,1.0,1.2547455450003326,1507.0,78.0,1741.0,17.0,1447.0,942.0,925.0,1.0,1.5948862289988028,1447.0,925.0,1500.0,-1.0,1364.0,1086.0,1087.0,1.0,1.5948862289988028,1364.0,1087.0,1050.0,93.0,915.0,374.0,281.0,1.0,1.5948862289988028,915.0,281.0,34.0,5.009887578000416,1389.3823529411766,1402.0,5.2469302279150805,1382.0,-20.0,3368.970588235294,3401.0,14.797625592756123,3350.0,-51.0,82.02941176470588,85.0,2.0362204624318796,82.0,-3.0,79.05882352941177,80.0,0.9683575078326075,78.0,0.0,951.2647058823529,955.0,2.0191556699217528,949.0,-6.0,867.2352941176471,881.0,6.389600114199414,859.0,-22.0,1113.5,1123.0,3.7904679208276555,1109.0,-14.0,275.88235294117646,279.0,1.5860551485544427,273.0,-6.0
B,20260729_174004,5.0,2026-07-29 17:41:24,70.0,1392.6,300.4,6.0,0.2851067540013901,534.0,926.0,3204.0,,,current pose direct MOVEP lift-hover sample,1742.0,44.0,1213.0,124.0,80.0,1.0,1.4351811470005487,1220.0,84.0,1740.0,-2.0,1286.0,85.0,87.0,1.0,1.1500743929991586,1441.0,73.0,1742.0,-21.0,1437.0,905.0,926.0,1.0,1.4351811470005487,1461.0,310.0,1741.0,17.0,1438.0,926.0,909.0,1.0,1.4351811470005487,1463.0,318.0,1500.0,-1.0,1381.0,922.0,923.0,1.0,1.4351811470005487,1378.0,115.0,1050.0,93.0,915.0,372.0,279.0,1.0,1.4351811470005487,915.0,89.0,31.0,4.80492633600079,1352.9354838709678,1356.0,1.899668627656188,1351.0,-5.0,3247.3548387096776,3253.0,3.5245533882874662,3243.0,-9.0,62.12903225806452,63.0,1.1285713344861872,63.0,3.0,81.35483870967742,83.0,1.0939241908266562,81.0,1.0,887.6451612903226,891.0,1.3331598915981822,886.0,-5.0,863.2903225806451,865.0,1.0834100402417204,862.0,-3.0,1080.4516129032259,1081.0,0.49765318130779074,1080.0,-1.0,272.48387096774195,275.0,1.4562649471349305,271.0,-4.0
B,20260729_174004,6.0,2026-07-29 17:41:44,70.0,1370.25,310.25,4.0,0.17498952099958842,54.333333333333336,97.0,326.0,,,current pose direct MOVEP lift-hover sample,1741.0,42.0,1210.0,128.0,86.0,1.0,1.9182904419994884,1259.0,71.0,1740.0,-4.0,1229.0,93.0,97.0,1.0,1.7433009209999,1401.0,73.0,1742.0,-21.0,1361.0,34.0,55.0,0.0,,,,1742.0,19.0,1361.0,66.0,47.0,1.0,1.7433009209999,1457.0,189.0,1499.0,-1.0,1364.0,15.0,16.0,1.0,1.7433009209999,1364.0,107.0,1050.0,93.0,915.0,118.0,25.0,0.0,,,,4.0,3.6060096050005086,46.75,48.0,0.82915619758885,47.0,-1.0,291.25,292.0,0.4330127018922193,291.0,0.0,64.5,65.0,0.8660254037844386,65.0,2.0,91.5,92.0,0.5,92.0,1.0,51.75,52.0,0.4330127018922193,51.0,-1.0,36.75,38.0,0.82915619758885,36.0,-1.0,22.0,22.0,0.0,22.0,0.0,24.75,26.0,0.82915619758885,25.0,-1.0
B,20260729_174004,8.0,2026-07-29 17:42:11,70.0,1419.6,273.0,6.0,0.6401847600009205,592.8333333333334,1017.0,3557.0,,,current pose direct MOVEP lift-hover sample,1741.0,44.0,1210.0,120.0,76.0,1.0,1.3696346590004396,1257.0,71.0,1741.0,-2.0,1300.0,255.0,257.0,1.0,0.8946775500007789,1555.0,93.0,1739.0,-19.0,1426.0,942.0,961.0,1.0,1.5348623100016994,1457.0,266.0,1742.0,19.0,1427.0,913.0,894.0,1.0,1.5348623100016994,1456.0,335.0,1500.0,-1.0,1376.0,1016.0,1017.0,1.0,1.5348623100016994,1373.0,150.0,1047.0,94.0,915.0,446.0,352.0,1.0,1.5348623100016994,915.0,167.0,34.0,4.779816715001289,1588.764705882353,1594.0,3.2454386409726403,1583.0,-11.0,3572.029411764706,3587.0,6.784434148313532,3562.0,-25.0,61.73529411764706,63.0,1.19579713825036,62.0,0.0,100.02941176470588,101.0,0.9230796956750127,101.0,0.0,964.3529411764706,969.0,1.9385008297981272,961.0,-8.0,857.1470588235294,861.0,1.8807437974997845,855.0,-6.0,1257.9411764705883,1262.0,2.312894500157353,1254.0,-8.0,330.8235294117647,332.0,1.042355596862903,329.0,-3.0
B,20260729_174004,9.0,2026-07-29 17:42:29,70.0,1383.0,309.8,6.0,0.14506248500038055,538.5,1092.0,3231.0,,,current pose direct MOVEP lift-hover sample,1742.0,45.0,1215.0,104.0,59.0,1.0,1.4949262350000936,1213.0,80.0,1742.0,-4.0,1252.0,81.0,85.0,1.0,1.349863749999713,1400.0,73.0,1739.0,-19.0,1434.0,936.0,955.0,1.0,1.4949262350000936,1461.0,258.0,1742.0,17.0,1440.0,782.0,765.0,1.0,1.4949262350000936,1464.0,360.0,1499.0,-1.0,1380.0,1091.0,1092.0,1.0,1.4949262350000936,1377.0,128.0,1046.0,95.0,916.0,370.0,275.0,1.0,1.4949262350000936,916.0,77.0,17.0,3.3053366619988083,1363.2941176470588,1364.0,0.8921029934178295,1362.0,-2.0,3196.529411764706,3200.0,1.2422771812907574,3197.0,-3.0,62.64705882352941,64.0,0.5882352941176471,63.0,0.0,82.70588235294117,84.0,0.6655122646461624,84.0,2.0,935.2941176470588,937.0,0.5703152773430975,935.0,-2.0,752.5882352941177,754.0,0.6910200073218077,753.0,-1.0,1090.4117647058824,1091.0,0.8442764761416073,1089.0,-2.0,272.88235294117646,273.0,0.32218973970892123,273.0,0.0
B,20260729_174004,10.0,2026-07-29 17:42:45,70.0,1381.4,311.0,6.0,0.1402318149994244,509.6666666666667,995.0,3058.0,,,current pose direct MOVEP lift-hover sample,1741.0,44.0,1212.0,127.0,83.0,1.0,1.445161403999009,1214.0,82.0,1742.0,-3.0,1297.0,82.0,85.0,1.0,1.3049295889995847,1396.0,72.0,1739.0,-19.0,1438.0,680.0,699.0,1.0,1.445161403999009,1457.0,375.0,1741.0,17.0,1440.0,1012.0,995.0,1.0,1.445161403999009,1465.0,196.0,1499.0,-1.0,1377.0,959.0,960.0,1.0,1.445161403999009,1375.0,116.0,1046.0,93.0,916.0,329.0,236.0,1.0,1.445161403999009,916.0,104.0,5.0,5.565325793999364,1253.4,1261.0,6.151422599691879,1244.0,-17.0,3027.0,3042.0,12.116104984688768,3009.0,-33.0,59.0,60.0,0.8944271909999159,60.0,2.0,86.2,87.0,0.4,86.0,0.0,684.8,686.0,0.9797958971132712,684.0,-2.0,943.6,951.0,5.986651818838307,935.0,-16.0,1019.0,1025.0,4.69041575982343,1012.0,-13.0,234.4,236.0,1.4966629547095767,232.0,-4.0
B,20260729_174004,11.0,2026-07-29 17:43:05,70.0,1372.4,320.4,6.0,0.5560242869996728,374.3333333333333,801.0,2246.0,,,current pose direct MOVEP lift-hover sample,1742.0,44.0,1206.0,120.0,76.0,1.0,4.784242899000674,1206.0,83.0,1740.0,-4.0,1306.0,83.0,87.0,1.0,4.784242899000674,1356.0,70.0,1742.0,-20.0,1451.0,781.0,801.0,1.0,5.3402671860003466,1451.0,801.0,1741.0,17.0,1471.0,313.0,296.0,1.0,4.784242899000674,1472.0,566.0,1499.0,-1.0,1374.0,775.0,776.0,1.0,4.784242899000674,1377.0,505.0,1050.0,93.0,915.0,303.0,210.0,1.0,5.3402671860003466,915.0,210.0,7.0,4.947290604000955,981.1428571428571,984.0,2.166535841157586,978.0,-6.0,2219.4285714285716,2223.0,2.920721185751553,2215.0,-8.0,82.71428571428571,83.0,0.6998542122237652,83.0,0.0,83.14285714285714,85.0,0.989743318610787,82.0,-1.0,779.4285714285714,781.0,1.4982983545287878,777.0,-4.0,293.0,295.0,1.1952286093343936,295.0,3.0,771.4285714285714,774.0,2.0603150145508513,768.0,-6.0,209.71428571428572,210.0,0.45175395145262565,210.0,0.0
C,20260729_174340,0.0,2026-07-29 17:44:00,70.0,1358.75,382.5,4.0,0.48926479799956724,61.0,93.0,366.0,,,current pose direct MOVEP lift-hover sample,1742.0,49.0,1211.0,131.0,82.0,1.0,1.489767078001023,1214.0,82.0,1740.0,0.0,1241.0,93.0,93.0,1.0,1.1744790810007544,1387.0,72.0,1742.0,-19.0,1370.0,65.0,84.0,1.0,1.6637438790003216,1370.0,84.0,1741.0,19.0,1372.0,63.0,44.0,1.0,1.3399306380015332,1464.0,80.0,1499.0,0.0,1375.0,26.0,26.0,0.0,,,,1049.0,95.0,916.0,132.0,37.0,0.0,,,,22.0,5.331379466000726,54.72727272727273,55.0,0.616575453011388,53.0,-2.0,305.45454545454544,308.0,0.9875254992000196,307.0,2.0,60.27272727272727,62.0,0.616575453011388,62.0,2.0,89.36363636363636,90.0,0.48104569292083466,90.0,1.0,59.04545454545455,60.0,0.20829889522526546,60.0,1.0,42.04545454545455,43.0,0.20829889522526546,42.0,0.0,28.772727272727273,29.0,0.597861201725723,27.0,-2.0,25.954545454545453,26.0,0.20829889522526546,26.0,0.0
C,20260729_174340,1.0,2026-07-29 17:44:12,70.0,1392.2,300.8,6.0,0.5900395219996426,484.8333333333333,891.0,2909.0,,,current pose direct MOVEP lift-hover sample,1742.0,46.0,1211.0,120.0,74.0,1.0,1.3403566159995535,1254.0,72.0,1741.0,-2.0,1244.0,83.0,85.0,1.0,1.0453353430002608,1510.0,71.0,1741.0,-19.0,1396.0,841.0,860.0,1.0,1.6353748649999034,1413.0,339.0,1742.0,17.0,1398.0,724.0,707.0,1.0,1.6353748649999034,1416.0,310.0,1499.0,-1.0,1370.0,890.0,891.0,1.0,1.6353748649999034,1368.0,131.0,1050.0,94.0,916.0,386.0,292.0,1.0,1.6353748649999034,916.0,112.0,28.0,4.326582713998505,1224.0714285714287,1231.0,2.8275250589842122,1221.0,-10.0,2872.1071428571427,2887.0,5.9542259045529145,2865.0,-22.0,60.964285714285715,63.0,0.5658206970626736,61.0,0.0,84.96428571428571,85.0,0.18557687223952254,85.0,0.0,828.0714285714286,831.0,1.251529676281088,827.0,-4.0,674.0357142857143,679.0,1.9361623097756857,671.0,-8.0,937.2142857142857,941.0,2.0063674150268773,934.0,-7.0,286.85714285714283,290.0,1.0251928638862373,287.0,-3.0
C,20260729_174340,2.0,2026-07-29 17:44:25,70.0,1363.8,329.4,6.0,0.439772115998494,518.5,971.0,3111.0,,,current pose direct MOVEP lift-hover sample,1742.0,44.0,1211.0,118.0,74.0,1.0,1.3101129770002444,1258.0,71.0,1741.0,-4.0,1233.0,75.0,79.0,1.0,1.3101129770002444,1389.0,75.0,1742.0,-23.0,1384.0,873.0,896.0,1.0,1.6000615630000539,1416.0,221.0,1742.0,17.0,1382.0,988.0,971.0,1.0,1.7498850929987384,1382.0,971.0,1499.0,-1.0,1374.0,777.0,778.0,1.0,1.7498850929987384,1374.0,778.0,1046.0,93.0,916.0,406.0,313.0,1.0,1.6000615630000539,916.0,79.0,29.0,4.895211410999764,131.31034482758622,141.0,3.7883983357164874,127.0,-14.0,449.2068965517241,465.0,5.384391941111397,441.0,-24.0,61.37931034482759,63.0,1.3238864703760322,63.0,2.0,92.6896551724138,95.0,1.1774738675147498,91.0,-4.0,115.48275862068965,121.0,2.4441441581612895,112.0,-9.0,48.3448275862069,50.0,0.7083668477301426,48.0,1.0,74.06896551724138,79.0,2.1644627346862366,71.0,-8.0,57.241379310344826,62.0,1.7351373276426378,56.0,-6.0
C,20260729_174340,3.0,2026-07-29 17:44:39,70.0,1343.75,336.75,5.0,1.1539704610004264,247.0,753.0,1482.0,,,current pose direct MOVEP lift-hover sample,1742.0,42.0,1214.0,118.0,76.0,1.0,1.4099764570000843,1223.0,81.0,1739.0,-2.0,1233.0,81.0,83.0,1.0,1.2848820950002846,1391.0,71.0,1742.0,-21.0,1384.0,732.0,753.0,1.0,2.438852556000711,1384.0,753.0,1742.0,17.0,1369.0,52.0,35.0,0.0,,,,1499.0,-1.0,1377.0,272.0,273.0,1.0,2.438852556000711,1377.0,273.0,1051.0,93.0,916.0,355.0,262.0,1.0,2.438852556000711,916.0,262.0,33.0,4.919981607999944,40.90909090909091,42.0,0.51425947722658,40.0,-1.0,288.09090909090907,291.0,2.0503308877620934,285.0,-3.0,64.03030303030303,65.0,1.1673551687429227,62.0,-3.0,91.57575757575758,93.0,0.779677595773855,91.0,0.0,51.84848484848485,52.0,0.4997703788627467,52.0,0.0,39.72727272727273,41.0,0.708080087608965,40.0,1.0,17.03030303030303,18.0,0.17141982574219333,17.0,0.0,23.87878787878788,25.0,0.4772125984249582,23.0,-1.0
C,20260729_174340,4.0,2026-07-29 17:44:57,70.0,1369.8,323.0,6.0,0.2711095260001457,543.0,957.0,3258.0,,,current pose direct MOVEP lift-hover sample,1742.0,43.0,1211.0,118.0,75.0,1.0,1.3800593500000105,1248.0,76.0,1742.0,-4.0,1241.0,82.0,86.0,1.0,1.3800593500000105,1395.0,74.0,1739.0,-19.0,1387.0,911.0,930.0,1.0,1.6511688760001562,1416.0,222.0,1742.0,17.0,1403.0,924.0,907.0,1.0,1.6511688760001562,1427.0,472.0,1499.0,-1.0,1366.0,956.0,957.0,1.0,1.6511688760001562,1363.0,202.0,1050.0,94.0,916.0,397.0,303.0,1.0,1.6511688760001562,916.0,84.0,35.0,4.944999467999878,483.51428571428573,1376.0,523.4302448507249,71.0,-1305.0,1199.4857142857143,3127.0,1084.3405467031516,366.0,-2761.0,68.77142857142857,70.0,1.4557416231836569,70.0,4.0,97.34285714285714,101.0,4.659508601576272,99.0,12.0,229.65714285714284,739.0,232.0493719457309,65.0,-674.0,320.2,859.0,340.76718487218557,61.0,-798.0,381.74285714285713,1090.0,428.4446517250936,42.0,-1048.0,101.77142857142857,286.0,96.3879321771546,29.0,-257.0
C,20260729_174340,5.0,2026-07-29 17:45:10,70.0,1365.4,327.6,6.0,0.13991772400004265,538.5,1003.0,3231.0,,,current pose direct MOVEP lift-hover sample,1741.0,44.0,1211.0,110.0,66.0,1.0,1.6251011980002659,1214.0,81.0,1740.0,-4.0,1286.0,84.0,88.0,1.0,1.4851834740002232,1403.0,70.0,1742.0,-19.0,1394.0,952.0,971.0,1.0,1.6251011980002659,1420.0,183.0,1743.0,15.0,1414.0,818.0,803.0,1.0,1.6251011980002659,1427.0,830.0,1499.0,-1.0,1365.0,1002.0,1003.0,1.0,1.6251011980002659,1363.0,307.0,1046.0,93.0,910.0,393.0,300.0,1.0,1.6251011980002659,910.0,82.0,29.0,4.910183398000299,1339.896551724138,1347.0,3.7723570568765084,1334.0,-13.0,3176.103448275862,3190.0,7.47568392713062,3162.0,-28.0,60.827586206896555,63.0,1.1163044176716308,60.0,0.0,82.17241379310344,84.0,0.8333135154203153,81.0,-1.0,891.9310344827586,898.0,3.3828271637050267,886.0,-12.0,801.2758620689655,803.0,0.6896551724137931,801.0,-2.0,1047.9655172413793,1052.0,2.0923960629349057,1045.0,-7.0,291.9310344827586,295.0,1.7603102093931335,289.0,-6.0
C,20260729_174340,6.0,2026-07-29 17:45:22,70.0,1362.6,329.6,6.0,0.31046452800001134,540.5,1017.0,3243.0,,,current pose direct MOVEP lift-hover sample,1741.0,44.0,1211.0,126.0,82.0,1.0,1.5251107990006858,1214.0,80.0,1740.0,-2.0,1239.0,80.0,82.0,1.0,1.2146462710006745,1395.0,74.0,1739.0,-19.0,1388.0,952.0,971.0,1.0,1.5251107990006858,1412.0,270.0,1741.0,16.0,1407.0,804.0,788.0,1.0,1.5251107990006858,1424.0,590.0,1500.0,-1.0,1371.0,1016.0,1017.0,1.0,1.5251107990006858,1368.0,245.0,1046.0,94.0,915.0,397.0,303.0,1.0,1.5251107990006858,915.0,100.0,35.0,4.855108553001628,1372.7142857142858,1378.0,3.1493439550069433,1367.0,-11.0,3199.8571428571427,3217.0,6.551522645888651,3193.0,-23.0,61.77142857142857,65.0,1.7741913938582885,63.0,-2.0,81.65714285714286,83.0,1.2636196792854846,83.0,2.0,911.5142857142857,918.0,2.9507522389231875,908.0,-10.0,772.2,774.0,0.6233549779791837,772.0,-2.0,1075.6857142857143,1080.0,2.06703968544982,1072.0,-8.0,297.0285714285714,298.0,1.3413365250634859,295.0,-3.0
C,20260729_174340,7.0,2026-07-29 17:45:37,70.0,1354.2,338.8,6.0,0.41005741600019974,367.3333333333333,903.0,2204.0,,,current pose direct MOVEP lift-hover sample,1742.0,44.0,1213.0,118.0,74.0,1.0,1.4598133449999295,1214.0,84.0,1741.0,-4.0,1235.0,81.0,85.0,1.0,1.3151080459992954,1393.0,73.0,1741.0,-21.0,1388.0,882.0,903.0,1.0,1.599834684999223,1416.0,201.0,1742.0,15.0,1373.0,393.0,378.0,1.0,1.7251654619994952,1373.0,378.0,1499.0,-1.0,1375.0,466.0,467.0,1.0,1.7251654619994952,1375.0,467.0,1049.0,93.0,915.0,390.0,297.0,1.0,1.599834684999223,915.0,70.0,35.0,4.845198921000701,49.6,51.0,0.834950811211569,47.0,-3.0,296.62857142857143,300.0,1.9136459485303259,294.0,-1.0,58.857142857142854,60.0,0.8666143364630343,60.0,0.0,92.2,93.0,1.008535005412731,90.0,-1.0,51.02857142857143,52.0,0.9098104758908947,51.0,1.0,44.94285714285714,46.0,0.8261047025600549,46.0,2.0,21.82857142857143,22.0,0.3768830273792263,21.0,-1.0,27.771428571428572,29.0,0.5897076411585798,26.0,-2.0
C,20260729_174340,8.0,2026-07-29 17:45:49,70.0,1383.6,308.8,6.0,0.4750136590009788,521.8333333333334,959.0,3131.0,,,current pose direct MOVEP lift-hover sample,1742.0,42.0,1211.0,127.0,85.0,1.0,1.3975159250003344,1254.0,76.0,1740.0,-2.0,1240.0,81.0,83.0,1.0,1.0827478779992816,1461.0,70.0,1739.0,-19.0,1394.0,883.0,902.0,1.0,1.5577615370002604,1414.0,410.0,1742.0,16.0,1396.0,817.0,801.0,1.0,1.5577615370002604,1418.0,394.0,1499.0,-1.0,1373.0,958.0,959.0,1.0,1.5577615370002604,1371.0,160.0,1050.0,93.0,915.0,394.0,301.0,1.0,1.5577615370002604,915.0,142.0,35.0,4.884697771998617,1317.057142857143,1322.0,2.203151731275086,1313.0,-8.0,3106.5142857142855,3122.0,7.136911811426678,3097.0,-24.0,61.51428571428571,65.0,1.5188610125716586,60.0,-2.0,83.94285714285714,85.0,0.8925999629607605,85.0,1.0,876.1714285714286,880.0,1.5581255090783976,874.0,-6.0,767.8285714285714,774.0,2.7201440538084354,765.0,-9.0,1019.7142857142857,1023.0,1.7819961290871629,1016.0,-7.0,297.34285714285716,299.0,0.6298687910013886,297.0,-1.0
C,20260729_174340,9.0,2026-07-29 17:46:06,70.0,1341.25,340.0,4.0,1.1642708939998556,77.33333333333333,122.0,464.0,,,current pose direct MOVEP lift-hover sample,1742.0,43.0,1204.0,127.0,84.0,1.0,4.3912421590011945,1204.0,86.0,1742.0,-4.0,1306.0,88.0,92.0,1.0,4.3912421590011945,1357.0,76.0,1739.0,-19.0,1424.0,25.0,44.0,0.0,,,,1742.0,15.0,1427.0,137.0,122.0,1.0,5.55551305300105,1427.0,122.0,1499.0,-1.0,1377.0,92.0,93.0,1.0,5.55551305300105,1377.0,93.0,1050.0,93.0,915.0,122.0,29.0,0.0,,,,33.0,4.849647286000618,147.45454545454547,152.0,1.5193880165723241,145.0,-7.0,495.6666666666667,506.0,3.5476553645835707,490.0,-16.0,84.24242424242425,86.0,0.6527472493496368,85.0,-1.0,90.51515151515152,93.0,1.3511210187641185,89.0,-3.0,40.57575757575758,42.0,0.779677595773855,40.0,-2.0,132.87878787878788,134.0,1.2970263369110726,131.0,-3.0,121.51515151515152,124.0,0.7832029080800053,121.0,-3.0,25.939393939393938,28.0,0.919136417460794,24.0,-4.0
C,20260729_174340,10.0,2026-07-29 17:46:19,70.0,1370.0,323.2,6.0,0.309728645001087,512.8333333333334,956.0,3077.0,,,current pose direct MOVEP lift-hover sample,1742.0,42.0,1213.0,118.0,76.0,1.0,1.3049772399990616,1262.0,70.0,1740.0,-2.0,1233.0,78.0,80.0,1.0,1.3049772399990616,1392.0,70.0,1742.0,-20.0,1387.0,936.0,956.0,1.0,1.6147058850001486,1409.0,288.0,1743.0,17.0,1392.0,791.0,774.0,1.0,1.6147058850001486,1414.0,314.0,1499.0,-1.0,1375.0,878.0,879.0,1.0,1.6147058850001486,1373.0,105.0,1050.0,93.0,916.0,405.0,312.0,1.0,1.6147058850001486,916.0,110.0,35.0,4.9299791419998655,1325.0,1334.0,4.702582876918355,1317.0,-17.0,3116.2571428571428,3136.0,10.726050683513765,3099.0,-37.0,76.31428571428572,78.0,1.4495601021675224,76.0,-2.0,81.85714285714286,83.0,1.149977816999892,82.0,2.0,914.5142857142857,919.0,2.234424548116246,911.0,-8.0,718.5714285714286,725.0,3.547922646005803,713.0,-12.0,1019.1428571428571,1027.0,3.440455593940656,1014.0,-13.0,305.85714285714283,307.0,1.47634407803015,303.0,-4.0
C,20260729_174340,11.0,2026-07-29 17:46:33,70.0,1368.6,324.6,6.0,0.29529147100038244,423.0,757.0,2538.0,,,current pose direct MOVEP lift-hover sample,1742.0,43.0,1225.0,100.0,57.0,1.0,1.374755910001113,1235.0,81.0,1741.0,-2.0,1251.0,91.0,93.0,1.0,1.23967341900061,1406.0,70.0,1742.0,-21.0,1388.0,616.0,637.0,1.0,1.5349648900009925,1409.0,172.0,1742.0,17.0,1397.0,773.0,756.0,1.0,1.5349648900009925,1414.0,526.0,1499.0,-1.0,1380.0,756.0,757.0,1.0,1.5349648900009925,1379.0,144.0,1046.0,95.0,916.0,333.0,238.0,1.0,1.5349648900009925,916.0,81.0,35.0,4.869618319000438,1157.2571428571428,1161.0,1.537026017864316,1155.0,-6.0,2700.7714285714287,2710.0,4.25666344376313,2698.0,-12.0,58.34285714285714,59.0,0.8925999629607605,59.0,0.0,84.6,86.0,0.8684962373468951,86.0,3.0,751.9428571428572,756.0,2.0555549426977087,750.0,-6.0,648.6285714285714,651.0,0.831030832699942,648.0,-3.0,880.0857142857143,883.0,1.2040747146117416,879.0,-4.0,277.1714285714286,279.0,0.5062870041905528,276.0,-2.0
