label,trial_id,repeat_index,timestamp,contact_threshold,size_contact_angle_mean,size_closure_mean,active_contact_count,contact_order_span_s,final_force_delta_mean,final_force_delta_max,final_force_delta_sum,lift_force_delta,weight_g,notes,baseline_angle_little,baseline_force_little,final_angle_little,final_force_little,final_force_delta_little,contacted_little,contact_time_little,contact_angle_little,contact_force_delta_little,baseline_angle_ring,baseline_force_ring,final_angle_ring,final_force_ring,final_force_delta_ring,contacted_ring,contact_time_ring,contact_angle_ring,contact_force_delta_ring,baseline_angle_middle,baseline_force_middle,final_angle_middle,final_force_middle,final_force_delta_middle,contacted_middle,contact_time_middle,contact_angle_middle,contact_force_delta_middle,baseline_angle_index,baseline_force_index,final_angle_index,final_force_index,final_force_delta_index,contacted_index,contact_time_index,contact_angle_index,contact_force_delta_index,baseline_angle_thumb_bend,baseline_force_thumb_bend,final_angle_thumb_bend,final_force_thumb_bend,final_force_delta_thumb_bend,contacted_thumb_bend,contact_time_thumb_bend,contact_angle_thumb_bend,contact_force_delta_thumb_bend,baseline_angle_thumb_swing,baseline_force_thumb_swing,final_angle_thumb_swing,final_force_thumb_swing,final_force_delta_thumb_swing,contacted_thumb_swing,contact_time_thumb_swing,contact_angle_thumb_swing,contact_force_delta_thumb_swing,hover_sample_count,hover_duration_s,hover_thumb_force_delta_mean,hover_thumb_force_delta_max,hover_thumb_force_delta_std,hover_thumb_force_delta_last,hover_thumb_force_delta_drift,hover_force_delta_sum_mean,hover_force_delta_sum_max,hover_force_delta_sum_std,hover_force_delta_sum_last,hover_force_delta_sum_drift,hover_force_delta_little_mean,hover_force_delta_little_max,hover_force_delta_little_std,hover_force_delta_little_last,hover_force_delta_little_drift,hover_force_delta_ring_mean,hover_force_delta_ring_max,hover_force_delta_ring_std,hover_force_delta_ring_last,hover_force_delta_ring_drift,hover_force_delta_middle_mean,hover_force_delta_middle_max,hover_force_delta_middle_std,hover_force_delta_middle_last,hover_force_delta_middle_drift,hover_force_delta_index_mean,hover_force_delta_index_max,hover_force_delta_index_std,hover_force_delta_index_last,hover_force_delta_index_drift,hover_force_delta_thumb_bend_mean,hover_force_delta_thumb_bend_max,hover_force_delta_thumb_bend_std,hover_force_delta_thumb_bend_last,hover_force_delta_thumb_bend_drift,hover_force_delta_thumb_swing_mean,hover_force_delta_thumb_swing_max,hover_force_delta_thumb_swing_std,hover_force_delta_thumb_swing_last,hover_force_delta_thumb_swing_drift,squeeze_sample_count,squeeze_duration_s,squeeze_force_delta_sum_mean,squeeze_force_delta_sum_max,squeeze_force_delta_sum_last,squeeze_thumb_force_delta_mean,squeeze_thumb_force_delta_max,squeeze_thumb_force_delta_last,squeeze_middle_force_delta_max,squeeze_angle_delta_mean,squeeze_stiffness_sum_per_angle,squeeze_force_delta_little_mean,squeeze_force_delta_little_max,squeeze_force_delta_little_last,squeeze_force_delta_ring_mean,squeeze_force_delta_ring_max,squeeze_force_delta_ring_last,squeeze_force_delta_middle_mean,squeeze_force_delta_middle_max,squeeze_force_delta_middle_last,squeeze_force_delta_index_mean,squeeze_force_delta_index_max,squeeze_force_delta_index_last,squeeze_force_delta_thumb_bend_mean,squeeze_force_delta_thumb_bend_max,squeeze_force_delta_thumb_bend_last,squeeze_force_delta_thumb_swing_mean,squeeze_force_delta_thumb_swing_max,squeeze_force_delta_thumb_swing_last,squeeze_middle_force_delta_series,squeeze_force_delta_sum_series,squeeze_baseline_source,squeeze_middle_ready,squeeze_middle_contact_delta,squeeze_middle_seek_steps,squeeze_command_sample_index,squeeze_thumb_force_delta_series,squeeze_force_delta_little_series,squeeze_force_delta_ring_series,squeeze_force_delta_middle_series,squeeze_force_delta_index_series,squeeze_force_delta_thumb_bend_series,squeeze_force_delta_thumb_swing_series
A,20260728_194328,0.0,2026-07-28 19:43:30,120.0,0.0,0.0,0.0,0.0,56.833333333333336,101.0,341.0,,,,1742.0,57.0,1255.0,118.0,61.0,0.0,,,,1741.0,-4.0,1272.0,97.0,101.0,0.0,,,,1742.0,-20.0,1369.0,34.0,54.0,0.0,,,,1743.0,19.0,1380.0,51.0,32.0,0.0,,,,1500.0,1.0,1391.0,34.0,33.0,0.0,,,,1281.0,81.0,912.0,141.0,60.0,0.0,,,,,,,,,,,,,,,,,,,,,,,,,,,,,,,,,,,,,,,,,,,,,,,,,,,,,,,,,,,,,,,,,,,,,,,,,,,,,,,,,,,,,,,,
A,20260728_194511,0.0,2026-07-28 19:45:13,120.0,1461.25,219.0,5.0,0.25385379700310295,406.8333333333333,926.0,2441.0,,,,1741.0,62.0,1269.0,136.0,74.0,0.0,,,,1739.0,8.0,1443.0,39.0,31.0,1.0,1.0259311999980127,1462.0,120.0,1742.0,2.0,1484.0,928.0,926.0,1.0,1.2797849970011157,1484.0,926.0,1740.0,27.0,1493.0,402.0,375.0,1.0,1.1578743950012722,1509.0,473.0,1500.0,-3.0,1391.0,795.0,798.0,1.0,1.1578743950012722,1390.0,255.0,1051.0,113.0,934.0,350.0,237.0,1.0,1.2797849970011157,934.0,237.0,,,,,,,,,,,,,,,,,,,,,,,,,,,,,,,,,,,,,,,,,,,,,,,,,,,,,,,,,,,,,,,,,,,,,,,,,,,,,,,,,,,,,
A,20260728_194511,1.0,2026-07-28 19:45:16,120.0,1464.25,211.25,5.0,0.1320968410000205,450.0,990.0,2700.0,,,,1471.0,82.0,1256.0,127.0,45.0,0.0,,,,1730.0,0.0,1449.0,49.0,49.0,1.0,1.0157259570005408,1459.0,404.0,1739.0,-17.0,1486.0,687.0,704.0,1.0,1.1478227980005613,1509.0,171.0,1737.0,19.0,1479.0,719.0,700.0,1.0,1.1478227980005613,1502.0,345.0,1496.0,0.0,1389.0,990.0,990.0,1.0,1.0157259570005408,1387.0,152.0,1045.0,109.0,916.0,321.0,212.0,1.0,1.0157259570005408,916.0,210.0,,,,,,,,,,,,,,,,,,,,,,,,,,,,,,,,,,,,,,,,,,,,,,,,,,,,,,,,,,,,,,,,,,,,,,,,,,,,,,,,,,,,,
A,20260728_194511,2.0,2026-07-28 19:45:20,120.0,1453.0,221.0,5.0,0.2538845429990033,450.3333333333333,1084.0,2702.0,,,,1525.0,71.0,1264.0,122.0,51.0,0.0,,,,1729.0,-3.0,1443.0,246.0,249.0,1.0,1.0258745009996346,1457.0,517.0,1739.0,-18.0,1487.0,92.0,110.0,1.0,1.147754025998438,1502.0,279.0,1733.0,21.0,1455.0,1105.0,1084.0,1.0,1.279759043998638,1465.0,779.0,1495.0,0.0,1390.0,984.0,984.0,1.0,1.0258745009996346,1388.0,217.0,1046.0,108.0,917.0,332.0,224.0,1.0,1.0258745009996346,916.0,266.0,,,,,,,,,,,,,,,,,,,,,,,,,,,,,,,,,,,,,,,,,,,,,,,,,,,,,,,,,,,,,,,,,,,,,,,,,,,,,,,,,,,,,
A,20260728_194511,3.0,2026-07-28 19:45:23,120.0,1441.5,232.25,5.0,0.2546166149986675,456.3333333333333,906.0,2738.0,,,,1531.0,69.0,1271.0,120.0,51.0,0.0,,,,1730.0,-3.0,1443.0,157.0,160.0,1.0,1.0253902920012479,1463.0,525.0,1739.0,-19.0,1457.0,788.0,807.0,1.0,1.2800069069999154,1469.0,735.0,1731.0,20.0,1427.0,534.0,514.0,1.0,1.2800069069999154,1445.0,310.0,1495.0,0.0,1390.0,906.0,906.0,1.0,1.0253902920012479,1389.0,209.0,1046.0,107.0,918.0,407.0,300.0,1.0,1.0253902920012479,915.0,266.0,,,,,,,,,,,,,,,,,,,,,,,,,,,,,,,,,,,,,,,,,,,,,,,,,,,,,,,,,,,,,,,,,,,,,,,,,,,,,,,,,,,,,
A,20260728_194511,4.0,2026-07-28 19:45:26,120.0,1443.75,221.5,5.0,0.2538975659990683,405.3333333333333,966.0,2432.0,,,,1539.0,69.0,1273.0,117.0,48.0,0.0,,,,1731.0,-4.0,1446.0,267.0,271.0,1.0,1.0253545619998476,1461.0,519.0,1731.0,-17.0,1471.0,55.0,72.0,1.0,1.1472120889993676,1489.0,163.0,1703.0,19.0,1417.0,985.0,966.0,1.0,1.279252127998916,1437.0,470.0,1496.0,0.0,1388.0,814.0,814.0,1.0,1.0253545619998476,1388.0,205.0,1046.0,107.0,915.0,368.0,261.0,1.0,1.0253545619998476,914.0,262.0,,,,,,,,,,,,,,,,,,,,,,,,,,,,,,,,,,,,,,,,,,,,,,,,,,,,,,,,,,,,,,,,,,,,,,,,,,,,,,,,,,,,,
A,20260728_194511,5.0,2026-07-28 19:45:29,120.0,1436.0,231.25,5.0,0.2640181019996817,495.8333333333333,968.0,2975.0,,,,1541.0,69.0,1259.0,100.0,31.0,0.0,,,,1731.0,-6.0,1445.0,63.0,69.0,1.0,1.0153561630031618,1464.0,521.0,1739.0,-21.0,1446.0,825.0,846.0,1.0,1.2793742650028435,1464.0,544.0,1703.0,19.0,1406.0,753.0,734.0,1.0,1.2793742650028435,1429.0,523.0,1496.0,0.0,1389.0,968.0,968.0,1.0,1.0153561630031618,1387.0,205.0,1045.0,107.0,914.0,434.0,327.0,1.0,1.0153561630031618,913.0,263.0,,,,,,,,,,,,,,,,,,,,,,,,,,,,,,,,,,,,,,,,,,,,,,,,,,,,,,,,,,,,,,,,,,,,,,,,,,,,,,,,,,,,,
A,20260728_194511,6.0,2026-07-28 19:45:32,120.0,1431.25,230.25,5.0,0.253980674999184,473.1666666666667,966.0,2839.0,,,,1528.0,66.0,1271.0,106.0,40.0,0.0,,,,1729.0,-4.0,1442.0,55.0,59.0,1.0,1.0254101840000658,1463.0,534.0,1729.0,-17.0,1439.0,728.0,745.0,1.0,1.2793908589992498,1455.0,695.0,1692.0,18.0,1396.0,703.0,685.0,1.0,1.2793908589992498,1419.0,677.0,1496.0,0.0,1389.0,966.0,966.0,1.0,1.0254101840000658,1388.0,221.0,1047.0,105.0,917.0,449.0,344.0,1.0,1.0254101840000658,916.0,278.0,,,,,,,,,,,,,,,,,,,,,,,,,,,,,,,,,,,,,,,,,,,,,,,,,,,,,,,,,,,,,,,,,,,,,,,,,,,,,,,,,,,,,
A,20260728_194511,7.0,2026-07-28 19:45:35,120.0,1436.25,222.25,5.0,0.38576269700206467,404.6666666666667,1014.0,2428.0,,,,1539.0,66.0,1282.0,102.0,36.0,0.0,,,,1730.0,-6.0,1444.0,166.0,172.0,1.0,1.0254781170006027,1458.0,504.0,1729.0,-14.0,1449.0,1000.0,1014.0,1.0,1.27932360900013,1458.0,655.0,1679.0,20.0,1424.0,113.0,93.0,1.0,1.1473696670000209,1440.0,181.0,1496.0,0.0,1389.0,774.0,774.0,1.0,1.0254781170006027,1389.0,230.0,1046.0,105.0,918.0,444.0,339.0,1.0,0.8935609119980654,916.0,152.0,,,,,,,,,,,,,,,,,,,,,,,,,,,,,,,,,,,,,,,,,,,,,,,,,,,,,,,,,,,,,,,,,,,,,,,,,,,,,,,,,,,,,
A,20260728_194511,8.0,2026-07-28 19:45:39,120.0,1429.5,239.75,5.0,0.38589157899696147,466.1666666666667,917.0,2797.0,,,,1550.0,66.0,1289.0,110.0,44.0,0.0,,,,1731.0,-7.0,1446.0,110.0,117.0,1.0,1.0154293600025994,1464.0,525.0,1729.0,-16.0,1450.0,535.0,551.0,1.0,1.279510948999814,1462.0,776.0,1721.0,13.0,1405.0,876.0,863.0,1.0,1.401320938999561,1405.0,863.0,1496.0,0.0,1389.0,917.0,917.0,1.0,1.0154293600025994,1387.0,218.0,1046.0,106.0,918.0,411.0,305.0,1.0,1.0154293600025994,916.0,274.0,,,,,,,,,,,,,,,,,,,,,,,,,,,,,,,,,,,,,,,,,,,,,,,,,,,,,,,,,,,,,,,,,,,,,,,,,,,,,,,,,,,,,
A,20260728_194511,9.0,2026-07-28 19:45:42,120.0,1428.5,230.5,5.0,0.3757032160028757,455.0,843.0,2730.0,,,,1559.0,63.0,1299.0,108.0,45.0,0.0,,,,1731.0,-5.0,1444.0,53.0,58.0,1.0,1.0253520269980072,1458.0,449.0,1731.0,-20.0,1434.0,762.0,782.0,1.0,1.2792125230007514,1453.0,558.0,1678.0,19.0,1382.0,684.0,665.0,1.0,1.2792125230007514,1406.0,612.0,1496.0,0.0,1389.0,843.0,843.0,1.0,0.9035093069978757,1397.0,138.0,1044.0,107.0,918.0,444.0,337.0,1.0,0.9035093069978757,916.0,230.0,,,,,,,,,,,,,,,,,,,,,,,,,,,,,,,,,,,,,,,,,,,,,,,,,,,,,,,,,,,,,,,,,,,,,,,,,,,,,,,,,,,,,
B,20260728_194628,0.0,2026-07-28 19:46:31,120.0,1427.3333333333333,233.0,4.0,0.1320558620027441,451.6666666666667,971.0,2710.0,,,,1741.0,60.0,1238.0,139.0,79.0,0.0,,,,1742.0,0.0,1273.0,91.0,91.0,0.0,,,,1742.0,-14.0,1425.0,957.0,971.0,1.0,1.4116291160025867,1434.0,496.0,1740.0,18.0,1442.0,443.0,425.0,1.0,1.2795732539998426,1457.0,489.0,1499.0,-3.0,1392.0,879.0,882.0,1.0,1.2795732539998426,1391.0,135.0,1047.0,112.0,913.0,374.0,262.0,1.0,1.4116291160025867,914.0,137.0,,,,,,,,,,,,,,,,,,,,,,,,,,,,,,,,,,,,,,,,,,,,,,,,,,,,,,,,,,,,,,,,,,,,,,,,,,,,,,,,,,,,,
B,20260728_194628,1.0,2026-07-28 19:46:34,120.0,1425.3333333333333,223.0,3.0,0.0,244.33333333333334,875.0,1466.0,,,,1505.0,73.0,1249.0,120.0,47.0,0.0,,,,1492.0,29.0,1277.0,62.0,33.0,0.0,,,,1718.0,-17.0,1431.0,120.0,137.0,1.0,1.2794187259969476,1431.0,137.0,1731.0,22.0,1458.0,897.0,875.0,1.0,1.2794187259969476,1458.0,875.0,1496.0,0.0,1387.0,346.0,346.0,1.0,1.2794187259969476,1387.0,346.0,1044.0,109.0,917.0,137.0,28.0,0.0,,,,,,,,,,,,,,,,,,,,,,,,,,,,,,,,,,,,,,,,,,,,,,,,,,,,,,,,,,,,,,,,,,,,,,,,,,,,,,,,,,,,,,,,
B,20260728_194628,2.0,2026-07-28 19:46:37,120.0,1421.0,221.33333333333334,3.0,0.0,279.5,922.0,1677.0,,,,1520.0,71.0,1237.0,136.0,65.0,0.0,,,,1546.0,12.0,1281.0,59.0,47.0,0.0,,,,1700.0,-12.0,1418.0,194.0,206.0,1.0,1.2793333450026694,1418.0,206.0,1731.0,21.0,1459.0,943.0,922.0,1.0,1.2793333450026694,1459.0,922.0,1496.0,0.0,1386.0,387.0,387.0,1.0,1.2793333450026694,1386.0,387.0,1045.0,106.0,917.0,156.0,50.0,0.0,,,,,,,,,,,,,,,,,,,,,,,,,,,,,,,,,,,,,,,,,,,,,,,,,,,,,,,,,,,,,,,,,,,,,,,,,,,,,,,,,,,,,,,,
B,20260728_194628,3.0,2026-07-28 19:46:40,120.0,1420.5,193.0,2.0,0.0,311.3333333333333,1046.0,1868.0,,,,1505.0,71.0,1246.0,118.0,47.0,0.0,,,,1550.0,10.0,1288.0,59.0,49.0,0.0,,,,1686.0,-13.0,1370.0,27.0,40.0,0.0,,,,1731.0,20.0,1441.0,1066.0,1046.0,1.0,1.279397862002952,1454.0,707.0,1496.0,0.0,1387.0,684.0,684.0,1.0,1.279397862002952,1387.0,222.0,1045.0,107.0,917.0,109.0,2.0,0.0,,,,,,,,,,,,,,,,,,,,,,,,,,,,,,,,,,,,,,,,,,,,,,,,,,,,,,,,,,,,,,,,,,,,,,,,,,,,,,,,,,,,,,,,
B,20260728_194628,4.0,2026-07-28 19:46:43,120.0,1432.6666666666667,185.33333333333334,4.0,0.25387689099807176,370.8333333333333,1204.0,2225.0,,,,1515.0,71.0,1258.0,116.0,45.0,0.0,,,,1558.0,6.0,1245.0,62.0,56.0,0.0,,,,1627.0,-5.0,1429.0,103.0,108.0,1.0,1.0256062260014005,1447.0,216.0,1731.0,19.0,1450.0,1223.0,1204.0,1.0,1.2794831169994723,1464.0,598.0,1496.0,0.0,1387.0,752.0,752.0,1.0,1.1576450320026197,1387.0,379.0,1046.0,105.0,916.0,165.0,60.0,1.0,1.1576450320026197,916.0,172.0,,,,,,,,,,,,,,,,,,,,,,,,,,,,,,,,,,,,,,,,,,,,,,,,,,,,,,,,,,,,,,,,,,,,,,,,,,,,,,,,,,,,,
B,20260728_194628,5.0,2026-07-28 19:46:46,120.0,1422.6666666666667,226.66666666666666,4.0,0.12185278800097876,423.1666666666667,1200.0,2539.0,,,,1528.0,65.0,1267.0,111.0,46.0,0.0,,,,1516.0,18.0,1253.0,60.0,42.0,0.0,,,,1721.0,-23.0,1437.0,318.0,341.0,1.0,1.279336987001443,1453.0,363.0,1731.0,17.0,1426.0,1217.0,1200.0,1.0,1.4011897750024218,1426.0,1200.0,1496.0,0.0,1389.0,743.0,743.0,1.0,1.4011897750024218,1389.0,743.0,1045.0,105.0,917.0,272.0,167.0,1.0,1.4011897750024218,917.0,167.0,,,,,,,,,,,,,,,,,,,,,,,,,,,,,,,,,,,,,,,,,,,,,,,,,,,,,,,,,,,,,,,,,,,,,,,,,,,,,,,,,,,,,
B,20260728_194628,6.0,2026-07-28 19:46:50,120.0,1418.5,185.5,2.0,0.0,307.0,1203.0,1842.0,,,,1535.0,64.0,1273.0,107.0,43.0,0.0,,,,1519.0,16.0,1264.0,58.0,42.0,0.0,,,,1729.0,-17.0,1445.0,16.0,33.0,0.0,,,,1712.0,15.0,1451.0,1218.0,1203.0,1.0,1.279506296999898,1451.0,1203.0,1496.0,0.0,1386.0,516.0,516.0,1.0,1.279506296999898,1386.0,516.0,1045.0,105.0,918.0,110.0,5.0,0.0,,,,,,,,,,,,,,,,,,,,,,,,,,,,,,,,,,,,,,,,,,,,,,,,,,,,,,,,,,,,,,,,,,,,,,,,,,,,,,,,,,,,,,,,
B,20260728_194628,7.0,2026-07-28 19:46:52,120.0,1374.0,139.5,3.0,0.0,383.0,876.0,2298.0,,,,1541.0,64.0,1258.0,124.0,60.0,0.0,,,,1531.0,11.0,1341.0,881.0,870.0,1.0,0.8937657899987244,1344.0,712.0,1702.0,-16.0,1503.0,13.0,29.0,0.0,,,,1731.0,15.0,1535.0,29.0,14.0,0.0,,,,1496.0,0.0,1399.0,876.0,876.0,1.0,0.8937657899987244,1404.0,327.0,1045.0,105.0,921.0,554.0,449.0,1.0,0.8937657899987244,918.0,384.0,,,,,,,,,,,,,,,,,,,,,,,,,,,,,,,,,,,,,,,,,,,,,,,,,,,,,,,,,,,,,,,,,,,,,,,,,,,,,,,,,,,,,
B,20260728_194628,8.0,2026-07-28 19:46:56,120.0,1432.3333333333333,225.66666666666666,4.0,0.10133410199705395,385.5,757.0,2313.0,,,,1528.0,65.0,1269.0,111.0,46.0,0.0,,,,1615.0,0.0,1223.0,87.0,87.0,0.0,,,,1738.0,-26.0,1439.0,582.0,608.0,1.0,1.2790429260021483,1457.0,284.0,1740.0,9.0,1434.0,632.0,623.0,1.0,1.2790429260021483,1453.0,210.0,1496.0,1.0,1387.0,758.0,757.0,1.0,1.3803770279992023,1387.0,534.0,1046.0,105.0,916.0,297.0,192.0,1.0,1.3803770279992023,917.0,200.0,,,,,,,,,,,,,,,,,,,,,,,,,,,,,,,,,,,,,,,,,,,,,,,,,,,,,,,,,,,,,,,,,,,,,,,,,,,,,,,,,,,,,
B,20260728_194628,9.0,2026-07-28 19:46:59,120.0,1428.0,221.66666666666666,4.0,0.0911701400000311,490.3333333333333,950.0,2942.0,,,,1536.0,62.0,1270.0,109.0,47.0,0.0,,,,1492.0,26.0,1281.0,53.0,27.0,0.0,,,,1729.0,-16.0,1434.0,808.0,824.0,1.0,1.2793401899980381,1450.0,350.0,1725.0,11.0,1431.0,961.0,950.0,1.0,1.2793401899980381,1447.0,452.0,1495.0,0.0,1389.0,842.0,842.0,1.0,1.2793401899980381,1387.0,177.0,1045.0,105.0,916.0,357.0,252.0,1.0,1.3705103299980692,916.0,252.0,,,,,,,,,,,,,,,,,,,,,,,,,,,,,,,,,,,,,,,,,,,,,,,,,,,,,,,,,,,,,,,,,,,,,,,,,,,,,,,,,,,,,
C,20260728_194719,0.0,2026-07-28 19:47:21,120.0,1381.3333333333333,279.6666666666667,4.0,0.0,252.83333333333334,656.0,1517.0,,,,1741.0,57.0,1238.0,135.0,78.0,0.0,,,,1742.0,-2.0,1273.0,91.0,93.0,0.0,,,,1739.0,-18.0,1380.0,638.0,656.0,1.0,1.5433952910025255,1380.0,656.0,1744.0,19.0,1373.0,242.0,223.0,1.0,1.5433952910025255,1373.0,223.0,1500.0,0.0,1391.0,233.0,233.0,1.0,1.5433952910025255,1391.0,233.0,1050.0,107.0,913.0,341.0,234.0,1.0,1.5433952910025255,913.0,234.0,,,,,,,,,,,,,,,,,,,,,,,,,,,,,,,,,,,,,,,,,,,,,,,,,,,,,,,,,,,,,,,,,,,,,,,,,,,,,,,,,,,,,
C,20260728_194719,1.0,2026-07-28 19:47:24,120.0,1385.0,186.5,3.0,0.0,112.83333333333333,332.0,677.0,,,,1505.0,73.0,1239.0,120.0,47.0,0.0,,,,1492.0,29.0,1278.0,62.0,33.0,0.0,,,,1648.0,-4.0,1383.0,328.0,332.0,1.0,1.2791930530001991,1383.0,332.0,1626.0,31.0,1366.0,47.0,16.0,0.0,,,,1495.0,0.0,1387.0,122.0,122.0,1.0,1.2791930530001991,1387.0,122.0,1046.0,107.0,916.0,234.0,127.0,1.0,1.2791930530001991,916.0,127.0,,,,,,,,,,,,,,,,,,,,,,,,,,,,,,,,,,,,,,,,,,,,,,,,,,,,,,,,,,,,,,,,,,,,,,,,,,,,,,,,,,,,,
C,20260728_194719,2.0,2026-07-28 19:47:27,120.0,0.0,0.0,0.0,0.0,35.666666666666664,57.0,214.0,,,,1509.0,71.0,1252.0,118.0,47.0,0.0,,,,1546.0,9.0,1283.0,66.0,57.0,0.0,,,,1627.0,-1.0,1360.0,36.0,37.0,0.0,,,,1627.0,31.0,1360.0,51.0,20.0,0.0,,,,1495.0,0.0,1387.0,25.0,25.0,0.0,,,,1045.0,105.0,916.0,133.0,28.0,0.0,,,,,,,,,,,,,,,,,,,,,,,,,,,,,,,,,,,,,,,,,,,,,,,,,,,,,,,,,,,,,,,,,,,,,,,,,,,,,,,,,,,,,,,,
C,20260728_194836,0.0,2026-07-28 19:48:39,120.0,0.0,0.0,0.0,0.0,48.333333333333336,87.0,290.0,,,,1742.0,60.0,1258.0,119.0,59.0,0.0,,,,1744.0,14.0,1279.0,101.0,87.0,0.0,,,,1741.0,-6.0,1369.0,44.0,50.0,0.0,,,,1742.0,21.0,1370.0,57.0,36.0,0.0,,,,1499.0,-1.0,1391.0,25.0,26.0,0.0,,,,1050.0,110.0,914.0,142.0,32.0,0.0,,,,,,,,,,,,,,,,,,,,,,,,,,,,,,,,,,,,,,,,,,,,,,,,,,,,,,,,,,,,,,,,,,,,,,,,,,,,,,,,,,,,,,,,
C,20260728_194836,1.0,2026-07-28 19:48:42,120.0,1390.0,193.33333333333334,4.0,0.09122181799830287,430.1666666666667,884.0,2581.0,,,,1527.0,71.0,1265.0,115.0,44.0,0.0,,,,1493.0,29.0,1279.0,61.0,32.0,0.0,,,,1627.0,0.0,1372.0,652.0,652.0,1.0,1.1579227350011934,1392.0,235.0,1627.0,33.0,1369.0,716.0,683.0,1.0,1.1579227350011934,1391.0,209.0,1496.0,0.0,1387.0,884.0,884.0,1.0,1.2491445529994962,1387.0,606.0,1045.0,111.0,916.0,397.0,286.0,1.0,1.2491445529994962,916.0,290.0,,,,,,,,,,,,,,,,,,,,,,,,,,,,,,,,,,,,,,,,,,,,,,,,,,,,,,,,,,,,,,,,,,,,,,,,,,,,,,,,,,,,,
C,20260728_194836,2.0,2026-07-28 19:48:45,120.0,1379.0,214.33333333333334,4.0,0.0,309.3333333333333,850.0,1856.0,,,,1533.0,69.0,1268.0,113.0,44.0,0.0,,,,1547.0,12.0,1285.0,58.0,46.0,0.0,,,,1645.0,-2.0,1378.0,848.0,850.0,1.0,1.279786494000291,1378.0,850.0,1639.0,31.0,1373.0,236.0,205.0,1.0,1.279786494000291,1373.0,205.0,1496.0,0.0,1386.0,415.0,415.0,1.0,1.279786494000291,1386.0,415.0,1046.0,107.0,916.0,403.0,296.0,1.0,1.279786494000291,916.0,296.0,,,,,,,,,,,,,,,,,,,,,,,,,,,,,,,,,,,,,,,,,,,,,,,,,,,,,,,,,,,,,,,,,,,,,,,,,,,,,,,,,,,,,
C,20260728_194836,3.0,2026-07-28 19:48:48,120.0,1385.3333333333333,204.33333333333334,4.0,0.23343454299902078,76.5,155.0,459.0,,,,1539.0,69.0,1282.0,113.0,44.0,0.0,,,,1554.0,8.0,1252.0,70.0,62.0,0.0,,,,1647.0,-4.0,1352.0,151.0,155.0,1.0,1.2795165309980803,1379.0,292.0,1626.0,31.0,1383.0,49.0,18.0,1.0,1.1474317530010012,1391.0,300.0,1496.0,0.0,1386.0,103.0,103.0,1.0,1.2795165309980803,1386.0,312.0,1047.0,105.0,916.0,182.0,77.0,1.0,1.380866296000022,916.0,223.0,,,,,,,,,,,,,,,,,,,,,,,,,,,,,,,,,,,,,,,,,,,,,,,,,,,,,,,,,,,,,,,,,,,,,,,,,,,,,,,,,,,,,
C,20260728_194836,4.0,2026-07-28 19:48:52,120.0,1381.3333333333333,214.33333333333334,4.0,0.0,324.1666666666667,589.0,1945.0,,,,1550.0,66.0,1289.0,104.0,38.0,0.0,,,,1518.0,16.0,1253.0,59.0,43.0,0.0,,,,1626.0,-1.0,1367.0,580.0,581.0,1.0,1.279244862998894,1367.0,581.0,1665.0,23.0,1391.0,612.0,589.0,1.0,1.279244862998894,1391.0,589.0,1496.0,-1.0,1386.0,441.0,442.0,1.0,1.279244862998894,1386.0,442.0,1047.0,102.0,913.0,354.0,252.0,1.0,1.279244862998894,913.0,252.0,,,,,,,,,,,,,,,,,,,,,,,,,,,,,,,,,,,,,,,,,,,,,,,,,,,,,,,,,,,,,,,,,,,,,,,,,,,,,,,,,,,,,
C,20260728_194836,5.0,2026-07-28 19:48:55,120.0,1387.6666666666667,207.33333333333334,4.0,0.12190169500172487,297.3333333333333,841.0,1784.0,,,,1559.0,64.0,1299.0,103.0,39.0,0.0,,,,1519.0,14.0,1277.0,63.0,49.0,0.0,,,,1630.0,-4.0,1380.0,93.0,97.0,1.0,1.1580600749985024,1395.0,189.0,1659.0,24.0,1373.0,865.0,841.0,1.0,1.2799617700002273,1382.0,647.0,1496.0,0.0,1386.0,642.0,642.0,1.0,1.2799617700002273,1386.0,406.0,1046.0,105.0,916.0,221.0,116.0,1.0,1.2799617700002273,916.0,144.0,,,,,,,,,,,,,,,,,,,,,,,,,,,,,,,,,,,,,,,,,,,,,,,,,,,,,,,,,,,,,,,,,,,,,,,,,,,,,,,,,,,,,
C,20260728_194836,6.0,2026-07-28 19:48:59,120.0,1395.0,207.0,3.0,0.3246694830013439,116.0,260.0,696.0,,,,1570.0,62.0,1238.0,119.0,57.0,0.0,,,,1544.0,10.0,1286.0,68.0,58.0,0.0,,,,1672.0,-12.0,1421.0,12.0,24.0,1.0,1.147339180999552,1435.0,125.0,1639.0,26.0,1351.0,286.0,260.0,1.0,1.3705815809989872,1363.0,169.0,1495.0,0.0,1387.0,196.0,196.0,1.0,1.4720086640008958,1387.0,132.0,1046.0,107.0,917.0,208.0,101.0,0.0,,,,,,,,,,,,,,,,,,,,,,,,,,,,,,,,,,,,,,,,,,,,,,,,,,,,,,,,,,,,,,,,,,,,,,,,,,,,,,,,,,,,,,,,
C,20260728_194836,7.0,2026-07-28 19:49:02,120.0,1384.0,325.0,2.0,0.0,112.83333333333333,319.0,677.0,,,,1505.0,70.0,1245.0,120.0,50.0,0.0,,,,1554.0,8.0,1239.0,55.0,47.0,0.0,,,,1709.0,-17.0,1384.0,302.0,319.0,1.0,1.4013204859984398,1384.0,319.0,1626.0,23.0,1363.0,56.0,33.0,0.0,,,,1496.0,0.0,1387.0,100.0,100.0,0.0,,,,1045.0,103.0,916.0,231.0,128.0,1.0,1.4013204859984398,916.0,128.0,,,,,,,,,,,,,,,,,,,,,,,,,,,,,,,,,,,,,,,,,,,,,,,,,,,,,,,,,,,,,,,,,,,,,,,,,,,,,,,,,,,,,
C,20260728_194836,8.0,2026-07-28 19:49:05,120.0,1375.0,219.33333333333334,4.0,0.0,265.6666666666667,651.0,1594.0,,,,1513.0,66.0,1230.0,133.0,67.0,0.0,,,,1510.0,18.0,1230.0,62.0,44.0,0.0,,,,1643.0,-5.0,1374.0,646.0,651.0,1.0,1.2792681339997216,1374.0,651.0,1644.0,23.0,1365.0,330.0,307.0,1.0,1.2792681339997216,1365.0,307.0,1496.0,0.0,1386.0,276.0,276.0,1.0,1.2792681339997216,1386.0,276.0,1046.0,108.0,916.0,357.0,249.0,1.0,1.2792681339997216,916.0,249.0,,,,,,,,,,,,,,,,,,,,,,,,,,,,,,,,,,,,,,,,,,,,,,,,,,,,,,,,,,,,,,,,,,,,,,,,,,,,,,,,,,,,,
C,20260728_194836,9.0,2026-07-28 19:49:08,120.0,1373.6666666666667,215.0,4.0,0.0,281.5,787.0,1689.0,,,,1500.0,71.0,1287.0,104.0,33.0,0.0,,,,1499.0,24.0,1242.0,57.0,33.0,0.0,,,,1644.0,-7.0,1373.0,780.0,787.0,1.0,1.2793076359994302,1373.0,787.0,1626.0,27.0,1361.0,154.0,127.0,1.0,1.2793076359994302,1361.0,127.0,1496.0,0.0,1387.0,427.0,427.0,1.0,1.2793076359994302,1387.0,427.0,1046.0,105.0,917.0,387.0,282.0,1.0,1.2793076359994302,917.0,282.0,,,,,,,,,,,,,,,,,,,,,,,,,,,,,,,,,,,,,,,,,,,,,,,,,,,,,,,,,,,,,,,,,,,,,,,,,,,,,,,,,,,,,
C,20260728_195445,0.0,2026-07-28 19:54:47,120.0,1380.3333333333333,280.6666666666667,4.0,0.0,216.5,417.0,1299.0,,,,1742.0,58.0,1259.0,118.0,60.0,0.0,,,,1741.0,2.0,1270.0,97.0,95.0,0.0,,,,1742.0,-17.0,1375.0,370.0,387.0,1.0,1.5440490919972945,1375.0,387.0,1741.0,21.0,1375.0,438.0,417.0,1.0,1.5440490919972945,1375.0,417.0,1500.0,-1.0,1391.0,185.0,186.0,1.0,1.5440490919972945,1391.0,186.0,1049.0,109.0,914.0,263.0,154.0,1.0,1.5440490919972945,914.0,154.0,,,,,,,,,,,,,,,,,,,,,,,,,,,,,,,,,,,,,,,,,,,,,,,,,,,,,,,,,,,,,,,,,,,,,,,,,,,,,,,,,,,,,
C,20260728_195445,1.0,2026-07-28 19:54:50,120.0,1373.6666666666667,215.66666666666666,4.0,0.0,287.0,760.0,1722.0,,,,1527.0,73.0,1262.0,119.0,46.0,0.0,,,,1492.0,28.0,1280.0,62.0,34.0,0.0,,,,1637.0,2.0,1371.0,762.0,760.0,1.0,1.2798556060006376,1371.0,760.0,1636.0,32.0,1362.0,273.0,241.0,1.0,1.2798556060006376,1362.0,241.0,1495.0,-1.0,1388.0,346.0,347.0,1.0,1.2798556060006376,1388.0,347.0,1044.0,102.0,916.0,396.0,294.0,1.0,1.2798556060006376,916.0,294.0,,,,,,,,,,,,,,,,,,,,,,,,,,,,,,,,,,,,,,,,,,,,,,,,,,,,,,,,,,,,,,,,,,,,,,,,,,,,,,,,,,,,,
C,20260728_195445,2.0,2026-07-28 19:54:53,120.0,1386.3333333333333,202.33333333333334,4.0,0.13210304099993664,326.5,816.0,1959.0,,,,1529.0,72.0,1263.0,117.0,45.0,0.0,,,,1547.0,12.0,1284.0,66.0,54.0,0.0,,,,1644.0,-1.0,1373.0,815.0,816.0,1.0,1.2798143399995752,1379.0,406.0,1626.0,34.0,1386.0,95.0,61.0,1.0,1.1477112989996385,1394.0,472.0,1496.0,0.0,1386.0,690.0,690.0,1.0,1.2798143399995752,1386.0,573.0,1045.0,109.0,917.0,402.0,293.0,1.0,1.2798143399995752,917.0,174.0,,,,,,,,,,,,,,,,,,,,,,,,,,,,,,,,,,,,,,,,,,,,,,,,,,,,,,,,,,,,,,,,,,,,,,,,,,,,,,,,,,,,,
C,20260728_195445,3.0,2026-07-28 19:54:57,120.0,1378.3333333333333,226.0,4.0,0.1320887460024096,248.16666666666666,543.0,1489.0,,,,1530.0,69.0,1273.0,113.0,44.0,0.0,,,,1552.0,9.0,1228.0,81.0,72.0,0.0,,,,1651.0,-4.0,1376.0,539.0,543.0,1.0,1.2796850059967255,1387.0,407.0,1667.0,26.0,1362.0,213.0,187.0,1.0,1.4117737519991351,1362.0,187.0,1495.0,0.0,1386.0,422.0,422.0,1.0,1.2796850059967255,1386.0,141.0,1045.0,109.0,916.0,330.0,221.0,1.0,1.2796850059967255,916.0,146.0,,,,,,,,,,,,,,,,,,,,,,,,,,,,,,,,,,,,,,,,,,,,,,,,,,,,,,,,,,,,,,,,,,,,,,,,,,,,,,,,,,,,,
C,20260728_195445,4.0,2026-07-28 19:55:00,120.0,1388.3333333333333,206.0,4.0,0.22314845299843,180.33333333333334,453.0,1082.0,,,,1541.0,69.0,1260.0,118.0,49.0,0.0,,,,1495.0,26.0,1284.0,66.0,40.0,0.0,,,,1660.0,-5.0,1369.0,448.0,453.0,1.0,1.2794630099997448,1389.0,162.0,1627.0,29.0,1378.0,45.0,16.0,1.0,1.1474932220007759,1390.0,124.0,1496.0,0.0,1386.0,313.0,313.0,1.0,1.3706416749992059,1386.0,280.0,1045.0,107.0,916.0,318.0,211.0,1.0,1.3706416749992059,916.0,256.0,,,,,,,,,,,,,,,,,,,,,,,,,,,,,,,,,,,,,,,,,,,,,,,,,,,,,,,,,,,,,,,,,,,,,,,,,,,,,,,,,,,,,
C,20260728_195445,5.0,2026-07-28 19:55:04,120.0,1382.0,218.33333333333334,4.0,0.0,283.5,626.0,1701.0,,,,1528.0,69.0,1269.0,111.0,42.0,0.0,,,,1552.0,8.0,1238.0,57.0,49.0,0.0,,,,1647.0,-4.0,1375.0,622.0,626.0,1.0,1.2795672389984247,1375.0,626.0,1659.0,26.0,1382.0,475.0,449.0,1.0,1.2795672389984247,1382.0,449.0,1495.0,0.0,1389.0,290.0,290.0,1.0,1.2795672389984247,1389.0,290.0,1045.0,107.0,916.0,352.0,245.0,1.0,1.2795672389984247,916.0,245.0,,,,,,,,,,,,,,,,,,,,,,,,,,,,,,,,,,,,,,,,,,,,,,,,,,,,,,,,,,,,,,,,,,,,,,,,,,,,,,,,,,,,,
C,20260728_195445,6.0,2026-07-28 19:55:07,120.0,1376.6666666666667,216.66666666666666,4.0,0.0,376.1666666666667,732.0,2257.0,,,,1540.0,64.0,1258.0,122.0,58.0,0.0,,,,1510.0,19.0,1229.0,62.0,43.0,0.0,,,,1641.0,-2.0,1374.0,730.0,732.0,1.0,1.279811136002536,1374.0,732.0,1643.0,27.0,1369.0,668.0,641.0,1.0,1.279811136002536,1369.0,641.0,1496.0,0.0,1387.0,490.0,490.0,1.0,1.279811136002536,1387.0,490.0,1045.0,107.0,917.0,400.0,293.0,1.0,1.279811136002536,917.0,293.0,,,,,,,,,,,,,,,,,,,,,,,,,,,,,,,,,,,,,,,,,,,,,,,,,,,,,,,,,,,,,,,,,,,,,,,,,,,,,,,,,,,,,
C,20260728_195445,7.0,2026-07-28 19:55:10,120.0,1379.5,190.5,3.0,0.0,268.6666666666667,812.0,1612.0,,,,1528.0,66.0,1266.0,111.0,45.0,0.0,,,,1496.0,26.0,1241.0,58.0,32.0,0.0,,,,1644.0,-4.0,1373.0,808.0,812.0,1.0,1.2795563750005385,1373.0,812.0,1636.0,28.0,1370.0,129.0,101.0,0.0,,,,1496.0,0.0,1386.0,338.0,338.0,1.0,1.2795563750005385,1386.0,338.0,1045.0,107.0,916.0,391.0,284.0,1.0,1.2795563750005385,916.0,284.0,,,,,,,,,,,,,,,,,,,,,,,,,,,,,,,,,,,,,,,,,,,,,,,,,,,,,,,,,,,,,,,,,,,,,,,,,,,,,,,,,,,,,
C,20260728_195445,8.0,2026-07-28 19:55:13,120.0,1387.0,202.66666666666666,4.0,0.13210412600165,236.5,615.0,1419.0,,,,1535.0,64.0,1277.0,111.0,47.0,0.0,,,,1509.0,21.0,1262.0,71.0,50.0,0.0,,,,1645.0,-6.0,1374.0,609.0,615.0,1.0,1.279361381999479,1381.0,466.0,1628.0,27.0,1387.0,49.0,22.0,1.0,1.147257255997829,1394.0,403.0,1496.0,0.0,1386.0,458.0,458.0,1.0,1.279361381999479,1386.0,491.0,1045.0,107.0,916.0,334.0,227.0,1.0,1.279361381999479,916.0,184.0,,,,,,,,,,,,,,,,,,,,,,,,,,,,,,,,,,,,,,,,,,,,,,,,,,,,,,,,,,,,,,,,,,,,,,,,,,,,,,,,,,,,,
C,20260728_195445,9.0,2026-07-28 19:55:17,120.0,1384.0,220.33333333333334,4.0,0.0,439.1666666666667,992.0,2635.0,,,,1545.0,64.0,1261.0,118.0,54.0,0.0,,,,1529.0,12.0,1272.0,54.0,42.0,0.0,,,,1647.0,-4.0,1362.0,516.0,520.0,1.0,1.2792522210002062,1373.0,467.0,1670.0,22.0,1377.0,1014.0,992.0,1.0,1.2792522210002062,1393.0,376.0,1496.0,0.0,1389.0,765.0,765.0,1.0,1.2792522210002062,1386.0,219.0,1045.0,103.0,916.0,365.0,262.0,1.0,1.2792522210002062,916.0,185.0,,,,,,,,,,,,,,,,,,,,,,,,,,,,,,,,,,,,,,,,,,,,,,,,,,,,,,,,,,,,,,,,,,,,,,,,,,,,,,,,,,,,,
C,20260728_195445,10.0,2026-07-28 19:55:20,120.0,1379.0,217.0,4.0,0.0,377.5,698.0,2265.0,,,,1528.0,64.0,1269.0,109.0,45.0,0.0,,,,1542.0,10.0,1276.0,62.0,52.0,0.0,,,,1635.0,-6.0,1368.0,692.0,698.0,1.0,1.2799805790018581,1368.0,698.0,1657.0,21.0,1382.0,681.0,660.0,1.0,1.2799805790018581,1382.0,660.0,1496.0,0.0,1387.0,525.0,525.0,1.0,1.2799805790018581,1387.0,525.0,1046.0,107.0,916.0,392.0,285.0,1.0,1.2799805790018581,916.0,285.0,,,,,,,,,,,,,,,,,,,,,,,,,,,,,,,,,,,,,,,,,,,,,,,,,,,,,,,,,,,,,,,,,,,,,,,,,,,,,,,,,,,,,
C,20260728_195445,11.0,2026-07-28 19:55:23,120.0,1378.6666666666667,216.33333333333334,4.0,0.0,371.6666666666667,763.0,2230.0,,,,1540.0,66.0,1282.0,107.0,41.0,0.0,,,,1545.0,9.0,1282.0,54.0,45.0,0.0,,,,1640.0,-7.0,1370.0,632.0,639.0,1.0,1.2803631410024536,1370.0,639.0,1649.0,22.0,1379.0,785.0,763.0,1.0,1.2803631410024536,1379.0,763.0,1496.0,0.0,1387.0,474.0,474.0,1.0,1.2803631410024536,1387.0,474.0,1046.0,106.0,913.0,374.0,268.0,1.0,1.2803631410024536,913.0,268.0,,,,,,,,,,,,,,,,,,,,,,,,,,,,,,,,,,,,,,,,,,,,,,,,,,,,,,,,,,,,,,,,,,,,,,,,,,,,,,,,,,,,,
C,20260728_195445,12.0,2026-07-28 19:55:26,120.0,1352.6666666666667,210.33333333333334,4.0,0.26403850900169346,187.83333333333334,483.0,1127.0,,,,1550.0,64.0,1287.0,107.0,43.0,0.0,,,,1552.0,7.0,1292.0,70.0,63.0,1.0,1.0153676609988906,1304.0,133.0,1641.0,-6.0,1357.0,477.0,483.0,1.0,1.279406170000584,1368.0,481.0,1647.0,23.0,1352.0,49.0,26.0,0.0,,,,1496.0,-1.0,1386.0,278.0,279.0,1.0,1.1474287810015085,1386.0,135.0,1045.0,93.0,916.0,326.0,233.0,1.0,1.1474287810015085,916.0,210.0,,,,,,,,,,,,,,,,,,,,,,,,,,,,,,,,,,,,,,,,,,,,,,,,,,,,,,,,,,,,,,,,,,,,,,,,,,,,,,,,,,,,,
C,20260728_195445,13.0,2026-07-28 19:55:29,120.0,1340.0,220.66666666666666,4.0,0.1321215440002561,216.83333333333334,643.0,1301.0,,,,1556.0,65.0,1294.0,104.0,39.0,0.0,,,,1561.0,5.0,1228.0,83.0,78.0,1.0,1.1472658490019967,1265.0,250.0,1625.0,-6.0,1369.0,637.0,643.0,1.0,1.2793873930022528,1369.0,643.0,1627.0,27.0,1360.0,51.0,24.0,0.0,,,,1496.0,0.0,1386.0,276.0,276.0,1.0,1.1472658490019967,1386.0,140.0,1046.0,105.0,913.0,346.0,241.0,1.0,1.1472658490019967,915.0,294.0,,,,,,,,,,,,,,,,,,,,,,,,,,,,,,,,,,,,,,,,,,,,,,,,,,,,,,,,,,,,,,,,,,,,,,,,,,,,,,,,,,,,,
C,20260728_195445,14.0,2026-07-28 19:55:32,120.0,0.0,0.0,0.0,0.0,37.666666666666664,77.0,226.0,,,,1572.0,62.0,1237.0,139.0,77.0,0.0,,,,1518.0,16.0,1251.0,67.0,51.0,0.0,,,,1642.0,-8.0,1371.0,29.0,37.0,0.0,,,,1627.0,29.0,1367.0,45.0,16.0,0.0,,,,1495.0,0.0,1386.0,21.0,21.0,0.0,,,,1044.0,109.0,916.0,133.0,24.0,0.0,,,,,,,,,,,,,,,,,,,,,,,,,,,,,,,,,,,,,,,,,,,,,,,,,,,,,,,,,,,,,,,,,,,,,,,,,,,,,,,,,,,,,,,,
C,20260728_195445,15.0,2026-07-28 19:55:36,120.0,1391.0,170.0,2.0,0.0,299.8333333333333,911.0,1799.0,,,,1505.0,69.0,1246.0,113.0,44.0,0.0,,,,1518.0,15.0,1276.0,57.0,42.0,0.0,,,,1626.0,-6.0,1366.0,89.0,95.0,0.0,,,,1627.0,27.0,1386.0,938.0,911.0,1.0,1.1475491430028342,1395.0,581.0,1495.0,0.0,1387.0,641.0,641.0,1.0,1.1475491430028342,1387.0,158.0,1045.0,107.0,916.0,173.0,66.0,0.0,,,,,,,,,,,,,,,,,,,,,,,,,,,,,,,,,,,,,,,,,,,,,,,,,,,,,,,,,,,,,,,,,,,,,,,,,,,,,,,,,,,,,,,,
C,20260728_195445,16.0,2026-07-28 19:55:39,120.0,1387.5,173.5,3.0,0.12185840399979497,164.16666666666666,372.0,985.0,,,,1515.0,66.0,1258.0,113.0,47.0,0.0,,,,1542.0,9.0,1276.0,83.0,74.0,0.0,,,,1627.0,-8.0,1379.0,364.0,372.0,1.0,1.1576565079994907,1390.0,194.0,1673.0,20.0,1361.0,92.0,72.0,0.0,,,,1495.0,0.0,1385.0,265.0,265.0,1.0,1.2795149119992857,1385.0,313.0,1045.0,106.0,916.0,261.0,155.0,1.0,1.2795149119992857,916.0,195.0,,,,,,,,,,,,,,,,,,,,,,,,,,,,,,,,,,,,,,,,,,,,,,,,,,,,,,,,,,,,,,,,,,,,,,,,,,,,,,,,,,,,,
C,20260728_195445,17.0,2026-07-28 19:55:42,120.0,1391.0,170.5,2.0,0.0,279.1666666666667,847.0,1675.0,,,,1527.0,66.0,1267.0,109.0,43.0,0.0,,,,1545.0,9.0,1284.0,57.0,48.0,0.0,,,,1657.0,-10.0,1384.0,76.0,86.0,0.0,,,,1627.0,27.0,1384.0,874.0,847.0,1.0,1.147527667999384,1395.0,522.0,1496.0,0.0,1387.0,572.0,572.0,1.0,1.147527667999384,1387.0,137.0,1046.0,106.0,917.0,185.0,79.0,0.0,,,,,,,,,,,,,,,,,,,,,,,,,,,,,,,,,,,,,,,,,,,,,,,,,,,,,,,,,,,,,,,,,,,,,,,,,,,,,,,,,,,,,,,,
C,20260728_195445,18.0,2026-07-28 19:55:45,120.0,1387.0,108.0,1.0,0.0,37.5,60.0,225.0,,,,1535.0,63.0,1279.0,109.0,46.0,0.0,,,,1550.0,6.0,1284.0,66.0,60.0,0.0,,,,1649.0,-11.0,1359.0,31.0,42.0,0.0,,,,1671.0,20.0,1367.0,50.0,30.0,0.0,,,,1495.0,0.0,1386.0,21.0,21.0,1.0,1.0257088759972248,1387.0,127.0,1045.0,105.0,917.0,131.0,26.0,0.0,,,,,,,,,,,,,,,,,,,,,,,,,,,,,,,,,,,,,,,,,,,,,,,,,,,,,,,,,,,,,,,,,,,,,,,,,,,,,,,,,,,,,,,,
C,20260728_195445,19.0,2026-07-28 19:55:49,120.0,1383.6666666666667,203.66666666666666,4.0,0.13195713499953854,339.5,836.0,2037.0,,,,1548.0,64.0,1288.0,106.0,42.0,0.0,,,,1552.0,6.0,1251.0,57.0,51.0,0.0,,,,1640.0,-9.0,1371.0,827.0,836.0,1.0,1.2793894189999264,1371.0,766.0,1626.0,27.0,1380.0,132.0,105.0,1.0,1.1474322840003879,1392.0,410.0,1496.0,0.0,1388.0,705.0,705.0,1.0,1.2793894189999264,1388.0,631.0,1045.0,105.0,917.0,403.0,298.0,1.0,1.2793894189999264,916.0,291.0,,,,,,,,,,,,,,,,,,,,,,,,,,,,,,,,,,,,,,,,,,,,,,,,,,,,,,,,,,,,,,,,,,,,,,,,,,,,,,,,,,,,,
A,20260728_195915,0.0,2026-07-28 19:59:18,120.0,1487.3333333333333,173.33333333333334,4.0,0.25397186600093846,265.5,610.0,1593.0,,,,1741.0,60.0,1238.0,146.0,86.0,0.0,,,,1741.0,2.0,1232.0,93.0,91.0,0.0,,,,1739.0,-12.0,1502.0,598.0,610.0,1.0,1.1579432749967964,1512.0,293.0,1744.0,20.0,1538.0,143.0,123.0,1.0,1.0258618289990409,1559.0,146.0,1499.0,-1.0,1391.0,533.0,534.0,1.0,1.1579432749967964,1391.0,338.0,1049.0,109.0,914.0,258.0,149.0,1.0,1.2798336949999793,913.0,145.0,,,,,,,,,,,,,,,,,,,,,,,,,,,,,,,,,,,,,,,,,,,,,,,,,,,,,,,,,,,,,,,,,,,,,,,,,,,,,,,,,,,,,
A,20260728_195915,1.0,2026-07-28 19:59:21,120.0,1483.6666666666667,175.66666666666666,4.0,0.23338352000064333,309.5,824.0,1857.0,,,,1505.0,75.0,1243.0,122.0,47.0,0.0,,,,1493.0,30.0,1277.0,83.0,53.0,0.0,,,,1739.0,-16.0,1499.0,808.0,824.0,1.0,1.1477427339996211,1512.0,305.0,1744.0,19.0,1540.0,70.0,51.0,1.0,1.0157210380020842,1553.0,349.0,1495.0,0.0,1386.0,688.0,688.0,1.0,1.1477427339996211,1386.0,469.0,1044.0,109.0,917.0,303.0,194.0,1.0,1.2491045580027276,916.0,176.0,,,,,,,,,,,,,,,,,,,,,,,,,,,,,,,,,,,,,,,,,,,,,,,,,,,,,,,,,,,,,,,,,,,,,,,,,,,,,,,,,,,,,
A,20260728_195915,2.0,2026-07-28 19:59:24,120.0,1458.3333333333333,200.66666666666666,4.0,0.13205279300018447,386.5,1025.0,2319.0,,,,1516.0,71.0,1250.0,120.0,49.0,0.0,,,,1545.0,12.0,1284.0,62.0,50.0,0.0,,,,1739.0,-17.0,1455.0,1008.0,1025.0,1.0,1.2796248939994257,1466.0,609.0,1742.0,19.0,1507.0,128.0,109.0,1.0,1.1475721009992412,1520.0,456.0,1496.0,0.0,1390.0,827.0,827.0,1.0,1.1475721009992412,1389.0,238.0,1046.0,109.0,916.0,368.0,259.0,1.0,1.2796248939994257,917.0,141.0,,,,,,,,,,,,,,,,,,,,,,,,,,,,,,,,,,,,,,,,,,,,,,,,,,,,,,,,,,,,,,,,,,,,,,,,,,,,,,,,,,,,,
A,20260728_195915,3.0,2026-07-28 19:59:27,120.0,1400.0,121.0,3.0,0.1320112670000526,350.5,906.0,2103.0,,,,1518.0,69.0,1258.0,115.0,46.0,0.0,,,,1547.0,9.0,1382.0,719.0,710.0,1.0,0.7717505799992068,1397.0,286.0,1731.0,-16.0,1548.0,14.0,30.0,0.0,,,,1741.0,17.0,1546.0,34.0,17.0,0.0,,,,1495.0,0.0,1396.0,906.0,906.0,1.0,0.9037618469992594,1403.0,591.0,1044.0,107.0,918.0,501.0,394.0,1.0,0.7717505799992068,916.0,137.0,,,,,,,,,,,,,,,,,,,,,,,,,,,,,,,,,,,,,,,,,,,,,,,,,,,,,,,,,,,,,,,,,,,,,,,,,,,,,,,,,,,,,
A,20260728_195915,4.0,2026-07-28 19:59:30,120.0,1464.0,196.0,5.0,0.2538128960004542,521.8333333333334,1020.0,3131.0,,,,1527.0,69.0,1268.0,111.0,42.0,0.0,,,,1662.0,-2.0,1428.0,42.0,44.0,1.0,0.9036014369994518,1445.0,149.0,1739.0,-21.0,1487.0,861.0,882.0,1.0,1.157414332999906,1506.0,534.0,1743.0,17.0,1494.0,950.0,933.0,1.0,1.157414332999906,1514.0,549.0,1496.0,0.0,1393.0,1020.0,1020.0,1.0,1.025424182000279,1391.0,261.0,1046.0,107.0,913.0,317.0,210.0,1.0,1.025424182000279,913.0,168.0,,,,,,,,,,,,,,,,,,,,,,,,,,,,,,,,,,,,,,,,,,,,,,,,,,,,,,,,,,,,,,,,,,,,,,,,,,,,,,,,,,,,,
A,20260728_195915,5.0,2026-07-28 19:59:34,120.0,1450.0,223.0,5.0,0.2641576099995291,349.8333333333333,731.0,2099.0,,,,1539.0,66.0,1260.0,113.0,47.0,0.0,,,,1718.0,-6.0,1284.0,163.0,169.0,1.0,1.2796409700022195,1353.0,248.0,1739.0,-21.0,1502.0,541.0,562.0,1.0,1.1475792490018648,1514.0,341.0,1739.0,15.0,1530.0,353.0,338.0,1.0,1.0154833600026905,1546.0,429.0,1496.0,0.0,1387.0,731.0,731.0,1.0,1.0154833600026905,1387.0,151.0,1046.0,107.0,917.0,359.0,252.0,1.0,1.2796409700022195,916.0,261.0,,,,,,,,,,,,,,,,,,,,,,,,,,,,,,,,,,,,,,,,,,,,,,,,,,,,,,,,,,,,,,,,,,,,,,,,,,,,,,,,,,,,,
A,20260728_195915,6.0,2026-07-28 19:59:37,120.0,1474.0,185.66666666666666,4.0,0.2639903669987689,362.5,936.0,2175.0,,,,1528.0,66.0,1265.0,111.0,45.0,0.0,,,,1548.0,10.0,1286.0,58.0,48.0,0.0,,,,1739.0,-21.0,1483.0,915.0,936.0,1.0,1.2795676579989959,1483.0,936.0,1744.0,15.0,1535.0,251.0,236.0,1.0,1.015577291000227,1553.0,370.0,1496.0,0.0,1386.0,697.0,697.0,1.0,1.147598421001021,1386.0,485.0,1045.0,105.0,916.0,318.0,213.0,1.0,1.2795676579989959,916.0,213.0,,,,,,,,,,,,,,,,,,,,,,,,,,,,,,,,,,,,,,,,,,,,,,,,,,,,,,,,,,,,,,,,,,,,,,,,,,,,,,,,,,,,,
A,20260728_195915,7.0,2026-07-28 19:59:40,120.0,1479.3333333333333,180.33333333333334,4.0,0.22325376799926744,313.6666666666667,666.0,1882.0,,,,1533.0,65.0,1272.0,111.0,46.0,0.0,,,,1553.0,8.0,1223.0,87.0,79.0,0.0,,,,1739.0,-23.0,1484.0,627.0,650.0,1.0,1.1475446490003378,1499.0,305.0,1744.0,14.0,1539.0,299.0,285.0,1.0,1.025668082998891,1553.0,308.0,1496.0,0.0,1386.0,666.0,666.0,1.0,1.1475446490003378,1386.0,471.0,1046.0,106.0,915.0,262.0,156.0,1.0,1.2489218509981583,915.0,160.0,,,,,,,,,,,,,,,,,,,,,,,,,,,,,,,,,,,,,,,,,,,,,,,,,,,,,,,,,,,,,,,,,,,,,,,,,,,,,,,,,,,,,
A,20260728_195915,8.0,2026-07-28 19:59:44,120.0,1475.0,184.66666666666666,4.0,0.2538853689984535,308.0,860.0,1848.0,,,,1540.0,62.0,1280.0,107.0,45.0,0.0,,,,1492.0,27.0,1280.0,58.0,31.0,0.0,,,,1739.0,-21.0,1478.0,839.0,860.0,1.0,1.2796617159983725,1478.0,860.0,1744.0,15.0,1540.0,156.0,141.0,1.0,1.025776346999919,1560.0,187.0,1496.0,0.0,1388.0,569.0,569.0,1.0,1.1578395039978204,1387.0,393.0,1045.0,106.0,916.0,308.0,202.0,1.0,1.2796617159983725,916.0,202.0,,,,,,,,,,,,,,,,,,,,,,,,,,,,,,,,,,,,,,,,,,,,,,,,,,,,,,,,,,,,,,,,,,,,,,,,,,,,,,,,,,,,,
A,20260728_195915,9.0,2026-07-28 19:59:47,120.0,1469.6666666666667,189.0,4.0,0.2538769130005676,344.5,875.0,2067.0,,,,1549.0,64.0,1289.0,104.0,40.0,0.0,,,,1548.0,7.0,1283.0,56.0,49.0,0.0,,,,1736.0,-23.0,1470.0,852.0,875.0,1.0,1.279513785000745,1470.0,875.0,1744.0,15.0,1534.0,270.0,255.0,1.0,1.0256368720001774,1552.0,415.0,1496.0,0.0,1387.0,640.0,640.0,1.0,1.0256368720001774,1387.0,153.0,1045.0,105.0,917.0,313.0,208.0,1.0,1.279513785000745,917.0,208.0,,,,,,,,,,,,,,,,,,,,,,,,,,,,,,,,,,,,,,,,,,,,,,,,,,,,,,,,,,,,,,,,,,,,,,,,,,,,,,,,,,,,,
A,20260728_195915,10.0,2026-07-28 19:59:50,120.0,1481.0,176.0,4.0,0.22325925800032564,328.3333333333333,829.0,1970.0,,,,1565.0,63.0,1250.0,118.0,55.0,0.0,,,,1552.0,7.0,1223.0,84.0,77.0,0.0,,,,1734.0,-23.0,1486.0,806.0,829.0,1.0,1.1475036759984505,1506.0,171.0,1741.0,15.0,1538.0,110.0,95.0,1.0,1.015425804998813,1551.0,393.0,1496.0,0.0,1386.0,714.0,714.0,1.0,1.015425804998813,1386.0,126.0,1046.0,105.0,916.0,305.0,200.0,1.0,1.2386850629991386,916.0,180.0,,,,,,,,,,,,,,,,,,,,,,,,,,,,,,,,,,,,,,,,,,,,,,,,,,,,,,,,,,,,,,,,,,,,,,,,,,,,,,,,,,,,,
A,20260728_195915,11.0,2026-07-28 19:59:53,120.0,1482.3333333333333,177.0,4.0,0.22324638899954152,331.3333333333333,849.0,1988.0,,,,1518.0,66.0,1257.0,113.0,47.0,0.0,,,,1492.0,27.0,1277.0,56.0,29.0,0.0,,,,1739.0,-23.0,1496.0,826.0,849.0,1.0,1.1474391549963912,1511.0,258.0,1743.0,15.0,1532.0,245.0,230.0,1.0,1.0154087189985148,1550.0,378.0,1496.0,0.0,1386.0,646.0,646.0,1.0,1.0154087189985148,1386.0,134.0,1045.0,105.0,916.0,292.0,187.0,1.0,1.2386551079980563,916.0,187.0,,,,,,,,,,,,,,,,,,,,,,,,,,,,,,,,,,,,,,,,,,,,,,,,,,,,,,,,,,,,,,,,,,,,,,,,,,,,,,,,,,,,,
A,20260728_195915,12.0,2026-07-28 19:59:56,120.0,1482.0,176.66666666666666,4.0,0.22317198499877122,342.8333333333333,826.0,2057.0,,,,1528.0,64.0,1266.0,111.0,47.0,0.0,,,,1546.0,9.0,1288.0,56.0,47.0,0.0,,,,1739.0,-23.0,1490.0,803.0,826.0,1.0,1.1475240649997431,1509.0,165.0,1741.0,13.0,1532.0,249.0,236.0,1.0,1.0155329530025483,1550.0,353.0,1496.0,0.0,1387.0,712.0,712.0,1.0,1.1475240649997431,1387.0,470.0,1045.0,106.0,916.0,295.0,189.0,1.0,1.2387049380013195,917.0,174.0,,,,,,,,,,,,,,,,,,,,,,,,,,,,,,,,,,,,,,,,,,,,,,,,,,,,,,,,,,,,,,,,,,,,,,,,,,,,,,,,,,,,,
A,20260728_195915,13.0,2026-07-28 20:00:00,120.0,1481.0,177.33333333333334,4.0,0.22322727499704342,326.8333333333333,811.0,1961.0,,,,1534.0,66.0,1273.0,111.0,45.0,0.0,,,,1560.0,4.0,1223.0,85.0,81.0,0.0,,,,1739.0,-23.0,1488.0,788.0,811.0,1.0,1.1475856180004484,1509.0,130.0,1741.0,14.0,1537.0,129.0,115.0,1.0,1.01554092600054,1548.0,428.0,1495.0,0.0,1386.0,718.0,718.0,1.0,1.01554092600054,1386.0,154.0,1046.0,105.0,916.0,296.0,191.0,1.0,1.2387682009975833,916.0,166.0,,,,,,,,,,,,,,,,,,,,,,,,,,,,,,,,,,,,,,,,,,,,,,,,,,,,,,,,,,,,,,,,,,,,,,,,,,,,,,,,,,,,,
A,20260728_195915,14.0,2026-07-28 20:00:03,120.0,1480.0,178.66666666666666,4.0,0.22311686200191616,319.6666666666667,700.0,1918.0,,,,1540.0,62.0,1282.0,107.0,45.0,0.0,,,,1492.0,26.0,1280.0,60.0,34.0,0.0,,,,1739.0,-25.0,1485.0,675.0,700.0,1.0,1.147369031998096,1502.0,316.0,1741.0,14.0,1534.0,301.0,287.0,1.0,1.025590014996851,1551.0,310.0,1496.0,0.0,1386.0,687.0,687.0,1.0,1.147369031998096,1387.0,461.0,1045.0,105.0,917.0,270.0,165.0,1.0,1.2487068769987673,916.0,171.0,,,,,,,,,,,,,,,,,,,,,,,,,,,,,,,,,,,,,,,,,,,,,,,,,,,,,,,,,,,,,,,,,,,,,,,,,,,,,,,,,,,,,
A,20260728_195915,15.0,2026-07-28 20:00:06,120.0,1449.75,180.75,5.0,0.34508438800185104,257.1666666666667,807.0,1543.0,,,,1551.0,64.0,1292.0,102.0,38.0,0.0,,,,1547.0,6.0,1328.0,54.0,48.0,1.0,0.9037854640009755,1345.0,120.0,1739.0,-23.0,1492.0,784.0,807.0,1.0,1.1576924250002776,1509.0,216.0,1741.0,14.0,1541.0,27.0,13.0,1.0,1.0256655459998,1559.0,138.0,1495.0,0.0,1386.0,449.0,449.0,1.0,1.1576924250002776,1386.0,283.0,1045.0,105.0,916.0,293.0,188.0,1.0,1.2488698520028265,916.0,188.0,,,,,,,,,,,,,,,,,,,,,,,,,,,,,,,,,,,,,,,,,,,,,,,,,,,,,,,,,,,,,,,,,,,,,,,,,,,,,,,,,,,,,
A,20260728_195915,16.0,2026-07-28 20:00:10,120.0,1481.6666666666667,177.0,4.0,0.2232563880024827,328.6666666666667,827.0,1972.0,,,,1561.0,64.0,1249.0,115.0,51.0,0.0,,,,1597.0,2.0,1223.0,83.0,81.0,0.0,,,,1739.0,-23.0,1489.0,804.0,827.0,1.0,1.1576115950010717,1509.0,131.0,1741.0,13.0,1537.0,120.0,107.0,1.0,1.0255459420004627,1549.0,437.0,1496.0,0.0,1387.0,712.0,712.0,1.0,1.0255459420004627,1387.0,146.0,1046.0,105.0,913.0,299.0,194.0,1.0,1.2488023300029454,913.0,171.0,,,,,,,,,,,,,,,,,,,,,,,,,,,,,,,,,,,,,,,,,,,,,,,,,,,,,,,,,,,,,,,,,,,,,,,,,,,,,,,,,,,,,
A,20260728_195915,17.0,2026-07-28 20:00:13,120.0,1481.6666666666667,177.0,4.0,0.22321126599854324,353.5,874.0,2121.0,,,,1517.0,64.0,1258.0,111.0,47.0,0.0,,,,1493.0,25.0,1277.0,56.0,31.0,0.0,,,,1739.0,-25.0,1496.0,849.0,874.0,1.0,1.1578912299992226,1511.0,265.0,1741.0,15.0,1532.0,302.0,287.0,1.0,1.0258416249998845,1548.0,425.0,1496.0,0.0,1386.0,695.0,695.0,1.0,1.0258416249998845,1386.0,149.0,1046.0,105.0,916.0,292.0,187.0,1.0,1.2490528909984278,916.0,187.0,,,,,,,,,,,,,,,,,,,,,,,,,,,,,,,,,,,,,,,,,,,,,,,,,,,,,,,,,,,,,,,,,,,,,,,,,,,,,,,,,,,,,
A,20260728_195915,18.0,2026-07-28 20:00:16,120.0,1485.6666666666667,173.0,4.0,0.2232498379999015,292.5,847.0,1755.0,,,,1528.0,64.0,1268.0,109.0,45.0,0.0,,,,1542.0,8.0,1276.0,70.0,62.0,0.0,,,,1739.0,-23.0,1499.0,824.0,847.0,1.0,1.157135144003405,1512.0,309.0,1741.0,13.0,1543.0,51.0,38.0,1.0,1.0250528600008693,1559.0,186.0,1496.0,0.0,1386.0,569.0,569.0,1.0,1.157135144003405,1386.0,403.0,1046.0,104.0,917.0,298.0,194.0,1.0,1.2483026980007708,917.0,194.0,,,,,,,,,,,,,,,,,,,,,,,,,,,,,,,,,,,,,,,,,,,,,,,,,,,,,,,,,,,,,,,,,,,,,,,,,,,,,,,,,,,,,
A,20260728_195915,19.0,2026-07-28 20:00:19,120.0,1482.6666666666667,176.0,4.0,0.22325129799719434,344.0,865.0,2064.0,,,,1536.0,64.0,1272.0,108.0,44.0,0.0,,,,1568.0,2.0,1233.0,78.0,76.0,0.0,,,,1739.0,-25.0,1496.0,840.0,865.0,1.0,1.1473638850002317,1511.0,254.0,1741.0,14.0,1532.0,252.0,238.0,1.0,1.0153097690017603,1550.0,342.0,1496.0,0.0,1387.0,652.0,652.0,1.0,1.0153097690017603,1387.0,124.0,1046.0,105.0,917.0,294.0,189.0,1.0,1.2385610669989546,917.0,189.0,,,,,,,,,,,,,,,,,,,,,,,,,,,,,,,,,,,,,,,,,,,,,,,,,,,,,,,,,,,,,,,,,,,,,,,,,,,,,,,,,,,,,
B,20260728_200039,0.0,2026-07-28 20:00:42,120.0,1409.6666666666667,250.33333333333334,4.0,0.2640612440009136,147.16666666666666,294.0,883.0,,,,1742.0,55.0,1262.0,122.0,67.0,0.0,,,,1742.0,-4.0,1223.0,93.0,97.0,0.0,,,,1739.0,-19.0,1370.0,108.0,127.0,1.0,1.5434909610012255,1384.0,730.0,1741.0,19.0,1437.0,249.0,230.0,1.0,1.279429717000312,1454.0,188.0,1500.0,-3.0,1391.0,291.0,294.0,1.0,1.4114689779999026,1391.0,303.0,1050.0,111.0,914.0,179.0,68.0,1.0,1.5434909610012255,915.0,244.0,,,,,,,,,,,,,,,,,,,,,,,,,,,,,,,,,,,,,,,,,,,,,,,,,,,,,,,,,,,,,,,,,,,,,,,,,,,,,,,,,,,,,
B,20260728_200039,1.0,2026-07-28 20:00:45,120.0,1406.5,164.5,3.0,0.0,248.5,854.0,1491.0,,,,1529.0,69.0,1270.0,111.0,42.0,0.0,,,,1492.0,28.0,1279.0,58.0,30.0,0.0,,,,1647.0,-4.0,1427.0,850.0,854.0,1.0,1.1479749449972587,1427.0,854.0,1728.0,19.0,1484.0,40.0,21.0,0.0,,,,1495.0,0.0,1386.0,310.0,310.0,1.0,1.1479749449972587,1386.0,310.0,1045.0,107.0,917.0,341.0,234.0,1.0,1.1479749449972587,917.0,234.0,,,,,,,,,,,,,,,,,,,,,,,,,,,,,,,,,,,,,,,,,,,,,,,,,,,,,,,,,,,,,,,,,,,,,,,,,,,,,,,,,,,,,
B,20260728_200039,2.0,2026-07-28 20:00:48,120.0,1417.3333333333333,228.66666666666666,4.0,0.12188122500083409,471.6666666666667,1159.0,2830.0,,,,1538.0,66.0,1275.0,109.0,43.0,0.0,,,,1547.0,9.0,1284.0,57.0,48.0,0.0,,,,1711.0,-15.0,1432.0,529.0,544.0,1.0,1.2797941019998689,1441.0,793.0,1731.0,18.0,1425.0,1177.0,1159.0,1.0,1.401675327000703,1425.0,1159.0,1496.0,0.0,1389.0,816.0,816.0,1.0,1.2797941019998689,1386.0,235.0,1046.0,107.0,916.0,327.0,220.0,1.0,1.2797941019998689,916.0,206.0,,,,,,,,,,,,,,,,,,,,,,,,,,,,,,,,,,,,,,,,,,,,,,,,,,,,,,,,,,,,,,,,,,,,,,,,,,,,,,,,,,,,,
B,20260728_200039,3.0,2026-07-28 20:00:51,120.0,1414.5,189.5,2.0,0.0,285.1666666666667,1094.0,1711.0,,,,1543.0,65.0,1282.0,105.0,40.0,0.0,,,,1552.0,8.0,1240.0,62.0,54.0,0.0,,,,1723.0,-19.0,1452.0,21.0,40.0,0.0,,,,1712.0,19.0,1443.0,1113.0,1094.0,1.0,1.2799828399984108,1443.0,1094.0,1496.0,0.0,1386.0,436.0,436.0,1.0,1.2799828399984108,1386.0,436.0,1045.0,106.0,917.0,153.0,47.0,0.0,,,,,,,,,,,,,,,,,,,,,,,,,,,,,,,,,,,,,,,,,,,,,,,,,,,,,,,,,,,,,,,,,,,,,,,,,,,,,,,,,,,,,,,,
B,20260728_200039,4.0,2026-07-28 20:00:54,120.0,1416.6666666666667,232.66666666666666,4.0,0.13209647099938593,455.0,1018.0,2730.0,,,,1550.0,65.0,1290.0,105.0,40.0,0.0,,,,1516.0,16.0,1248.0,62.0,46.0,0.0,,,,1721.0,-19.0,1429.0,582.0,601.0,1.0,1.2799471149992314,1444.0,653.0,1731.0,18.0,1420.0,1036.0,1018.0,1.0,1.4120435859986173,1420.0,1018.0,1496.0,0.0,1387.0,802.0,802.0,1.0,1.2799471149992314,1386.0,191.0,1045.0,105.0,913.0,328.0,223.0,1.0,1.2799471149992314,913.0,173.0,,,,,,,,,,,,,,,,,,,,,,,,,,,,,,,,,,,,,,,,,,,,,,,,,,,,,,,,,,,,,,,,,,,,,,,,,,,,,,,,,,,,,
B,20260728_200039,5.0,2026-07-28 20:00:58,120.0,1429.6666666666667,210.0,4.0,0.22325213400108623,286.0,778.0,1716.0,,,,1560.0,64.0,1300.0,103.0,39.0,0.0,,,,1518.0,13.0,1273.0,60.0,47.0,0.0,,,,1729.0,-15.0,1433.0,763.0,778.0,1.0,1.280032183000003,1446.0,261.0,1694.0,18.0,1440.0,93.0,75.0,1.0,1.15816403899953,1456.0,129.0,1496.0,0.0,1387.0,553.0,553.0,1.0,1.280032183000003,1387.0,301.0,1046.0,105.0,916.0,329.0,224.0,1.0,1.3814161730006163,916.0,227.0,,,,,,,,,,,,,,,,,,,,,,,,,,,,,,,,,,,,,,,,,,,,,,,,,,,,,,,,,,,,,,,,,,,,,,,,,,,,,,,,,,,,,
B,20260728_200039,6.0,2026-07-28 20:01:01,120.0,1432.3333333333333,218.33333333333334,4.0,0.10137765399849741,413.8333333333333,834.0,2483.0,,,,1571.0,62.0,1262.0,111.0,49.0,0.0,,,,1545.0,9.0,1283.0,55.0,46.0,0.0,,,,1725.0,-19.0,1427.0,706.0,725.0,1.0,1.2799422450007114,1453.0,177.0,1731.0,15.0,1433.0,622.0,607.0,1.0,1.2799422450007114,1457.0,162.0,1496.0,0.0,1387.0,834.0,834.0,1.0,1.3813198989992088,1387.0,498.0,1046.0,105.0,916.0,327.0,222.0,1.0,1.3813198989992088,917.0,197.0,,,,,,,,,,,,,,,,,,,,,,,,,,,,,,,,,,,,,,,,,,,,,,,,,,,,,,,,,,,,,,,,,,,,,,,,,,,,,,,,,,,,,
B,20260728_200039,7.0,2026-07-28 20:01:05,120.0,0.0,0.0,0.0,0.0,41.166666666666664,65.0,247.0,,,,1529.0,66.0,1272.0,111.0,45.0,0.0,,,,1551.0,5.0,1243.0,70.0,65.0,0.0,,,,1719.0,-21.0,1361.0,31.0,52.0,0.0,,,,1724.0,13.0,1360.0,49.0,36.0,0.0,,,,1496.0,0.0,1386.0,23.0,23.0,0.0,,,,1046.0,105.0,917.0,131.0,26.0,0.0,,,,,,,,,,,,,,,,,,,,,,,,,,,,,,,,,,,,,,,,,,,,,,,,,,,,,,,,,,,,,,,,,,,,,,,,,,,,,,,,,,,,,,,,
B,20260728_200039,8.0,2026-07-28 20:01:08,120.0,1423.0,160.0,4.0,0.0,558.1666666666666,1043.0,3349.0,,,,1539.0,64.0,1258.0,120.0,56.0,0.0,,,,1509.0,18.0,1233.0,72.0,54.0,0.0,,,,1627.0,-5.0,1429.0,889.0,894.0,1.0,1.0156479420002142,1440.0,646.0,1626.0,27.0,1425.0,1070.0,1043.0,1.0,1.0156479420002142,1440.0,632.0,1496.0,0.0,1391.0,1013.0,1013.0,1.0,1.0156479420002142,1389.0,406.0,1044.0,105.0,916.0,394.0,289.0,1.0,1.0156479420002142,916.0,197.0,,,,,,,,,,,,,,,,,,,,,,,,,,,,,,,,,,,,,,,,,,,,,,,,,,,,,,,,,,,,,,,,,,,,,,,,,,,,,,,,,,,,,
B,20260728_200039,9.0,2026-07-28 20:01:11,120.0,1437.3333333333333,206.66666666666666,4.0,0.22328293999817106,287.0,855.0,1722.0,,,,1528.0,64.0,1269.0,109.0,45.0,0.0,,,,1493.0,25.0,1280.0,56.0,31.0,0.0,,,,1721.0,-23.0,1437.0,832.0,855.0,1.0,1.279913084999862,1449.0,271.0,1715.0,15.0,1457.0,74.0,59.0,1.0,1.1478116739999678,1477.0,127.0,1496.0,0.0,1386.0,507.0,507.0,1.0,1.279913084999862,1386.0,277.0,1045.0,105.0,916.0,330.0,225.0,1.0,1.3710946139981388,916.0,225.0,,,,,,,,,,,,,,,,,,,,,,,,,,,,,,,,,,,,,,,,,,,,,,,,,,,,,,,,,,,,,,,,,,,,,,,,,,,,,,,,,,,,,
B,20260728_200039,10.0,2026-07-28 20:01:14,120.0,1446.0,206.66666666666666,3.0,0.22320891200070037,129.16666666666666,314.0,775.0,,,,1536.0,64.0,1252.0,127.0,63.0,0.0,,,,1549.0,6.0,1288.0,62.0,56.0,0.0,,,,1729.0,-21.0,1489.0,6.0,27.0,1.0,1.1478383249996114,1502.0,125.0,1733.0,14.0,1429.0,328.0,314.0,1.0,1.2799250070020207,1450.0,224.0,1496.0,0.0,1386.0,247.0,247.0,1.0,1.3710472370003117,1386.0,283.0,1044.0,105.0,916.0,173.0,68.0,0.0,,,,,,,,,,,,,,,,,,,,,,,,,,,,,,,,,,,,,,,,,,,,,,,,,,,,,,,,,,,,,,,,,,,,,,,,,,,,,,,,,,,,,,,,
B,20260728_200039,11.0,2026-07-28 20:01:18,120.0,1428.6666666666667,222.66666666666666,4.0,0.08099848899655626,435.8333333333333,970.0,2615.0,,,,1520.0,64.0,1237.0,124.0,60.0,0.0,,,,1556.0,5.0,1244.0,55.0,50.0,0.0,,,,1739.0,-23.0,1438.0,620.0,643.0,1.0,1.2796756690004258,1457.0,204.0,1719.0,15.0,1429.0,985.0,970.0,1.0,1.2796756690004258,1443.0,647.0,1496.0,0.0,1388.0,686.0,686.0,1.0,1.2796756690004258,1386.0,178.0,1045.0,105.0,916.0,311.0,206.0,1.0,1.360674157996982,916.0,206.0,,,,,,,,,,,,,,,,,,,,,,,,,,,,,,,,,,,,,,,,,,,,,,,,,,,,,,,,,,,,,,,,,,,,,,,,,,,,,,,,,,,,,
B,20260728_200039,12.0,2026-07-28 20:01:21,120.0,1427.6666666666667,221.0,4.0,0.09119192700018175,499.6666666666667,979.0,2998.0,,,,1505.0,68.0,1241.0,113.0,45.0,0.0,,,,1510.0,17.0,1229.0,59.0,42.0,0.0,,,,1729.0,-18.0,1433.0,786.0,804.0,1.0,1.2796838390022458,1449.0,366.0,1721.0,14.0,1434.0,993.0,979.0,1.0,1.2796838390022458,1448.0,707.0,1496.0,0.0,1389.0,877.0,877.0,1.0,1.2796838390022458,1386.0,254.0,1045.0,104.0,916.0,355.0,251.0,1.0,1.3708757660024276,916.0,251.0,,,,,,,,,,,,,,,,,,,,,,,,,,,,,,,,,,,,,,,,,,,,,,,,,,,,,,,,,,,,,,,,,,,,,,,,,,,,,,,,,,,,,
B,20260728_200039,13.0,2026-07-28 20:01:24,120.0,1424.3333333333333,224.0,4.0,0.0,419.8333333333333,886.0,2519.0,,,,1509.0,63.0,1252.0,111.0,48.0,0.0,,,,1496.0,22.0,1240.0,56.0,34.0,0.0,,,,1724.0,-20.0,1434.0,866.0,886.0,1.0,1.27807671499977,1447.0,645.0,1725.0,13.0,1423.0,639.0,626.0,1.0,1.27807671499977,1439.0,220.0,1496.0,0.0,1388.0,669.0,669.0,1.0,1.27807671499977,1387.0,169.0,1045.0,105.0,917.0,361.0,256.0,1.0,1.27807671499977,916.0,158.0,,,,,,,,,,,,,,,,,,,,,,,,,,,,,,,,,,,,,,,,,,,,,,,,,,,,,,,,,,,,,,,,,,,,,,,,,,,,,,,,,,,,,
B,20260728_200039,14.0,2026-07-28 20:01:27,120.0,1427.6666666666667,217.0,4.0,0.09123309699862148,471.5,1032.0,2829.0,,,,1525.0,62.0,1266.0,107.0,45.0,0.0,,,,1508.0,18.0,1251.0,52.0,34.0,0.0,,,,1726.0,-24.0,1434.0,731.0,755.0,1.0,1.2798566589990514,1454.0,193.0,1712.0,15.0,1423.0,1047.0,1032.0,1.0,1.2798566589990514,1443.0,361.0,1496.0,0.0,1388.0,716.0,716.0,1.0,1.2798566589990514,1386.0,158.0,1046.0,106.0,916.0,353.0,247.0,1.0,1.371089755997673,916.0,247.0,,,,,,,,,,,,,,,,,,,,,,,,,,,,,,,,,,,,,,,,,,,,,,,,,,,,,,,,,,,,,,,,,,,,,,,,,,,,,,,,,,,,,
B,20260728_200039,15.0,2026-07-28 20:01:30,120.0,1423.6666666666667,220.33333333333334,4.0,0.0,532.0,1031.0,3192.0,,,,1535.0,62.0,1270.0,107.0,45.0,0.0,,,,1517.0,14.0,1252.0,50.0,36.0,0.0,,,,1723.0,-24.0,1429.0,857.0,881.0,1.0,1.2799711369989382,1445.0,468.0,1713.0,15.0,1424.0,1046.0,1031.0,1.0,1.2799711369989382,1440.0,658.0,1496.0,0.0,1389.0,917.0,917.0,1.0,1.2799711369989382,1386.0,282.0,1045.0,107.0,917.0,389.0,282.0,1.0,1.2799711369989382,917.0,144.0,,,,,,,,,,,,,,,,,,,,,,,,,,,,,,,,,,,,,,,,,,,,,,,,,,,,,,,,,,,,,,,,,,,,,,,,,,,,,,,,,,,,,
B,20260728_200039,16.0,2026-07-28 20:01:34,120.0,1426.6666666666667,217.0,4.0,0.10137390500312904,461.6666666666667,978.0,2770.0,,,,1537.0,60.0,1279.0,102.0,42.0,0.0,,,,1518.0,11.0,1277.0,51.0,40.0,0.0,,,,1721.0,-25.0,1429.0,744.0,769.0,1.0,1.2797941019998689,1450.0,320.0,1714.0,12.0,1424.0,990.0,978.0,1.0,1.2797941019998689,1444.0,353.0,1496.0,0.0,1389.0,690.0,690.0,1.0,1.2797941019998689,1386.0,167.0,1045.0,105.0,916.0,356.0,251.0,1.0,1.381168007002998,916.0,251.0,,,,,,,,,,,,,,,,,,,,,,,,,,,,,,,,,,,,,,,,,,,,,,,,,,,,,,,,,,,,,,,,,,,,,,,,,,,,,,,,,,,,,
B,20260728_200039,17.0,2026-07-28 20:01:37,120.0,1426.3333333333333,216.66666666666666,4.0,0.09124473300107638,444.0,886.0,2664.0,,,,1550.0,60.0,1288.0,102.0,42.0,0.0,,,,1543.0,7.0,1277.0,51.0,44.0,0.0,,,,1720.0,-22.0,1429.0,778.0,800.0,1.0,1.2799903399973118,1450.0,256.0,1713.0,13.0,1421.0,899.0,886.0,1.0,1.2799903399973118,1441.0,240.0,1496.0,0.0,1388.0,645.0,645.0,1.0,1.3712350729983882,1388.0,645.0,1044.0,106.0,916.0,353.0,247.0,1.0,1.3712350729983882,916.0,247.0,,,,,,,,,,,,,,,,,,,,,,,,,,,,,,,,,,,,,,,,,,,,,,,,,,,,,,,,,,,,,,,,,,,,,,,,,,,,,,,,,,,,,
B,20260728_200039,18.0,2026-07-28 20:01:40,120.0,1421.3333333333333,220.66666666666666,4.0,0.0,542.3333333333334,1009.0,3254.0,,,,1557.0,61.0,1298.0,100.0,39.0,0.0,,,,1547.0,4.0,1284.0,50.0,46.0,0.0,,,,1719.0,-24.0,1425.0,875.0,899.0,1.0,1.279730844002188,1438.0,503.0,1711.0,13.0,1427.0,1022.0,1009.0,1.0,1.279730844002188,1440.0,760.0,1496.0,0.0,1389.0,977.0,977.0,1.0,1.279730844002188,1386.0,353.0,1045.0,105.0,916.0,389.0,284.0,1.0,1.279730844002188,917.0,161.0,,,,,,,,,,,,,,,,,,,,,,,,,,,,,,,,,,,,,,,,,,,,,,,,,,,,,,,,,,,,,,,,,,,,,,,,,,,,,,,,,,,,,
B,20260728_200039,19.0,2026-07-28 20:01:43,120.0,1426.0,217.66666666666666,4.0,0.09120846899895696,415.3333333333333,899.0,2492.0,,,,1569.0,57.0,1263.0,107.0,50.0,0.0,,,,1552.0,5.0,1251.0,51.0,46.0,0.0,,,,1717.0,-21.0,1429.0,878.0,899.0,1.0,1.2797856739998679,1449.0,293.0,1718.0,12.0,1421.0,650.0,638.0,1.0,1.2797856739998679,1442.0,124.0,1496.0,0.0,1387.0,597.0,597.0,1.0,1.3709941429988248,1387.0,597.0,1044.0,105.0,917.0,367.0,262.0,1.0,1.3709941429988248,917.0,262.0,,,,,,,,,,,,,,,,,,,,,,,,,,,,,,,,,,,,,,,,,,,,,,,,,,,,,,,,,,,,,,,,,,,,,,,,,,,,,,,,,,,,,
B,20260728_200039,20.0,2026-07-28 20:01:46,120.0,1420.0,221.33333333333334,4.0,0.0,551.0,1047.0,3306.0,,,,1535.0,61.0,1270.0,106.0,45.0,0.0,,,,1517.0,14.0,1256.0,52.0,38.0,0.0,,,,1718.0,-21.0,1426.0,918.0,939.0,1.0,1.2799369360000128,1439.0,620.0,1710.0,13.0,1419.0,1060.0,1047.0,1.0,1.2799369360000128,1434.0,601.0,1496.0,0.0,1390.0,950.0,950.0,1.0,1.2799369360000128,1387.0,308.0,1046.0,105.0,914.0,392.0,287.0,1.0,1.2799369360000128,914.0,173.0,,,,,,,,,,,,,,,,,,,,,,,,,,,,,,,,,,,,,,,,,,,,,,,,,,,,,,,,,,,,,,,,,,,,,,,,,,,,,,,,,,,,,
B,20260728_200039,21.0,2026-07-28 20:01:49,120.0,1431.6666666666667,205.0,4.0,0.12188478600000963,368.6666666666667,919.0,2212.0,,,,1537.0,62.0,1279.0,102.0,40.0,0.0,,,,1521.0,9.0,1263.0,58.0,49.0,0.0,,,,1715.0,-22.0,1438.0,897.0,919.0,1.0,1.2798622350019286,1447.0,552.0,1699.0,13.0,1443.0,291.0,278.0,1.0,1.157977449001919,1462.0,300.0,1496.0,0.0,1386.0,676.0,676.0,1.0,1.2798622350019286,1386.0,464.0,1046.0,105.0,916.0,355.0,250.0,1.0,1.2798622350019286,916.0,152.0,,,,,,,,,,,,,,,,,,,,,,,,,,,,,,,,,,,,,,,,,,,,,,,,,,,,,,,,,,,,,,,,,,,,,,,,,,,,,,,,,,,,,
B,20260728_200039,22.0,2026-07-28 20:01:53,120.0,1419.0,233.33333333333334,4.0,0.12185484200017527,351.8333333333333,990.0,2111.0,,,,1548.0,61.0,1263.0,115.0,54.0,0.0,,,,1530.0,9.0,1273.0,59.0,50.0,0.0,,,,1730.0,-20.0,1435.0,240.0,260.0,1.0,1.279763147002086,1450.0,317.0,1731.0,13.0,1419.0,1003.0,990.0,1.0,1.4016179890022613,1419.0,990.0,1496.0,0.0,1388.0,603.0,603.0,1.0,1.4016179890022613,1388.0,603.0,1045.0,105.0,917.0,259.0,154.0,1.0,1.4016179890022613,917.0,154.0,,,,,,,,,,,,,,,,,,,,,,,,,,,,,,,,,,,,,,,,,,,,,,,,,,,,,,,,,,,,,,,,,,,,,,,,,,,,,,,,,,,,,
B,20260728_200039,23.0,2026-07-28 20:01:56,120.0,1434.6666666666667,205.0,4.0,0.1320187889978115,365.8333333333333,898.0,2195.0,,,,1532.0,63.0,1269.0,107.0,44.0,0.0,,,,1543.0,7.0,1277.0,54.0,47.0,0.0,,,,1729.0,-19.0,1438.0,879.0,898.0,1.0,1.2796360809988983,1449.0,460.0,1694.0,15.0,1454.0,346.0,331.0,1.0,1.1476172920010868,1469.0,291.0,1496.0,0.0,1386.0,641.0,641.0,1.0,1.2796360809988983,1386.0,436.0,1044.0,105.0,917.0,339.0,234.0,1.0,1.2796360809988983,917.0,122.0,,,,,,,,,,,,,,,,,,,,,,,,,,,,,,,,,,,,,,,,,,,,,,,,,,,,,,,,,,,,,,,,,,,,,,,,,,,,,,,,,,,,,
B,20260728_200039,24.0,2026-07-28 20:01:59,120.0,1422.3333333333333,230.0,4.0,0.13211204299659585,369.6666666666667,1004.0,2218.0,,,,1540.0,61.0,1282.0,102.0,41.0,0.0,,,,1547.0,5.0,1283.0,56.0,51.0,0.0,,,,1730.0,-19.0,1439.0,339.0,358.0,1.0,1.2799605560030614,1459.0,297.0,1731.0,11.0,1421.0,1015.0,1004.0,1.0,1.4120725989996572,1421.0,1004.0,1496.0,0.0,1387.0,606.0,606.0,1.0,1.4120725989996572,1387.0,606.0,1044.0,106.0,916.0,264.0,158.0,1.0,1.4120725989996572,916.0,158.0,,,,,,,,,,,,,,,,,,,,,,,,,,,,,,,,,,,,,,,,,,,,,,,,,,,,,,,,,,,,,,,,,,,,,,,,,,,,,,,,,,,,,
A,20260728_202104,0.0,2026-07-28 20:21:09,120.0,0.0,0.0,0.0,0.0,28.166666666666668,80.0,169.0,,,current pose lift-hover sample,1202.0,147.0,1202.0,142.0,5.0,0.0,,,,1643.0,20.0,1233.0,100.0,80.0,0.0,,,,1741.0,0.0,1372.0,36.0,36.0,0.0,,,,1742.0,20.0,1372.0,54.0,34.0,0.0,,,,1363.0,36.0,1359.0,47.0,11.0,0.0,,,,915.0,121.0,899.0,124.0,3.0,0.0,,,,,,,,,,,,,,,,,,,,,,,,,,,,,,,,,,,,,,,,,,,,,,,,,,,,,,,,,,,,,,,,,,,,,,,,,,,,,,,,,,,,,,,,
A,20260728_202159,0.0,2026-07-28 20:22:01,120.0,0.0,0.0,0.0,0.0,9.5,26.0,57.0,,,current pose lift-hover sample,1224.0,125.0,1212.0,151.0,26.0,0.0,,,,1223.0,97.0,1223.0,89.0,8.0,0.0,,,,1418.0,29.0,1365.0,38.0,9.0,0.0,,,,1418.0,47.0,1364.0,55.0,8.0,0.0,,,,1351.0,46.0,1351.0,47.0,1.0,0.0,,,,915.0,118.0,905.0,123.0,5.0,0.0,,,,,,,,,,,,,,,,,,,,,,,,,,,,,,,,,,,,,,,,,,,,,,,,,,,,,,,,,,,,,,,,,,,,,,,,,,,,,,,,,,,,,,,,
A,20260728_202247,0.0,2026-07-28 20:22:51,120.0,0.0,0.0,0.0,0.0,29.833333333333332,46.0,179.0,,,current pose lift-hover sample,1337.0,104.0,1215.0,149.0,45.0,0.0,,,,1344.0,64.0,1230.0,87.0,23.0,0.0,,,,1481.0,16.0,1361.0,38.0,22.0,0.0,,,,1480.0,39.0,1361.0,55.0,16.0,0.0,,,,1469.0,3.0,1356.0,49.0,46.0,0.0,,,,1022.0,94.0,915.0,121.0,27.0,0.0,,,,,,,,,,,,,,,,,,,,,,,,,,,,,,,,,,,,,,,,,,,,,,,,,,,,,,,,,,,,,,,,,,,,,,,,,,,,,,,,,,,,,,,,
A,20260729_153454,0.0,2026-07-29 15:35:36,70.0,1328.3333333333333,411.0,4.0,24.60537799099984,54.166666666666664,72.0,325.0,,,current pose direct MOVEP lift-hover sample;void_20260729,1740.0,44.0,1217.0,111.0,67.0,1.0,1.5296528590006346,1242.0,75.0,1739.0,-4.0,1381.0,64.0,68.0,1.0,1.5296528590006346,1392.0,77.0,1739.0,-20.0,1351.0,38.0,58.0,1.0,25.739951184000347,1351.0,84.0,1742.0,15.0,1350.0,55.0,40.0,0.0,,,,1499.0,-3.0,1367.0,17.0,20.0,0.0,,,,1050.0,92.0,915.0,164.0,72.0,1.0,26.135030850000476,915.0,102.0,35.0,4.948811717999888,48.74285714285714,50.0,0.8050858744917355,48.0,0.0,278.7142857142857,281.0,1.1849395059044412,279.0,2.0,67.34285714285714,69.0,0.6298687910013886,69.0,2.0,68.0,68.0,0.0,68.0,0.0,56.6,58.0,0.7634508123364221,56.0,0.0,38.02857142857143,39.0,0.16659862556700858,38.0,0.0,21.0,21.0,0.0,21.0,0.0,27.742857142857144,29.0,0.8050858744917355,27.0,0.0,,,,,,,,,,,,,,,,,,,,,,,,,,,,,,,,,,,,,,,,,,,
A,20260729_155950,0.0,2026-07-29 16:00:08,70.0,1741.0,12.5,2.0,0.0,148.33333333333334,629.0,890.0,,,current pose direct MOVEP lift-hover sample;void_20260729,1741.0,51.0,1442.0,86.0,35.0,0.0,,,,1756.0,902.0,1756.0,733.0,169.0,1.0,1.2517392219997419,1756.0,171.0,1739.0,-61.0,1650.0,-53.0,8.0,0.0,,,,1751.0,15.0,1725.0,644.0,629.0,1.0,1.2517392219997419,1726.0,630.0,1499.0,-3.0,1411.0,19.0,22.0,0.0,,,,1050.0,93.0,901.0,120.0,27.0,0.0,,,,35.0,4.919422699999814,40.6,42.0,0.6414269805898185,40.0,0.0,1029.2571428571428,1031.0,1.1794152823171595,1029.0,3.0,41.57142857142857,42.0,0.7284313590846836,40.0,-1.0,880.1428571428571,881.0,0.3499271061118826,880.0,0.0,61.0,61.0,0.0,61.0,0.0,5.942857142857143,8.0,0.8261047025600549,8.0,4.0,12.571428571428571,13.0,0.4948716593053935,12.0,0.0,28.02857142857143,29.0,0.29137254363387344,28.0,0.0,,,,,,,,,,,,,,,,,,,,,,,,,,,,,,,,,,,,,,,,,,,
A,20260729_160418,0.0,2026-07-29 16:04:33,70.0,1540.6666666666667,120.33333333333333,3.0,0.5000342280000041,245.5,715.0,1473.0,,,current pose direct MOVEP lift-hover sample;void_20260729,1742.0,51.0,1309.0,105.0,54.0,0.0,,,,1740.0,4.0,1392.0,72.0,68.0,0.0,,,,1742.0,-10.0,1676.0,38.0,48.0,1.0,0.624840082999981,1692.0,203.0,1742.0,23.0,1537.0,599.0,576.0,1.0,1.124874310999985,1558.0,292.0,1499.0,-3.0,1372.0,712.0,715.0,1.0,1.124874310999985,1372.0,485.0,1050.0,91.0,916.0,103.0,12.0,0.0,,,,36.0,5.006712610999784,663.1111111111111,755.0,16.741129952866544,658.0,-97.0,1164.8055555555557,1525.0,61.1990465813736,1149.0,-376.0,62.861111111111114,64.0,0.97618241060031,62.0,-1.0,79.58333333333333,81.0,1.8465433171800283,79.0,9.0,13.777777777777779,14.0,0.7114582486036499,14.0,4.0,345.47222222222223,627.0,47.61214020669233,336.0,-291.0,654.5833333333334,749.0,17.18425474412874,649.0,-100.0,8.527777777777779,10.0,0.7259519080762211,9.0,3.0,,,,,,,,,,,,,,,,,,,,,,,,,,,,,,,,,,,,,,,,,,,
A,20260729_160418,1.0,2026-07-29 16:04:46,70.0,1538.0,124.0,3.0,0.42981926199990994,156.5,348.0,939.0,,,current pose direct MOVEP lift-hover sample;void_20260729,1742.0,46.0,1322.0,102.0,56.0,0.0,,,,1740.0,0.0,1458.0,63.0,63.0,0.0,,,,1744.0,-10.0,1668.0,146.0,156.0,1.0,0.7598036119998142,1686.0,139.0,1743.0,-15.0,1552.0,333.0,348.0,1.0,1.189622873999724,1552.0,348.0,1499.0,0.0,1376.0,297.0,297.0,1.0,1.189622873999724,1376.0,297.0,1048.0,93.0,915.0,112.0,19.0,0.0,,,,34.0,4.875366276999557,451.7647058823529,614.0,70.52327893662006,420.0,-194.0,1123.7941176470588,1400.0,120.99022308866523,1062.0,-338.0,64.08823529411765,65.0,0.8867537312753727,64.0,-1.0,64.97058823529412,66.0,0.8906472899839247,64.0,-2.0,12.911764705882353,15.0,1.2215623327820697,12.0,0.0,530.0588235294117,643.0,50.93706680882307,502.0,-141.0,442.88235294117646,609.0,72.33328283873458,411.0,-198.0,8.882352941176471,11.0,1.8906069035280233,9.0,4.0,,,,,,,,,,,,,,,,,,,,,,,,,,,,,,,,,,,,,,,,,,,
A,20260729_160418,2.0,2026-07-29 16:04:58,70.0,1498.75,182.5,4.0,0.5500598420003371,237.16666666666666,585.0,1423.0,,,current pose direct MOVEP lift-hover sample;void_20260729,1742.0,46.0,1325.0,98.0,52.0,0.0,,,,1742.0,-2.0,1404.0,70.0,72.0,1.0,1.2499603630003548,1404.0,72.0,1741.0,-43.0,1663.0,140.0,183.0,1.0,0.6999005210000178,1663.0,214.0,1743.0,19.0,1545.0,550.0,531.0,1.0,1.1201345890003722,1560.0,273.0,1499.0,0.0,1368.0,585.0,585.0,1.0,1.1201345890003722,1368.0,356.0,1050.0,93.0,916.0,93.0,0.0,0.0,,,,36.0,4.945501369999874,508.1111111111111,513.0,1.696037502497083,505.0,-8.0,992.6388888888889,1002.0,3.1460096222373313,989.0,-13.0,63.22222222222222,65.0,0.5328701692569688,65.0,2.0,85.66666666666667,87.0,0.7453559924999299,85.0,0.0,45.69444444444444,47.0,0.699977953797453,46.0,-1.0,289.94444444444446,294.0,2.0540535052595725,288.0,-6.0,507.6666666666667,511.0,1.632993161855452,505.0,-6.0,0.4444444444444444,2.0,0.6849348892187751,0.0,-2.0,,,,,,,,,,,,,,,,,,,,,,,,,,,,,,,,,,,,,,,,,,,
A,20260729_160418,3.0,2026-07-29 16:05:11,70.0,1540.25,141.0,5.0,0.7452163219995782,219.0,490.0,1314.0,,,current pose direct MOVEP lift-hover sample;void_20260729,1742.0,44.0,1273.0,107.0,63.0,0.0,,,,1741.0,0.0,1422.0,490.0,490.0,1.0,1.3450846579999052,1422.0,490.0,1741.0,-8.0,1704.0,0.0,8.0,1.0,0.599868336000327,1720.0,95.0,1743.0,19.0,1621.0,86.0,67.0,1.0,0.874757657000373,1643.0,122.0,1500.0,1.0,1376.0,403.0,402.0,1.0,1.3450846579999052,1376.0,402.0,1050.0,93.0,916.0,377.0,284.0,1.0,1.3450846579999052,916.0,284.0,35.0,4.9296344939994015,43.6,45.0,1.4579829511054943,42.0,-3.0,196.8,205.0,2.20129831820094,197.0,-1.0,65.71428571428571,67.0,0.8806305718527109,67.0,0.0,70.4,72.0,0.7250615737399726,70.0,0.0,6.942857142857143,8.0,0.8925999629607605,8.0,2.0,10.142857142857142,16.0,1.4371172959953475,10.0,0.0,16.6,17.0,0.7250615737399726,16.0,-1.0,27.0,28.0,1.01418510567422,26.0,-2.0,,,,,,,,,,,,,,,,,,,,,,,,,,,,,,,,,,,,,,,,,,,
A,20260729_160418,4.0,2026-07-29 16:05:23,70.0,1551.0,193.0,2.0,0.6002620010003739,57.5,144.0,345.0,,,current pose direct MOVEP lift-hover sample;void_20260729,1742.0,44.0,1317.0,101.0,57.0,0.0,,,,1739.0,0.0,1407.0,70.0,70.0,1.0,1.1998530789996948,1407.0,70.0,1749.0,-6.0,1675.0,138.0,144.0,1.0,0.599591077999321,1695.0,162.0,1744.0,19.0,1502.0,41.0,22.0,0.0,,,,1500.0,-3.0,1375.0,27.0,30.0,0.0,,,,1047.0,95.0,916.0,117.0,22.0,0.0,,,,35.0,4.985113712999919,50.285714285714285,52.0,0.5642405045180429,50.0,0.0,221.5142857142857,225.0,1.4416543784620417,221.0,3.0,66.31428571428572,69.0,1.5449720953823742,65.0,-2.0,80.65714285714286,83.0,0.7537660547584526,81.0,3.0,7.371428571428571,8.0,0.7591617288906527,7.0,0.0,16.885714285714286,18.0,0.918739153760773,18.0,2.0,27.37142857142857,28.0,0.9284615319583954,28.0,2.0,22.914285714285715,24.0,0.9062143729802118,22.0,-2.0,,,,,,,,,,,,,,,,,,,,,,,,,,,,,,,,,,,,,,,,,,,
A,20260729_160418,5.0,2026-07-29 16:05:36,70.0,1437.0,224.0,4.0,0.29023325799971644,138.66666666666666,281.0,832.0,,,current pose direct MOVEP lift-hover sample;void_20260729,1742.0,44.0,1356.0,287.0,243.0,1.0,1.0244256750002023,1374.0,139.0,1742.0,-2.0,1538.0,29.0,31.0,1.0,0.8745352730002196,1558.0,88.0,1741.0,-8.0,1498.0,15.0,23.0,0.0,,,,1743.0,19.0,1498.0,36.0,17.0,0.0,,,,1499.0,0.0,1379.0,237.0,237.0,1.0,1.164768530999936,1379.0,237.0,1047.0,89.0,916.0,370.0,281.0,1.0,1.0244256750002023,917.0,124.0,35.0,4.904568100000688,427.0,431.0,2.2296700588716196,425.0,-6.0,728.5714285714286,735.0,2.7075103406816305,729.0,-6.0,139.88571428571427,141.0,1.189752160780401,141.0,0.0,34.22857142857143,35.0,0.8971610553204332,35.0,0.0,110.22857142857143,112.0,0.636315927180574,110.0,-2.0,17.228571428571428,18.0,0.9587406706035725,18.0,2.0,209.74285714285713,211.0,0.966373401445015,209.0,-2.0,217.25714285714287,220.0,1.3803282661921328,216.0,-4.0,,,,,,,,,,,,,,,,,,,,,,,,,,,,,,,,,,,,,,,,,,,
A,20260729_160418,6.0,2026-07-29 16:05:48,70.0,1495.5,184.25,5.0,0.13961629000004905,168.5,284.0,1011.0,,,current pose direct MOVEP lift-hover sample;void_20260729,1742.0,44.0,1315.0,98.0,54.0,0.0,,,,1740.0,-3.0,1489.0,258.0,261.0,1.0,1.0451903249995667,1509.0,100.0,1739.0,-19.0,1552.0,143.0,162.0,1.0,1.1848066149996157,1552.0,162.0,1741.0,17.0,1544.0,96.0,79.0,1.0,1.1848066149996157,1544.0,79.0,1499.0,0.0,1377.0,284.0,284.0,1.0,1.1848066149996157,1377.0,284.0,1050.0,94.0,916.0,265.0,171.0,1.0,1.1848066149996157,916.0,171.0,36.0,4.969990286000211,626.0277777777778,784.0,70.13379519457835,593.0,-191.0,1471.5555555555557,1795.0,142.43252680254614,1407.0,-388.0,65.77777777777777,67.0,0.9460770203292445,67.0,2.0,41.666666666666664,44.0,1.7320508075688772,42.0,4.0,548.0277777777778,624.0,33.60347709448393,533.0,-91.0,190.05555555555554,284.0,41.20136489408819,172.0,-112.0,486.8888888888889,629.0,63.39855316337966,458.0,-171.0,139.13888888888889,155.0,7.008537562532721,135.0,-20.0,,,,,,,,,,,,,,,,,,,,,,,,,,,,,,,,,,,,,,,,,,,
A,20260729_160418,7.0,2026-07-29 16:06:01,70.0,1475.0,185.66666666666666,4.0,0.15991553100047895,146.0,269.0,876.0,,,current pose direct MOVEP lift-hover sample;void_20260729,1742.0,43.0,1313.0,102.0,59.0,0.0,,,,1742.0,-4.0,1491.0,125.0,129.0,1.0,1.024980768000205,1508.0,93.0,1741.0,-19.0,1541.0,249.0,268.0,1.0,1.184896299000684,1541.0,268.0,1742.0,17.0,1546.0,31.0,14.0,0.0,,,,1499.0,1.0,1376.0,270.0,269.0,1.0,1.184896299000684,1376.0,269.0,1050.0,93.0,915.0,230.0,137.0,1.0,1.184896299000684,915.0,137.0,36.0,4.980182730999331,514.4166666666666,524.0,3.5619517121937516,508.0,-16.0,1241.388888888889,1265.0,9.747585962625076,1228.0,-37.0,67.58333333333333,70.0,1.299038105676658,66.0,-2.0,37.083333333333336,39.0,1.1395661942647786,37.0,0.0,593.0555555555555,610.0,6.454733166205523,585.0,-25.0,29.25,32.0,1.479019945774904,32.0,6.0,377.6111111111111,384.0,2.659132876394293,373.0,-11.0,136.80555555555554,140.0,1.0493237093068946,135.0,-5.0,,,,,,,,,,,,,,,,,,,,,,,,,,,,,,,,,,,,,,,,,,,
A,20260729_160418,8.0,2026-07-29 16:06:13,70.0,1486.6666666666667,174.33333333333334,3.0,0.15528107099999033,138.16666666666666,408.0,829.0,,,current pose direct MOVEP lift-hover sample;void_20260729,1742.0,44.0,1322.0,100.0,56.0,0.0,,,,1742.0,-2.0,1470.0,50.0,52.0,1.0,1.0046069919999354,1512.0,90.0,1739.0,-18.0,1547.0,12.0,30.0,0.0,,,,1741.0,17.0,1559.0,425.0,408.0,1.0,1.1598880629999258,1559.0,408.0,1500.0,0.0,1379.0,251.0,251.0,1.0,1.0046069919999354,1389.0,70.0,1046.0,96.0,916.0,128.0,32.0,0.0,,,,35.0,4.845554726000046,555.6,557.0,1.6422980415085615,554.0,-3.0,1385.7714285714285,1391.0,2.9865002383173165,1382.0,-8.0,65.37142857142857,67.0,0.9587406706035725,65.0,-2.0,39.142857142857146,40.0,0.3499271061118826,39.0,0.0,77.11428571428571,78.0,0.39795395077668916,77.0,0.0,648.5428571428571,651.0,1.1549361675090135,647.0,-3.0,532.3142857142857,533.0,0.9493284414763514,531.0,-2.0,23.285714285714285,24.0,0.7772268862134539,23.0,-1.0,,,,,,,,,,,,,,,,,,,,,,,,,,,,,,,,,,,,,,,,,,,
A,20260729_160418,9.0,2026-07-29 16:06:26,70.0,1482.75,198.25,5.0,0.0,429.1666666666667,916.0,2575.0,,,current pose direct MOVEP lift-hover sample;void_20260729,1742.0,46.0,1309.0,100.0,54.0,0.0,,,,1742.0,-4.0,1422.0,189.0,193.0,1.0,1.0795995959997526,1448.0,168.0,1741.0,-19.0,1528.0,461.0,480.0,1.0,1.0795995959997526,1551.0,263.0,1742.0,18.0,1532.0,733.0,715.0,1.0,1.0795995959997526,1557.0,451.0,1499.0,0.0,1376.0,916.0,916.0,1.0,1.0795995959997526,1375.0,256.0,1050.0,91.0,916.0,308.0,217.0,1.0,1.0795995959997526,916.0,131.0,36.0,4.9945760210002845,1112.638888888889,1119.0,3.7943875056733303,1108.0,-11.0,2496.222222222222,2511.0,7.3602200718574196,2485.0,-26.0,64.5,65.0,0.7264831572567789,63.0,-2.0,182.41666666666666,184.0,1.0897247358851685,181.0,-3.0,457.1388888888889,459.0,1.455884186819851,455.0,-4.0,679.5277777777778,684.0,1.7398293516432888,678.0,-6.0,903.7777777777778,909.0,2.8878203151926725,900.0,-9.0,208.86111111111111,211.0,1.0581109419300505,208.0,-2.0,,,,,,,,,,,,,,,,,,,,,,,,,,,,,,,,,,,,,,,,,,,
B,20260729_161357,0.0,2026-07-29 16:14:14,70.0,1382.6,310.2,6.0,0.1401158230000874,264.1666666666667,547.0,1585.0,,,current pose direct MOVEP lift-hover sample;void_20260729,1742.0,49.0,1202.0,133.0,84.0,1.0,1.4202798599999369,1222.0,81.0,1741.0,2.0,1388.0,62.0,60.0,1.0,1.2801640369998495,1399.0,72.0,1741.0,-15.0,1436.0,378.0,393.0,1.0,1.4202798599999369,1458.0,271.0,1741.0,21.0,1425.0,374.0,353.0,1.0,1.4202798599999369,1456.0,199.0,1499.0,-3.0,1378.0,544.0,547.0,1.0,1.4202798599999369,1378.0,89.0,1050.0,90.0,916.0,238.0,148.0,1.0,1.4202798599999369,916.0,85.0,35.0,4.880133374999787,620.0,639.0,10.076847579618198,604.0,-35.0,1403.9142857142858,1447.0,23.32916192061702,1368.0,-79.0,80.25714285714285,82.0,0.6477590885002648,80.0,0.0,57.94285714285714,58.0,0.23211538298959886,58.0,0.0,374.8,380.0,3.2319830268295475,370.0,-10.0,270.9142857142857,290.0,10.329905070982512,256.0,-34.0,483.8285714285714,501.0,8.949016591736976,470.0,-31.0,136.17142857142858,138.0,1.206783547539593,134.0,-4.0,,,,,,,,,,,,,,,,,,,,,,,,,,,,,,,,,,,,,,,,,,,
B,20260729_161357,1.0,2026-07-29 16:14:27,70.0,1381.0,311.2,6.0,0.14494595199994365,246.5,494.0,1479.0,,,current pose direct MOVEP lift-hover sample;void_20260729,1742.0,44.0,1202.0,129.0,85.0,1.0,1.4398956590002854,1217.0,82.0,1740.0,0.0,1381.0,64.0,64.0,1.0,1.2949497070003417,1394.0,81.0,1739.0,-17.0,1436.0,428.0,445.0,1.0,1.4398956590002854,1462.0,101.0,1741.0,17.0,1425.0,257.0,240.0,1.0,1.4398956590002854,1456.0,133.0,1499.0,1.0,1376.0,495.0,494.0,1.0,1.4398956590002854,1376.0,95.0,1049.0,93.0,916.0,244.0,151.0,1.0,1.4398956590002854,916.0,92.0,35.0,4.884953723999388,580.8571428571429,599.0,8.832223008128029,567.0,-32.0,1324.2571428571428,1359.0,18.215131633017734,1296.0,-63.0,82.68571428571428,84.0,0.784544583871199,83.0,0.0,62.8,64.0,0.9196272536817761,62.0,-1.0,432.8857142857143,436.0,2.2522551057161553,430.0,-6.0,165.02857142857144,178.0,6.7548319817772535,154.0,-24.0,440.45714285714286,455.0,7.156786418270053,430.0,-25.0,140.4,144.0,1.776030887762292,137.0,-7.0,,,,,,,,,,,,,,,,,,,,,,,,,,,,,,,,,,,,,,,,,,,
B,20260729_161357,2.0,2026-07-29 16:14:41,70.0,1375.4,317.4,6.0,0.25978511799985426,345.0,712.0,2070.0,,,current pose direct MOVEP lift-hover sample;void_20260729,1742.0,44.0,1202.0,129.0,85.0,1.0,1.4796851210003297,1213.0,83.0,1742.0,-1.0,1304.0,85.0,86.0,1.0,1.4796851210003297,1337.0,82.0,1739.0,-17.0,1446.0,695.0,712.0,1.0,1.4796851210003297,1457.0,242.0,1741.0,17.0,1485.0,327.0,310.0,1.0,1.3199447770002735,1501.0,208.0,1500.0,0.0,1369.0,687.0,687.0,1.0,1.4796851210003297,1369.0,466.0,1050.0,93.0,915.0,283.0,190.0,1.0,1.5797298950001277,915.0,196.0,33.0,4.869750041999396,873.7878787878788,879.0,2.972169657027692,870.0,-8.0,2039.878787878788,2047.0,4.470492995372128,2035.0,-11.0,83.03030303030303,85.0,0.521353046487432,83.0,0.0,85.81818181818181,86.0,0.45756572334974244,86.0,0.0,691.060606060606,695.0,2.058822757753094,688.0,-7.0,306.1818181818182,308.0,0.756969454351321,308.0,4.0,684.6666666666666,687.0,1.8856180831641267,682.0,-5.0,189.12121212121212,192.0,1.1744134772773396,188.0,-3.0,,,,,,,,,,,,,,,,,,,,,,,,,,,,,,,,,,,,,,,,,,,
B,20260729_161357,3.0,2026-07-29 16:14:55,70.0,1384.0,308.4,6.0,0.46998152600008325,44.5,60.0,267.0,,,current pose direct MOVEP lift-hover sample;bad_grasp;void_20260729,1742.0,44.0,1216.0,104.0,60.0,1.0,1.430326098000478,1216.0,82.0,1740.0,0.0,1429.0,60.0,60.0,1.0,1.1201310910000757,1447.0,74.0,1739.0,-19.0,1436.0,25.0,44.0,1.0,1.430326098000478,1455.0,339.0,1741.0,16.0,1382.0,73.0,57.0,1.0,1.590112617000159,1421.0,522.0,1500.0,1.0,1381.0,16.0,15.0,1.0,1.590112617000159,1381.0,428.0,1051.0,92.0,916.0,123.0,31.0,1.0,1.430326098000478,916.0,93.0,34.0,4.965005232000294,44.85294117647059,61.0,2.9419116728170884,44.0,0.0,246.47058823529412,264.0,3.6074701426969327,244.0,0.0,61.205882352941174,63.0,1.54880241713901,59.0,-2.0,58.8235294117647,60.0,0.8901615264953857,60.0,2.0,42.23529411764706,44.0,0.48862493311282795,42.0,0.0,39.35294117647059,41.0,0.6362737544936452,39.0,0.0,16.11764705882353,17.0,0.9930554715373019,15.0,-2.0,28.735294117647058,44.0,2.9932160898527913,29.0,2.0,,,,,,,,,,,,,,,,,,,,,,,,,,,,,,,,,,,,,,,,,,,
B,20260729_161357,4.0,2026-07-29 16:15:09,70.0,1412.0,281.2,6.0,0.6199418740006877,182.66666666666666,482.0,1096.0,,,current pose direct MOVEP lift-hover sample;void_20260729,1742.0,45.0,1202.0,127.0,82.0,1.0,1.504879783999968,1214.0,83.0,1742.0,-3.0,1484.0,35.0,38.0,1.0,0.8849379099992802,1504.0,89.0,1741.0,-18.0,1437.0,464.0,482.0,1.0,1.355019073999756,1454.0,298.0,1742.0,15.0,1481.0,39.0,24.0,1.0,1.1944891659995847,1509.0,78.0,1499.0,0.0,1379.0,329.0,329.0,1.0,1.504879783999968,1379.0,333.0,1050.0,93.0,916.0,234.0,141.0,1.0,1.355019073999756,916.0,90.0,35.0,4.930247827999665,465.77142857142854,468.0,1.3111764463524305,463.0,-5.0,1071.4857142857143,1076.0,1.9029515206110528,1071.0,-5.0,82.57142857142857,84.0,0.8378787599208675,84.0,2.0,41.114285714285714,42.0,0.8201542911089899,42.0,0.0,462.14285714285717,464.0,0.4237827706911807,462.0,-2.0,19.885714285714286,21.0,0.39795395077668916,20.0,0.0,325.4,327.0,0.931971796017148,323.0,-4.0,140.37142857142857,141.0,0.7591617288906527,140.0,-1.0,,,,,,,,,,,,,,,,,,,,,,,,,,,,,,,,,,,,,,,,,,,
B,20260729_161357,5.0,2026-07-29 16:15:23,70.0,1403.6,289.4,6.0,0.8396105869996973,372.3333333333333,755.0,2234.0,,,current pose direct MOVEP lift-hover sample;void_20260729,1742.0,44.0,1203.0,127.0,83.0,1.0,1.4601283620004324,1213.0,83.0,1741.0,-2.0,1476.0,34.0,36.0,1.0,0.870049420000214,1504.0,73.0,1742.0,-19.0,1432.0,696.0,715.0,1.0,1.4601283620004324,1459.0,83.0,1741.0,17.0,1438.0,454.0,437.0,1.0,1.4601283620004324,1461.0,162.0,1499.0,0.0,1381.0,755.0,755.0,1.0,1.7096600069999113,1381.0,644.0,1049.0,91.0,917.0,299.0,208.0,1.0,1.7096600069999113,917.0,123.0,36.0,4.965006755999639,956.7777777777778,963.0,3.1456417037537925,952.0,-11.0,2189.8055555555557,2200.0,5.796643877875678,2179.0,-21.0,83.02777777777777,84.0,0.3716413377849903,83.0,0.0,38.861111111111114,41.0,0.9472996058322185,37.0,-2.0,686.1111111111111,689.0,1.3286956381223776,684.0,-5.0,425.02777777777777,426.0,1.1422713997195606,423.0,-3.0,748.5,753.0,2.327373340628157,746.0,-7.0,208.27777777777777,210.0,0.9312808119022339,206.0,-4.0,,,,,,,,,,,,,,,,,,,,,,,,,,,,,,,,,,,,,,,,,,,
B,20260729_161357,6.0,2026-07-29 16:15:37,70.0,1385.6,307.6,6.0,0.4600142480003342,45.333333333333336,83.0,272.0,,,current pose direct MOVEP lift-hover sample;bad_grasp;void_20260729,1742.0,44.0,1203.0,127.0,83.0,1.0,1.479980942000111,1214.0,83.0,1741.0,-2.0,1414.0,68.0,70.0,1.0,1.019966693999777,1452.0,76.0,1742.0,-21.0,1454.0,14.0,35.0,1.0,1.310297382000499,1465.0,158.0,1741.0,17.0,1382.0,51.0,34.0,1.0,1.479980942000111,1420.0,350.0,1500.0,0.0,1377.0,20.0,20.0,1.0,1.479980942000111,1377.0,353.0,1050.0,93.0,915.0,123.0,30.0,1.0,1.479980942000111,915.0,111.0,35.0,4.874937954000416,46.8,48.0,0.7855844048495726,48.0,2.0,263.54285714285714,267.0,2.5561450567251476,266.0,6.0,82.25714285714285,83.0,1.1299268533305822,83.0,3.0,65.97142857142858,66.0,0.16659862556700858,65.0,-1.0,37.457142857142856,40.0,0.8731832451392072,38.0,0.0,31.057142857142857,32.0,0.9240549502169274,32.0,2.0,20.0,20.0,0.0,20.0,0.0,26.8,28.0,0.7855844048495726,28.0,2.0,,,,,,,,,,,,,,,,,,,,,,,,,,,,,,,,,,,,,,,,,,,
B,20260729_161357,7.0,2026-07-29 16:15:51,70.0,1420.2,272.8,5.0,0.3003127770007268,45.166666666666664,84.0,271.0,,,current pose direct MOVEP lift-hover sample;bad_grasp;void_20260729,1742.0,43.0,1206.0,127.0,84.0,1.0,1.470198466000511,1262.0,70.0,1742.0,-4.0,1436.0,70.0,74.0,1.0,1.319993586000237,1441.0,71.0,1742.0,-19.0,1526.0,11.0,30.0,1.0,1.1698856889997842,1542.0,80.0,1740.0,16.0,1481.0,31.0,15.0,1.0,1.319993586000237,1498.0,242.0,1499.0,1.0,1358.0,29.0,28.0,1.0,1.470198466000511,1358.0,351.0,1050.0,93.0,915.0,133.0,40.0,0.0,,,,31.0,4.885076675000164,48.87096774193548,57.0,1.930100038922786,49.0,1.0,241.06451612903226,251.0,3.3881718723873244,241.0,3.0,82.87096774193549,84.0,1.0698789646307743,83.0,1.0,60.45161290322581,65.0,1.131334059145173,60.0,0.0,29.64516129032258,31.0,0.8631669780812679,30.0,1.0,19.225806451612904,21.0,2.3652003586868853,19.0,0.0,23.258064516129032,28.0,1.2691816498649033,22.0,-2.0,25.612903225806452,29.0,1.360204428536001,27.0,3.0,,,,,,,,,,,,,,,,,,,,,,,,,,,,,,,,,,,,,,,,,,,
B,20260729_161357,8.0,2026-07-29 16:16:05,70.0,1388.4,303.8,6.0,0.1699454939998759,98.0,178.0,588.0,,,current pose direct MOVEP lift-hover sample;void_20260729,1742.0,44.0,1206.0,126.0,82.0,1.0,1.4450689129998864,1246.0,75.0,1740.0,0.0,1381.0,66.0,66.0,1.0,1.2751234190000105,1405.0,72.0,1739.0,-19.0,1423.0,159.0,178.0,1.0,1.4450689129998864,1462.0,249.0,1741.0,14.0,1425.0,45.0,31.0,1.0,1.4450689129998864,1465.0,286.0,1499.0,0.0,1364.0,151.0,151.0,1.0,1.4450689129998864,1364.0,143.0,1050.0,93.0,915.0,173.0,80.0,1.0,1.4450689129998864,915.0,79.0,33.0,4.940229613999691,202.5151515151515,207.0,2.217304015748693,199.0,-8.0,538.2121212121212,543.0,2.026454969369756,537.0,-6.0,81.18181818181819,83.0,1.2420546382981332,83.0,3.0,66.57575757575758,68.0,0.8538789577942649,68.0,2.0,157.72727272727272,161.0,1.6194411170772591,156.0,-5.0,30.21212121212121,31.0,0.945726456625893,31.0,2.0,129.8181818181818,132.0,1.3132090109103305,127.0,-5.0,72.6969696969697,75.0,1.029411378876547,72.0,-3.0,,,,,,,,,,,,,,,,,,,,,,,,,,,,,,,,,,,,,,,,,,,
B,20260729_161357,9.0,2026-07-29 16:16:18,70.0,1375.0,318.4,6.0,0.30018742700031,305.1666666666667,903.0,1831.0,,,current pose direct MOVEP lift-hover sample;void_20260729,1742.0,42.0,1214.0,124.0,82.0,1.0,1.4700568360003672,1214.0,82.0,1742.0,-2.0,1382.0,57.0,59.0,1.0,1.1698694090000572,1394.0,74.0,1742.0,-21.0,1441.0,64.0,85.0,1.0,1.3201709040004062,1463.0,140.0,1741.0,15.0,1427.0,918.0,903.0,1.0,1.4700568360003672,1427.0,903.0,1500.0,1.0,1377.0,608.0,607.0,1.0,1.4700568360003672,1377.0,607.0,1050.0,92.0,916.0,187.0,95.0,1.0,1.4700568360003672,916.0,95.0,36.0,4.9749453179993,373.8888888888889,378.0,1.7916128329552332,371.0,-7.0,903.8055555555555,912.0,3.2559300125944937,898.0,-14.0,83.72222222222223,85.0,1.2158927015688494,84.0,1.0,103.5,105.0,0.8660254037844386,105.0,2.0,35.44444444444444,37.0,0.926296222251837,36.0,2.0,307.25,314.0,3.3197640478403483,302.0,-12.0,288.22222222222223,293.0,2.4279748203791285,284.0,-9.0,85.66666666666667,87.0,0.8498365855987975,87.0,2.0,,,,,,,,,,,,,,,,,,,,,,,,,,,,,,,,,,,,,,,,,,,
B,20260729_162611,0.0,2026-07-29 16:26:31,70.0,1377.2,316.2,6.0,0.7900950379998903,452.5,960.0,2715.0,,,current pose direct MOVEP lift-hover sample;void_20260729,1742.0,50.0,1254.0,131.0,81.0,1.0,3.6874875630001043,1254.0,81.0,1742.0,1.0,1341.0,280.0,279.0,1.0,3.6874875630001043,1341.0,279.0,1742.0,-16.0,1448.0,421.0,437.0,1.0,2.897392525000214,1463.0,454.0,1741.0,21.0,1446.0,644.0,623.0,1.0,2.897392525000214,1463.0,420.0,1500.0,-3.0,1366.0,957.0,960.0,1.0,2.897392525000214,1365.0,229.0,1047.0,91.0,907.0,426.0,335.0,1.0,2.897392525000214,907.0,130.0,37.0,4.923178869000367,1270.7567567567567,1278.0,2.8513193286276612,1267.0,-11.0,2658.324324324324,2673.0,5.8312024352409235,2651.0,-22.0,77.54054054054055,79.0,0.8881987419002694,77.0,-2.0,257.81081081081084,261.0,0.9819406553829703,257.0,-4.0,437.2162162162162,439.0,0.5268537483680521,437.0,0.0,615.0,618.0,1.4142135623730951,613.0,-5.0,944.1081081081081,949.0,2.227394354382326,942.0,-7.0,326.64864864864865,329.0,0.8126106150471842,325.0,-4.0,,,,,,,,,,,,,,,,,,,,,,,,,,,,,,,,,,,,,,,,,,,
B,20260729_162611,1.0,2026-07-29 16:26:43,70.0,1420.75,259.0,5.0,0.25901126300050237,325.3333333333333,938.0,1952.0,,,current pose direct MOVEP lift-hover sample;void_20260729,1742.0,46.0,1254.0,98.0,52.0,0.0,,,,1740.0,-2.0,1396.0,45.0,47.0,1.0,1.148654546999751,1414.0,71.0,1739.0,-17.0,1415.0,921.0,938.0,1.0,1.4076658100002533,1422.0,679.0,1741.0,17.0,1435.0,84.0,67.0,1.0,1.2829372839996722,1457.0,84.0,1499.0,1.0,1390.0,581.0,580.0,1.0,1.4076658100002533,1390.0,317.0,1050.0,94.0,916.0,362.0,268.0,1.0,1.4076658100002533,916.0,186.0,38.0,4.936810100000002,879.7105263157895,886.0,2.3385543750567255,877.0,-9.0,1923.0526315789473,1930.0,2.416471638578736,1921.0,-9.0,50.21052631578947,52.0,1.2598641266932447,52.0,3.0,61.526315789473685,62.0,0.7517293082676685,62.0,2.0,906.421052631579,911.0,2.1960680047394807,904.0,-7.0,25.18421052631579,26.0,0.8842261903374443,26.0,2.0,614.3947368421053,619.0,1.7250396438497249,612.0,-7.0,265.3157894736842,267.0,0.7292845505553168,265.0,-2.0,,,,,,,,,,,,,,,,,,,,,,,,,,,,,,,,,,,,,,,,,,,
B,20260729_162611,3.0,2026-07-29 16:27:12,70.0,1400.8,292.6,6.0,0.410181637000278,294.0,589.0,1764.0,,,current pose direct MOVEP lift-hover sample;bad_grasp;void_20260729,1742.0,44.0,1205.0,127.0,83.0,1.0,1.4051331669998035,1254.0,75.0,1742.0,-2.0,1420.0,43.0,45.0,1.0,1.2199252909995266,1465.0,70.0,1742.0,-21.0,1427.0,385.0,406.0,1.0,1.4051331669998035,1448.0,190.0,1741.0,17.0,1427.0,523.0,506.0,1.0,1.4051331669998035,1451.0,134.0,1500.0,0.0,1386.0,589.0,589.0,1.0,1.6301069279998046,1386.0,303.0,1047.0,93.0,915.0,228.0,135.0,1.0,1.6301069279998046,915.0,80.0,6.0,4.812756192999586,736.3333333333334,745.0,7.695597587076797,737.0,11.0,1750.1666666666667,1762.0,11.021443744910293,1750.0,14.0,80.66666666666667,83.0,1.1055415967851334,80.0,0.0,49.166666666666664,50.0,0.37267799624996495,50.0,1.0,391.0,393.0,2.160246899469287,392.0,4.0,493.0,495.0,1.2909944487358056,491.0,-2.0,596.3333333333334,604.0,6.847546194724712,598.0,11.0,140.0,141.0,1.0,139.0,0.0,,,,,,,,,,,,,,,,,,,,,,,,,,,,,,,,,,,,,,,,,,,
B,20260729_162611,4.0,2026-07-29 16:27:26,70.0,1378.2,315.2,6.0,0.14510239799983538,299.8333333333333,702.0,1799.0,,,current pose direct MOVEP lift-hover sample;void_20260729,1742.0,44.0,1202.0,129.0,85.0,1.0,1.5351174759998685,1213.0,83.0,1741.0,-4.0,1382.0,62.0,66.0,1.0,1.390015078000033,1394.0,71.0,1742.0,-20.0,1449.0,299.0,319.0,1.0,1.390015078000033,1457.0,301.0,1742.0,15.0,1449.0,501.0,486.0,1.0,1.390015078000033,1459.0,436.0,1500.0,0.0,1369.0,702.0,702.0,1.0,1.390015078000033,1368.0,181.0,1050.0,91.0,915.0,232.0,141.0,1.0,1.390015078000033,915.0,96.0,35.0,4.989839025999572,831.2857142857143,833.0,1.0301575072754257,830.0,-3.0,1789.4285714285713,1794.0,2.308811868667077,1784.0,-10.0,82.45714285714286,84.0,0.966373401445015,83.0,0.0,63.77142857142857,65.0,0.636315927180574,62.0,-2.0,328.0,328.0,0.0,328.0,0.0,483.9142857142857,486.0,0.8407965125464092,481.0,-5.0,696.4285714285714,698.0,1.1284810090360857,695.0,-3.0,134.85714285714286,135.0,0.3499271061118826,135.0,0.0,,,,,,,,,,,,,,,,,,,,,,,,,,,,,,,,,,,,,,,,,,,
B,20260729_162611,6.0,2026-07-29 16:28:03,70.0,1329.6666666666667,411.0,3.0,2.0616850989999875,62.833333333333336,89.0,377.0,,,current pose direct MOVEP lift-hover sample;bad_grasp;void_20260729,1742.0,44.0,1207.0,127.0,83.0,1.0,6.527378005000173,1207.0,83.0,1741.0,-2.0,1357.0,72.0,74.0,1.0,4.465692906000186,1357.0,76.0,1739.0,-19.0,1425.0,70.0,89.0,1.0,6.527378005000173,1425.0,89.0,1741.0,17.0,1431.0,46.0,29.0,0.0,,,,1500.0,0.0,1374.0,63.0,63.0,0.0,,,,1049.0,93.0,904.0,132.0,39.0,0.0,,,,6.0,5.374762029000522,104.33333333333333,105.0,0.9428090415820634,103.0,-2.0,379.8333333333333,383.0,2.1147629234082532,379.0,-1.0,81.0,83.0,1.1547005383792515,82.0,2.0,75.16666666666667,76.0,0.8975274678557507,75.0,-1.0,91.16666666666667,92.0,0.37267799624996495,91.0,0.0,28.166666666666668,29.0,0.37267799624996495,28.0,0.0,63.0,63.0,0.0,63.0,0.0,41.333333333333336,42.0,0.9428090415820634,40.0,-2.0,,,,,,,,,,,,,,,,,,,,,,,,,,,,,,,,,,,,,,,,,,,
B,20260729_162611,8.0,2026-07-29 16:28:37,70.0,1375.8,317.0,6.0,0.29528477500025474,475.0,979.0,2850.0,,,current pose direct MOVEP lift-hover sample;void_20260729,1742.0,44.0,1211.0,123.0,79.0,1.0,1.4699060560005819,1214.0,83.0,1742.0,-1.0,1368.0,56.0,57.0,1.0,1.3149614180001663,1394.0,73.0,1739.0,-17.0,1422.0,949.0,966.0,1.0,1.610246193000421,1426.0,871.0,1742.0,17.0,1453.0,517.0,500.0,1.0,1.4699060560005819,1471.0,509.0,1499.0,0.0,1376.0,979.0,979.0,1.0,1.4699060560005819,1374.0,174.0,1050.0,92.0,916.0,361.0,269.0,1.0,1.610246193000421,916.0,220.0,31.0,6.510612066999784,791.1612903225806,1019.0,183.26274048466036,526.0,-493.0,1698.516129032258,2173.0,369.17710331333126,1175.0,-998.0,63.064516129032256,65.0,1.7026636413415028,63.0,0.0,76.74193548387096,82.0,4.134572895486998,82.0,11.0,610.6451612903226,869.0,193.52928400350544,342.0,-527.0,156.90322580645162,162.0,2.414403535634094,162.0,11.0,595.1612903225806,760.0,133.52445632559133,400.0,-360.0,196.0,259.0,49.77692171562913,126.0,-133.0,,,,,,,,,,,,,,,,,,,,,,,,,,,,,,,,,,,,,,,,,,,
B,20260729_162611,9.0,2026-07-29 16:28:51,70.0,1366.0,327.2,5.0,0.38386974000059126,45.166666666666664,73.0,271.0,,,current pose direct MOVEP lift-hover sample;bad_grasp;void_20260729,1742.0,44.0,1242.0,102.0,58.0,1.0,1.3616428169998471,1247.0,74.0,1742.0,-4.0,1374.0,69.0,73.0,1.0,1.3616428169998471,1394.0,74.0,1741.0,-19.0,1352.0,38.0,57.0,1.0,1.7455125570004384,1370.0,136.0,1741.0,17.0,1441.0,49.0,32.0,1.0,1.4867589830000725,1459.0,404.0,1500.0,0.0,1360.0,25.0,25.0,1.0,1.4867589830000725,1360.0,118.0,1050.0,93.0,915.0,119.0,26.0,0.0,,,,34.0,4.991719903999183,50.1764705882353,54.0,1.1496953109230625,50.0,0.0,274.7647058823529,293.0,3.7342518230832655,272.0,-2.0,69.55882352941177,71.0,0.8113596602431601,69.0,0.0,71.76470588235294,73.0,0.596993621476013,70.0,-2.0,53.76470588235294,68.0,2.5674297462111997,53.0,0.0,29.5,32.0,0.9471318934179187,30.0,0.0,25.294117647058822,30.0,1.0718157151934469,25.0,0.0,24.88235294117647,27.0,0.7957499563805108,25.0,0.0,,,,,,,,,,,,,,,,,,,,,,,,,,,,,,,,,,,,,,,,,,,
C,20260729_163325,0.0,2026-07-29 16:33:41,70.0,1355.8,337.6,6.0,0.44263225499980763,113.0,224.0,678.0,,,current pose direct MOVEP lift-hover sample;void_20260729,1742.0,50.0,1209.0,131.0,81.0,1.0,1.6195318430000043,1211.0,81.0,1742.0,2.0,1239.0,98.0,96.0,1.0,1.1768995880001967,1403.0,70.0,1742.0,-14.0,1381.0,139.0,153.0,1.0,1.6195318430000043,1394.0,262.0,1741.0,21.0,1378.0,65.0,44.0,1.0,1.6195318430000043,1392.0,124.0,1500.0,-3.0,1379.0,221.0,224.0,1.0,1.6195318430000043,1379.0,135.0,1047.0,88.0,916.0,168.0,80.0,1.0,1.6195318430000043,917.0,107.0,31.0,4.904108571000506,115.54838709677419,117.0,1.0422899626711943,116.0,-1.0,393.258064516129,397.0,2.1093913192608795,392.0,-4.0,58.67741935483871,59.0,0.6903527277107321,57.0,-2.0,85.6774193548387,87.0,0.7782153601170851,86.0,0.0,92.7741935483871,95.0,0.9741721851962257,91.0,-3.0,40.58064516129032,42.0,0.7940989435542691,42.0,2.0,57.87096774193548,59.0,0.975239771472966,57.0,-2.0,57.67741935483871,59.0,0.5895376413708731,59.0,1.0,,,,,,,,,,,,,,,,,,,,,,,,,,,,,,,,,,,,,,,,,,,
C,20260729_163325,1.0,2026-07-29 16:33:54,70.0,1378.4,314.2,6.0,0.44530117999966023,311.8333333333333,745.0,1871.0,,,current pose direct MOVEP lift-hover sample;void_20260729,1742.0,44.0,1207.0,109.0,65.0,1.0,1.4646876560000237,1240.0,75.0,1740.0,-2.0,1233.0,94.0,96.0,1.0,1.1697237220005263,1455.0,70.0,1739.0,-17.0,1384.0,361.0,378.0,1.0,1.6150249020001866,1417.0,289.0,1743.0,17.0,1377.0,412.0,395.0,1.0,1.6150249020001866,1419.0,113.0,1499.0,1.0,1362.0,746.0,745.0,1.0,1.6150249020001866,1361.0,87.0,1050.0,92.0,915.0,284.0,192.0,1.0,1.6150249020001866,915.0,98.0,33.0,4.984739595000065,401.5151515151515,409.0,3.5429931886215806,397.0,-12.0,884.4545454545455,900.0,5.673387684945518,880.0,-19.0,62.121212121212125,63.0,1.1216215468679847,63.0,0.0,49.42424242424242,51.0,0.6527472493496368,51.0,2.0,49.36363636363637,51.0,1.1759762370868032,51.0,3.0,322.030303030303,330.0,3.7617279111958117,318.0,-12.0,244.24242424242425,251.0,2.850096256006666,241.0,-10.0,157.27272727272728,159.0,0.9300611668619883,156.0,-2.0,,,,,,,,,,,,,,,,,,,,,,,,,,,,,,,,,,,,,,,,,,,
C,20260729_163325,2.0,2026-07-29 16:34:07,70.0,1356.6,336.0,5.0,0.6153276180002649,102.16666666666667,239.0,613.0,,,current pose direct MOVEP lift-hover sample;void_20260729,1742.0,42.0,1211.0,124.0,82.0,1.0,1.3352565970008072,1258.0,73.0,1741.0,-4.0,1234.0,84.0,88.0,1.0,1.1700722450004832,1393.0,77.0,1739.0,-19.0,1375.0,58.0,77.0,1.0,1.7853998630007482,1375.0,77.0,1742.0,15.0,1381.0,254.0,239.0,1.0,1.7853998630007482,1381.0,239.0,1499.0,0.0,1376.0,81.0,81.0,1.0,1.7853998630007482,1376.0,81.0,1047.0,93.0,916.0,139.0,46.0,0.0,,,,34.0,4.924766893000196,65.0,66.0,0.9701425001453319,65.0,-1.0,336.38235294117646,339.0,1.590684386234113,338.0,1.0,65.20588235294117,67.0,0.5830655176940885,65.0,0.0,93.70588235294117,95.0,0.8921029934178295,95.0,2.0,68.79411764705883,70.0,0.9003075214714099,69.0,-1.0,43.6764705882353,45.0,0.6287517154832927,44.0,1.0,33.970588235294116,34.0,0.1689577248981773,34.0,0.0,31.029411764705884,32.0,0.9230796956750127,31.0,-1.0,,,,,,,,,,,,,,,,,,,,,,,,,,,,,,,,,,,,,,,,,,,
C,20260729_163325,3.0,2026-07-29 16:34:20,70.0,1360.6,331.6,6.0,0.4349750520004818,353.8333333333333,643.0,2123.0,,,current pose direct MOVEP lift-hover sample;void_20260729,1742.0,44.0,1211.0,122.0,78.0,1.0,1.3898504150001827,1247.0,76.0,1739.0,-2.0,1233.0,84.0,86.0,1.0,1.3898504150001827,1402.0,73.0,1739.0,-21.0,1384.0,614.0,635.0,1.0,1.6748385589999089,1416.0,265.0,1741.0,15.0,1375.0,425.0,410.0,1.0,1.8248254670006645,1375.0,410.0,1500.0,0.0,1363.0,643.0,643.0,1.0,1.8248254670006645,1363.0,643.0,1046.0,93.0,916.0,364.0,271.0,1.0,1.6748385589999089,916.0,91.0,34.0,4.940224101999775,778.1176470588235,787.0,3.419362736313793,774.0,-13.0,1565.0294117647059,1590.0,9.027687131713021,1553.0,-37.0,60.411764705882355,63.0,0.8784226190040046,60.0,0.0,44.5,45.0,0.8488746876271654,45.0,0.0,123.52941176470588,125.0,0.605625302411,123.0,-2.0,558.4705882352941,573.0,5.579559829347953,551.0,-22.0,494.8529411764706,502.0,3.4052930507146777,491.0,-11.0,283.2647058823529,285.0,0.5034483167242262,283.0,-2.0,,,,,,,,,,,,,,,,,,,,,,,,,,,,,,,,,,,,,,,,,,,
C,20260729_163325,4.0,2026-07-29 16:34:33,70.0,1364.6,328.4,6.0,0.3049959089994445,220.5,443.0,1323.0,,,current pose direct MOVEP lift-hover sample;void_20260729,1742.0,44.0,1211.0,127.0,83.0,1.0,1.3592625239998597,1254.0,71.0,1742.0,-5.0,1244.0,109.0,114.0,1.0,1.3592625239998597,1407.0,71.0,1739.0,-19.0,1386.0,221.0,240.0,1.0,1.5042812259998755,1410.0,337.0,1742.0,15.0,1367.0,268.0,253.0,1.0,1.6642584329993042,1382.0,676.0,1500.0,0.0,1371.0,443.0,443.0,1.0,1.5042812259998755,1370.0,77.0,1050.0,93.0,916.0,283.0,190.0,1.0,1.5042812259998755,916.0,108.0,36.0,4.929838617000314,303.6666666666667,305.0,0.7817359599705717,303.0,0.0,692.5277777777778,699.0,2.4208138107200314,696.0,6.0,60.75,63.0,1.114924013354971,63.0,3.0,92.41666666666667,94.0,0.7216878364870323,92.0,0.0,199.44444444444446,201.0,0.6849348892187751,200.0,1.0,36.25,38.0,0.5951190357119042,38.0,2.0,177.16666666666666,178.0,0.9860132971832694,176.0,-2.0,126.5,127.0,0.6871842709362768,127.0,2.0,,,,,,,,,,,,,,,,,,,,,,,,,,,,,,,,,,,,,,,,,,,
C,20260729_163325,5.0,2026-07-29 16:34:46,70.0,1359.8,333.2,6.0,0.30000820999975986,226.33333333333334,703.0,1358.0,,,current pose direct MOVEP lift-hover sample;void_20260729,1742.0,44.0,1213.0,125.0,81.0,1.0,1.4304863930001375,1223.0,82.0,1742.0,-4.0,1244.0,95.0,99.0,1.0,1.2904048660002445,1402.0,72.0,1739.0,-21.0,1369.0,278.0,299.0,1.0,1.4304863930001375,1417.0,155.0,1742.0,15.0,1363.0,64.0,49.0,1.0,1.5904130760000044,1381.0,697.0,1500.0,0.0,1376.0,703.0,703.0,1.0,1.5904130760000044,1376.0,637.0,1050.0,93.0,917.0,220.0,127.0,1.0,1.5904130760000044,916.0,295.0,34.0,4.959938730999966,73.0,74.0,0.8401680504168059,74.0,0.0,346.0,352.0,4.721664711418931,351.0,14.0,78.97058823529412,80.0,0.9230796956750127,80.0,2.0,93.97058823529412,95.0,0.9544106317404678,95.0,0.0,56.6764705882353,57.0,0.6287517154832927,57.0,2.0,43.38235294117647,46.0,3.638153263614684,45.0,10.0,34.0,34.0,0.0,34.0,0.0,39.0,40.0,0.8401680504168059,40.0,0.0,,,,,,,,,,,,,,,,,,,,,,,,,,,,,,,,,,,,,,,,,,,
C,20260729_163325,6.0,2026-07-29 16:34:58,70.0,1350.8,342.0,5.0,0.4499680870003431,117.5,182.0,705.0,,,current pose direct MOVEP lift-hover sample;void_20260729,1742.0,44.0,1214.0,123.0,79.0,1.0,1.445216058999904,1226.0,80.0,1740.0,-4.0,1238.0,88.0,92.0,1.0,1.1403763709995474,1401.0,72.0,1742.0,-22.0,1378.0,142.0,164.0,1.0,1.5903444579998904,1378.0,164.0,1741.0,14.0,1368.0,196.0,182.0,1.0,1.5903444579998904,1368.0,182.0,1499.0,0.0,1381.0,119.0,119.0,1.0,1.5903444579998904,1381.0,119.0,1050.0,93.0,916.0,162.0,69.0,0.0,,,,35.0,4.900462628999776,62.6,67.0,1.4579829511054943,64.0,-3.0,338.6,343.0,3.9655660738051366,340.0,1.0,65.42857142857143,69.0,3.7666636566118847,67.0,9.0,95.51428571428572,97.0,0.8060991988380506,95.0,-2.0,73.28571428571429,76.0,0.7772268862134539,73.0,-3.0,41.77142857142857,43.0,0.8971610553204332,41.0,0.0,30.942857142857143,34.0,1.0675166681296802,32.0,-2.0,31.65714285714286,33.0,0.7148569144683888,32.0,-1.0,,,,,,,,,,,,,,,,,,,,,,,,,,,,,,,,,,,,,,,,,,,
C,20260729_163325,7.0,2026-07-29 16:35:11,70.0,1359.8,333.0,6.0,0.32007711000005656,391.5,698.0,2349.0,,,current pose direct MOVEP lift-hover sample;void_20260729,1742.0,44.0,1213.0,104.0,60.0,1.0,1.5046468629998344,1213.0,80.0,1741.0,-4.0,1239.0,87.0,91.0,1.0,1.354759496999577,1396.0,74.0,1739.0,-21.0,1378.0,660.0,681.0,1.0,1.6748366069996337,1410.0,215.0,1743.0,15.0,1379.0,570.0,555.0,1.0,1.6748366069996337,1415.0,258.0,1499.0,0.0,1365.0,698.0,698.0,1.0,1.6748366069996337,1365.0,93.0,1047.0,91.0,915.0,355.0,264.0,1.0,1.6748366069996337,915.0,79.0,35.0,4.920176576000813,57.542857142857144,59.0,0.730669248716824,58.0,2.0,326.2,330.0,2.594499676513484,329.0,4.0,67.62857142857143,69.0,0.8971610553204332,69.0,2.0,94.65714285714286,95.0,0.6298687910013886,95.0,0.0,62.91428571428571,64.0,0.7698396334461417,63.0,0.0,43.457142857142856,44.0,0.7687785169756406,44.0,0.0,27.114285714285714,29.0,0.4642307659791977,27.0,0.0,30.428571428571427,32.0,0.6452337023220694,31.0,2.0,,,,,,,,,,,,,,,,,,,,,,,,,,,,,,,,,,,,,,,,,,,
C,20260729_163325,8.0,2026-07-29 16:35:24,70.0,1357.75,323.75,4.0,0.580073970999365,228.33333333333334,671.0,1370.0,,,current pose direct MOVEP lift-hover sample;void_20260729,1742.0,43.0,1211.0,122.0,79.0,1.0,1.354610512000363,1250.0,73.0,1742.0,-6.0,1232.0,85.0,91.0,1.0,1.2045645450007214,1397.0,75.0,1741.0,-21.0,1375.0,29.0,50.0,0.0,,,,1742.0,15.0,1380.0,686.0,671.0,1.0,1.6450570060005703,1416.0,199.0,1500.0,0.0,1368.0,441.0,441.0,1.0,1.7846385160000864,1368.0,441.0,1047.0,91.0,910.0,129.0,38.0,0.0,,,,35.0,4.939884944000369,56.42857142857143,58.0,0.8030553898602969,57.0,0.0,313.9714285714286,318.0,1.5581255090783976,316.0,3.0,70.0,71.0,0.3380617018914066,70.0,0.0,82.48571428571428,84.0,0.7317856271351827,82.0,-1.0,55.42857142857143,57.0,0.9345958419312073,57.0,3.0,49.628571428571426,50.0,0.5897076411585798,50.0,1.0,29.0,29.0,0.0,29.0,0.0,27.428571428571427,29.0,0.8030553898602969,28.0,0.0,,,,,,,,,,,,,,,,,,,,,,,,,,,,,,,,,,,,,,,,,,,
C,20260729_163325,9.0,2026-07-29 16:35:37,70.0,1352.0,328.75,4.0,0.6146442689996547,149.5,481.0,897.0,,,current pose direct MOVEP lift-hover sample;void_20260729,1742.0,44.0,1211.0,124.0,80.0,1.0,1.3448311359998115,1254.0,72.0,1739.0,-4.0,1234.0,81.0,85.0,1.0,1.1950781599998663,1393.0,76.0,1739.0,-21.0,1369.0,31.0,52.0,0.0,,,,1742.0,15.0,1379.0,496.0,481.0,1.0,1.809722428999521,1379.0,481.0,1500.0,0.0,1382.0,161.0,161.0,1.0,1.809722428999521,1382.0,161.0,1050.0,93.0,916.0,131.0,38.0,0.0,,,,33.0,4.889722312000231,71.42424242424242,99.0,6.367675485822565,68.0,-31.0,329.969696969697,367.0,8.429690847650376,327.0,-40.0,58.878787878787875,60.0,0.945726456625893,60.0,2.0,79.06060606060606,80.0,0.8855538906789369,80.0,2.0,72.9090909090909,80.0,2.1653418284787693,71.0,-9.0,47.696969696969695,52.0,1.3592522116367154,48.0,-4.0,40.75757575757576,62.0,4.874362758850315,38.0,-24.0,30.666666666666668,37.0,1.5504968249049735,30.0,-7.0,,,,,,,,,,,,,,,,,,,,,,,,,,,,,,,,,,,,,,,,,,,
A,20260729_173607,0.0,2026-07-29 17:36:24,70.0,1410.2,282.8,6.0,0.29542456499984837,677.3333333333334,1483.0,4064.0,,,current pose direct MOVEP lift-hover sample,1742.0,52.0,1214.0,131.0,79.0,1.0,1.4353897670007427,1214.0,79.0,1741.0,4.0,1367.0,754.0,750.0,1.0,1.1399652020008944,1451.0,222.0,1742.0,-12.0,1477.0,612.0,624.0,1.0,1.279681291000088,1503.0,335.0,1741.0,23.0,1486.0,729.0,706.0,1.0,1.279681291000088,1508.0,521.0,1499.0,-5.0,1379.0,1478.0,1483.0,1.0,1.1399652020008944,1375.0,94.0,1049.0,91.0,918.0,513.0,422.0,1.0,1.1399652020008944,916.0,128.0,28.0,4.606232881000324,1994.642857142857,2013.0,8.763619138698536,1982.0,-31.0,4178.607142857143,4218.0,20.279016751513453,4149.0,-69.0,80.75,81.0,0.4330127018922193,81.0,1.0,561.0714285714286,574.0,6.535226367423656,552.0,-22.0,969.1785714285714,979.0,5.425163403915469,961.0,-18.0,572.9642857142857,573.0,0.18557687223952254,573.0,1.0,1577.642857142857,1593.0,7.187361356249324,1568.0,-25.0,417.0,420.0,1.6690459207925603,414.0,-6.0,,,,,,,,,,,,,,,,,,,,,,,,,,,,,,,,,,,,,,,,,,,
A,20260729_173607,1.0,2026-07-29 17:36:36,70.0,1415.0,277.8,6.0,0.3350594170005934,471.3333333333333,941.0,2828.0,,,current pose direct MOVEP lift-hover sample,1742.0,46.0,1257.0,116.0,70.0,1.0,1.410128898000039,1257.0,70.0,1739.0,0.0,1344.0,259.0,259.0,1.0,1.2402741519999836,1389.0,114.0,1742.0,-19.0,1482.0,567.0,586.0,1.0,1.2402741519999836,1504.0,352.0,1742.0,19.0,1509.0,711.0,692.0,1.0,1.0750694809994457,1550.0,295.0,1499.0,1.0,1376.0,942.0,941.0,1.0,1.0750694809994457,1375.0,191.0,1050.0,94.0,916.0,374.0,280.0,1.0,1.2402741519999836,916.0,105.0,22.0,4.439137183000639,1352.8181818181818,1368.0,6.407640067893126,1345.0,-23.0,2986.5,3015.0,11.968709203585824,2970.0,-45.0,84.27272727272727,85.0,0.9136250564655355,83.0,0.0,171.54545454545453,178.0,2.8719216361693296,168.0,-10.0,240.04545454545453,241.0,0.20829889522526546,240.0,-1.0,1137.8181818181818,1145.0,2.994485289454655,1134.0,-11.0,1135.5,1147.0,4.802934708923474,1130.0,-17.0,217.3181818181818,221.0,1.6891731069147315,215.0,-6.0,,,,,,,,,,,,,,,,,,,,,,,,,,,,,,,,,,,,,,,,,,,
A,20260729_173607,2.0,2026-07-29 17:36:50,70.0,1479.25,201.25,5.0,0.29508472999987134,553.3333333333334,1100.0,3320.0,,,current pose direct MOVEP lift-hover sample,1742.0,46.0,1305.0,102.0,56.0,0.0,,,,1742.0,-2.0,1427.0,526.0,528.0,1.0,1.1501393290000124,1495.0,156.0,1739.0,-17.0,1507.0,639.0,656.0,1.0,1.3053329459999077,1548.0,113.0,1742.0,25.0,1508.0,642.0,617.0,1.0,1.4452240589998837,1508.0,617.0,1499.0,0.0,1360.0,1100.0,1100.0,1.0,1.1501393290000124,1366.0,71.0,1050.0,93.0,931.0,456.0,363.0,1.0,1.1501393290000124,917.0,90.0,23.0,4.827708729999358,1880.3478260869565,1890.0,5.188689167227314,1871.0,-19.0,3963.3478260869565,3987.0,12.658074225575904,3941.0,-46.0,64.56521739130434,65.0,0.8249419983047945,63.0,-2.0,315.1304347826087,317.0,0.4476360930863913,317.0,2.0,826.3913043478261,833.0,3.1310385891111014,821.0,-12.0,876.9130434782609,884.0,4.106337027171337,869.0,-15.0,1537.7391304347825,1546.0,4.214028242248149,1530.0,-16.0,342.60869565217394,344.0,1.093026529563177,341.0,-3.0,,,,,,,,,,,,,,,,,,,,,,,,,,,,,,,,,,,,,,,,,,,
A,20260729_173607,3.0,2026-07-29 17:37:13,70.0,1490.0,191.25,5.0,0.0,612.8333333333334,1378.0,3677.0,,,current pose direct MOVEP lift-hover sample,1741.0,46.0,1266.0,113.0,67.0,0.0,,,,1742.0,-2.0,1422.0,560.0,562.0,1.0,5.779933317000541,1469.0,161.0,1742.0,-19.0,1531.0,621.0,640.0,1.0,5.779933317000541,1563.0,221.0,1741.0,19.0,1539.0,704.0,685.0,1.0,5.779933317000541,1570.0,567.0,1500.0,1.0,1359.0,1379.0,1378.0,1.0,5.779933317000541,1358.0,776.0,1047.0,93.0,910.0,438.0,345.0,1.0,5.779933317000541,908.0,137.0,32.0,4.6884404869997525,1704.25,1708.0,1.9685019685029528,1702.0,-6.0,3611.3125,3619.0,3.330141701189305,3608.0,-9.0,65.0,65.0,0.0,65.0,0.0,535.875,538.0,1.0825317547305484,535.0,-3.0,629.4375,631.0,0.8267972847076845,629.0,-2.0,676.75,677.0,0.5590169943749475,677.0,2.0,1363.1875,1365.0,1.2103072956898178,1362.0,-3.0,341.0625,343.0,0.9333240326917549,340.0,-3.0,,,,,,,,,,,,,,,,,,,,,,,,,,,,,,,,,,,,,,,,,,,
A,20260729_173607,4.0,2026-07-29 17:37:25,70.0,1433.8,259.2,6.0,0.1451911789990845,632.0,1101.0,3792.0,,,current pose direct MOVEP lift-hover sample,1742.0,45.0,1249.0,120.0,75.0,1.0,1.360135351000281,1249.0,75.0,1741.0,-2.0,1406.0,656.0,658.0,1.0,1.2149441720011964,1457.0,199.0,1741.0,-17.0,1509.0,757.0,774.0,1.0,1.2149441720011964,1548.0,253.0,1742.0,20.0,1514.0,828.0,808.0,1.0,1.2149441720011964,1547.0,418.0,1499.0,0.0,1373.0,1101.0,1101.0,1.0,1.2149441720011964,1368.0,235.0,1050.0,93.0,915.0,469.0,376.0,1.0,1.2149441720011964,915.0,138.0,34.0,4.909639681998669,1900.235294117647,1915.0,6.324828867851877,1892.0,-23.0,4150.705882352941,4175.0,11.64304743755766,4135.0,-40.0,83.58823529411765,84.0,0.6910200073218077,84.0,2.0,589.7647058823529,600.0,4.881289749582293,583.0,-17.0,947.4117647058823,950.0,1.41665818574027,946.0,-4.0,629.7058823529412,630.0,0.5161743757289483,630.0,2.0,1490.1470588235295,1501.0,4.887753922642229,1484.0,-17.0,410.0882352941176,414.0,1.5786749294493698,408.0,-6.0,,,,,,,,,,,,,,,,,,,,,,,,,,,,,,,,,,,,,,,,,,,
A,20260729_173607,5.0,2026-07-29 17:37:47,70.0,1444.2,248.8,6.0,0.3097637920000125,623.1666666666666,1152.0,3739.0,,,current pose direct MOVEP lift-hover sample,1742.0,44.0,1256.0,118.0,74.0,1.0,1.635080050000397,1256.0,74.0,1741.0,-2.0,1468.0,610.0,612.0,1.0,1.3253162580003846,1507.0,328.0,1742.0,-19.0,1522.0,595.0,614.0,1.0,1.4750455530011095,1547.0,320.0,1741.0,18.0,1509.0,958.0,940.0,1.0,1.4750455530011095,1543.0,85.0,1499.0,0.0,1363.0,1152.0,1152.0,1.0,1.3253162580003846,1368.0,83.0,1050.0,93.0,917.0,440.0,347.0,1.0,1.3253162580003846,916.0,149.0,3.0,3.4519286710001325,1976.6666666666667,1982.0,3.858612300930075,1973.0,-9.0,4293.333333333333,4304.0,7.930251502246879,4285.0,-19.0,83.66666666666667,85.0,0.9428090415820634,83.0,0.0,1005.3333333333334,1009.0,2.6246692913372702,1003.0,-6.0,342.0,342.0,0.0,342.0,0.0,885.6666666666666,888.0,1.699673171197595,884.0,-4.0,1566.6666666666667,1572.0,3.858612300930075,1563.0,-9.0,410.0,410.0,0.0,410.0,0.0,,,,,,,,,,,,,,,,,,,,,,,,,,,,,,,,,,,,,,,,,,,
A,20260729_173607,6.0,2026-07-29 17:38:14,70.0,1420.8,272.6,6.0,1.8368951749998814,654.8333333333334,1448.0,3929.0,,,current pose direct MOVEP lift-hover sample,1742.0,46.0,1206.0,129.0,83.0,1.0,3.296832105001158,1206.0,83.0,1742.0,-2.0,1428.0,999.0,1001.0,1.0,1.4599369300012768,1511.0,186.0,1742.0,-18.0,1496.0,269.0,287.0,1.0,1.7451294809998217,1513.0,726.0,1742.0,20.0,1477.0,713.0,693.0,1.0,1.7451294809998217,1512.0,145.0,1499.0,0.0,1364.0,1448.0,1448.0,1.0,1.6049468210003397,1362.0,589.0,1050.0,94.0,918.0,511.0,417.0,1.0,1.4599369300012768,916.0,93.0,9.0,5.115210713998749,1844.0,1847.0,2.1081851067789197,1841.0,-6.0,3863.0,3868.0,2.9814239699997196,3859.0,-8.0,81.77777777777777,83.0,0.7856742013183862,83.0,2.0,978.0,980.0,1.3333333333333333,976.0,-4.0,280.8888888888889,281.0,0.31426968052735443,281.0,1.0,678.3333333333334,679.0,0.4714045207910317,678.0,-1.0,1430.888888888889,1434.0,2.1314806770278754,1428.0,-6.0,413.1111111111111,414.0,0.31426968052735443,413.0,0.0,,,,,,,,,,,,,,,,,,,,,,,,,,,,,,,,,,,,,,,,,,,
A,20260729_173607,8.0,2026-07-29 17:38:36,70.0,1405.4,288.0,6.0,0.6048965480003972,569.5,1075.0,3417.0,,,current pose direct MOVEP lift-hover sample,1742.0,46.0,1214.0,125.0,79.0,1.0,1.5048326150008506,1214.0,79.0,1742.0,-2.0,1435.0,607.0,609.0,1.0,0.8999360670004535,1506.0,119.0,1742.0,-19.0,1458.0,516.0,535.0,1.0,1.195278529999996,1504.0,85.0,1742.0,21.0,1422.0,783.0,762.0,1.0,1.5048326150008506,1422.0,762.0,1499.0,-1.0,1383.0,1074.0,1075.0,1.0,1.039997805000894,1381.0,356.0,1050.0,94.0,918.0,451.0,357.0,1.0,1.039997805000894,916.0,312.0,35.0,4.940040425999541,1693.4285714285713,1722.0,14.381110059053587,1674.0,-48.0,3680.542857142857,3755.0,35.80530116947398,3630.0,-125.0,81.82857142857142,83.0,0.9098104758908947,83.0,0.0,980.0571428571428,986.0,2.9075552533048117,976.0,-10.0,152.25714285714287,161.0,4.101169569370998,146.0,-15.0,772.9714285714285,803.0,14.923587684861678,751.0,-52.0,1281.5428571428572,1305.0,11.652940418974229,1265.0,-40.0,411.8857142857143,417.0,2.785384595875186,409.0,-8.0,,,,,,,,,,,,,,,,,,,,,,,,,,,,,,,,,,,,,,,,,,,
A,20260729_173607,9.0,2026-07-29 17:38:57,70.0,1426.25,254.75,5.0,0.41993028599972604,503.8333333333333,994.0,3023.0,,,current pose direct MOVEP lift-hover sample,1742.0,46.0,1243.0,452.0,406.0,1.0,1.3198664830015332,1369.0,180.0,1741.0,-2.0,1431.0,950.0,952.0,1.0,1.1750472740004625,1503.0,397.0,1742.0,-19.0,1464.0,63.0,82.0,1.0,1.5949775600001885,1464.0,82.0,1741.0,19.0,1467.0,39.0,20.0,0.0,,,,1499.0,0.0,1363.0,994.0,994.0,1.0,1.1750472740004625,1369.0,92.0,1050.0,93.0,923.0,662.0,569.0,1.0,1.1750472740004625,910.0,185.0,27.0,5.693943807000323,1620.2592592592594,1639.0,9.061896590762528,1604.0,-35.0,3160.5925925925926,3209.0,21.34246203864625,3127.0,-82.0,150.33333333333334,165.0,5.77991413495109,142.0,-23.0,734.074074074074,737.0,1.331274130045291,733.0,-4.0,627.925925925926,642.0,6.011876677020098,618.0,-24.0,28.0,30.0,0.816496580927726,30.0,4.0,1102.3703703703704,1115.0,5.806434158810687,1091.0,-24.0,517.8888888888889,524.0,3.337034981706935,513.0,-11.0,,,,,,,,,,,,,,,,,,,,,,,,,,,,,,,,,,,,,,,,,,,
A,20260729_173607,10.0,2026-07-29 17:39:12,70.0,1442.0,178.5,3.0,0.1504194129993266,335.8333333333333,915.0,2015.0,,,current pose direct MOVEP lift-hover sample,1742.0,46.0,1267.0,112.0,66.0,0.0,,,,1741.0,-4.0,1444.0,911.0,915.0,1.0,0.9895232329999999,1504.0,86.0,1742.0,-19.0,1503.0,16.0,35.0,0.0,,,,1742.0,19.0,1499.0,37.0,18.0,0.0,,,,1500.0,0.0,1380.0,625.0,625.0,1.0,1.1399426459993265,1380.0,320.0,1050.0,93.0,916.0,449.0,356.0,1.0,1.1399426459993265,915.0,312.0,20.0,5.23390874299912,1002.5,1007.0,2.2693611435820435,999.0,-8.0,2085.9,2092.0,3.4190641994557516,2079.0,-13.0,81.15,83.0,0.47696960070847283,82.0,1.0,783.85,785.0,1.1521718621802912,781.0,-4.0,195.3,197.0,1.1,193.0,-4.0,23.1,24.0,0.8306623862918074,24.0,2.0,656.4,660.0,1.5937377450509227,653.0,-7.0,346.1,347.0,0.8888194417315589,346.0,-1.0,,,,,,,,,,,,,,,,,,,,,,,,,,,,,,,,,,,,,,,,,,,
A,20260729_173607,11.0,2026-07-29 17:39:30,70.0,1430.8,261.6,6.0,0.324759212000572,601.5,1113.0,3609.0,,,current pose direct MOVEP lift-hover sample,1742.0,44.0,1214.0,126.0,82.0,1.0,1.3449159459996736,1263.0,71.0,1741.0,-2.0,1442.0,613.0,615.0,1.0,1.0201567339991016,1509.0,109.0,1739.0,-19.0,1495.0,493.0,512.0,1.0,1.3449159459996736,1509.0,608.0,1741.0,19.0,1473.0,958.0,939.0,1.0,1.3449159459996736,1496.0,309.0,1499.0,-1.0,1380.0,1112.0,1113.0,1.0,1.1701821370006655,1377.0,381.0,1050.0,93.0,916.0,441.0,348.0,1.0,1.1701821370006655,915.0,328.0,13.0,5.170202400000562,1780.2307692307693,1788.0,5.176185797310991,1769.0,-19.0,3893.3846153846152,3907.0,9.707558209484635,3871.0,-36.0,82.46153846153847,83.0,0.9294650748918901,80.0,-1.0,1036.2307692307693,1040.0,2.965282348830213,1030.0,-10.0,289.0,289.0,0.0,289.0,0.0,705.4615384615385,709.0,1.598816130063579,703.0,-6.0,1358.076923076923,1364.0,3.872219368816375,1349.0,-15.0,422.15384615384613,424.0,1.4058205294228512,420.0,-4.0,,,,,,,,,,,,,,,,,,,,,,,,,,,,,,,,,,,,,,,,,,,
B,20260729_174004,0.0,2026-07-29 17:40:18,70.0,1324.0,417.5,2.0,0.12525840499984042,53.666666666666664,91.0,322.0,,,current pose direct MOVEP lift-hover sample;bad_grasp_auto_low_hover,1742.0,49.0,1211.0,133.0,84.0,1.0,1.6952505890003522,1250.0,70.0,1741.0,0.0,1245.0,91.0,91.0,1.0,1.5699921840005118,1398.0,71.0,1742.0,-17.0,1369.0,35.0,52.0,0.0,,,,1741.0,21.0,1378.0,57.0,36.0,0.0,,,,1499.0,-1.0,1355.0,30.0,31.0,0.0,,,,1050.0,95.0,907.0,123.0,28.0,0.0,,,,33.0,4.879634975000954,56.03030303030303,57.0,0.17141982574219333,57.0,1.0,295.6666666666667,297.0,1.063632046956621,297.0,5.0,60.15151515151515,62.0,0.5571144336621283,60.0,0.0,91.0,91.0,0.0,91.0,0.0,50.75757575757576,51.0,0.4942274675848512,51.0,0.0,37.72727272727273,38.0,0.9620913858416693,38.0,4.0,30.0,30.0,0.0,30.0,0.0,26.03030303030303,27.0,0.17141982574219333,27.0,1.0,,,,,,,,,,,,,,,,,,,,,,,,,,,,,,,,,,,,,,,,,,,
B,20260729_174004,1.0,2026-07-29 17:40:31,70.0,1393.6,299.2,6.0,0.154857327001082,596.8333333333334,1216.0,3581.0,,,current pose direct MOVEP lift-hover sample,1742.0,46.0,1211.0,129.0,83.0,1.0,1.395041219999257,1252.0,72.0,1742.0,-4.0,1299.0,121.0,125.0,1.0,1.395041219999257,1394.0,75.0,1739.0,-19.0,1454.0,839.0,858.0,1.0,1.549898547000339,1465.0,820.0,1742.0,17.0,1450.0,1008.0,991.0,1.0,1.395041219999257,1496.0,100.0,1499.0,-1.0,1364.0,1215.0,1216.0,1.0,1.549898547000339,1361.0,542.0,1050.0,93.0,915.0,401.0,308.0,1.0,1.549898547000339,915.0,292.0,23.0,4.981121038999845,1433.4347826086957,1452.0,9.338215484288307,1424.0,-28.0,3333.478260869565,3391.0,30.031678296812707,3300.0,-91.0,59.73913043478261,61.0,0.9425862342903826,61.0,3.0,85.0,89.0,2.206709137469482,82.0,-7.0,887.9130434782609,891.0,1.6658473096233057,886.0,-5.0,867.3913043478261,901.0,17.36748368656279,847.0,-54.0,1160.4347826086957,1180.0,9.6856060256019,1149.0,-31.0,273.0,275.0,0.5897678246195885,275.0,3.0,,,,,,,,,,,,,,,,,,,,,,,,,,,,,,,,,,,,,,,,,,,
B,20260729_174004,2.0,2026-07-29 17:40:44,70.0,1392.8,300.4,6.0,0.15534279200073797,606.3333333333334,1236.0,3638.0,,,current pose direct MOVEP lift-hover sample,1742.0,46.0,1215.0,123.0,77.0,1.0,1.474195366999993,1245.0,71.0,1742.0,-4.0,1284.0,81.0,85.0,1.0,1.318852574999255,1393.0,73.0,1742.0,-21.0,1453.0,912.0,933.0,1.0,1.318852574999255,1495.0,130.0,1741.0,19.0,1454.0,1054.0,1035.0,1.0,1.474195366999993,1468.0,750.0,1499.0,-1.0,1366.0,1235.0,1236.0,1.0,1.474195366999993,1363.0,498.0,1050.0,93.0,915.0,365.0,272.0,1.0,1.474195366999993,915.0,178.0,33.0,4.865290850000747,1498.6060606060605,1506.0,3.8607535293655726,1494.0,-11.0,3565.151515151515,3578.0,7.203203042255039,3557.0,-17.0,82.75757575757575,84.0,1.1554955130265223,83.0,6.0,80.0909090909091,81.0,0.3784847271756605,80.0,0.0,903.2121212121212,905.0,1.0077750998979327,903.0,-2.0,1000.4848484848485,1007.0,3.006268321269311,997.0,-10.0,1229.909090909091,1234.0,2.287828616748712,1227.0,-7.0,268.6969696969697,272.0,1.64196571929019,267.0,-4.0,,,,,,,,,,,,,,,,,,,,,,,,,,,,,,,,,,,,,,,,,,,
B,20260729_174004,3.0,2026-07-29 17:40:57,70.0,1405.6,287.6,6.0,0.3602253209992341,556.3333333333334,1074.0,3338.0,,,current pose direct MOVEP lift-hover sample,1742.0,43.0,1210.0,127.0,84.0,1.0,1.4951345900008164,1256.0,71.0,1742.0,-2.0,1297.0,82.0,84.0,1.0,1.4951345900008164,1403.0,71.0,1742.0,-21.0,1452.0,902.0,923.0,1.0,1.290002669000387,1541.0,74.0,1741.0,17.0,1444.0,916.0,899.0,1.0,1.650227989999621,1464.0,450.0,1499.0,-1.0,1366.0,1073.0,1074.0,1.0,1.650227989999621,1364.0,271.0,1050.0,94.0,915.0,368.0,274.0,1.0,1.650227989999621,915.0,149.0,13.0,5.012904953999168,1353.6153846153845,1359.0,3.6907047802754325,1348.0,-11.0,3252.076923076923,3264.0,8.306267684118824,3238.0,-26.0,61.61538461538461,63.0,1.002954216185023,63.0,0.0,82.23076923076923,83.0,0.5756395979652218,83.0,1.0,899.1538461538462,901.0,1.8332885058173822,895.0,-6.0,855.4615384615385,859.0,2.951280937423212,849.0,-10.0,1083.0,1087.0,2.8010986855435576,1078.0,-9.0,270.61538461538464,272.0,1.002954216185023,270.0,-2.0,,,,,,,,,,,,,,,,,,,,,,,,,,,,,,,,,,,,,,,,,,,
B,20260729_174004,4.0,2026-07-29 17:41:10,70.0,1396.8,296.2,6.0,0.4797609629986255,572.3333333333334,1087.0,3434.0,,,current pose direct MOVEP lift-hover sample,1742.0,44.0,1215.0,127.0,83.0,1.0,1.5948862289988028,1215.0,83.0,1741.0,-4.0,1310.0,74.0,78.0,1.0,1.1151252660001774,1451.0,75.0,1741.0,-20.0,1454.0,960.0,980.0,1.0,1.2547455450003326,1507.0,78.0,1741.0,17.0,1447.0,942.0,925.0,1.0,1.5948862289988028,1447.0,925.0,1500.0,-1.0,1364.0,1086.0,1087.0,1.0,1.5948862289988028,1364.0,1087.0,1050.0,93.0,915.0,374.0,281.0,1.0,1.5948862289988028,915.0,281.0,34.0,5.009887578000416,1389.3823529411766,1402.0,5.2469302279150805,1382.0,-20.0,3368.970588235294,3401.0,14.797625592756123,3350.0,-51.0,82.02941176470588,85.0,2.0362204624318796,82.0,-3.0,79.05882352941177,80.0,0.9683575078326075,78.0,0.0,951.2647058823529,955.0,2.0191556699217528,949.0,-6.0,867.2352941176471,881.0,6.389600114199414,859.0,-22.0,1113.5,1123.0,3.7904679208276555,1109.0,-14.0,275.88235294117646,279.0,1.5860551485544427,273.0,-6.0,,,,,,,,,,,,,,,,,,,,,,,,,,,,,,,,,,,,,,,,,,,
B,20260729_174004,5.0,2026-07-29 17:41:24,70.0,1392.6,300.4,6.0,0.2851067540013901,534.0,926.0,3204.0,,,current pose direct MOVEP lift-hover sample,1742.0,44.0,1213.0,124.0,80.0,1.0,1.4351811470005487,1220.0,84.0,1740.0,-2.0,1286.0,85.0,87.0,1.0,1.1500743929991586,1441.0,73.0,1742.0,-21.0,1437.0,905.0,926.0,1.0,1.4351811470005487,1461.0,310.0,1741.0,17.0,1438.0,926.0,909.0,1.0,1.4351811470005487,1463.0,318.0,1500.0,-1.0,1381.0,922.0,923.0,1.0,1.4351811470005487,1378.0,115.0,1050.0,93.0,915.0,372.0,279.0,1.0,1.4351811470005487,915.0,89.0,31.0,4.80492633600079,1352.9354838709678,1356.0,1.899668627656188,1351.0,-5.0,3247.3548387096776,3253.0,3.5245533882874662,3243.0,-9.0,62.12903225806452,63.0,1.1285713344861872,63.0,3.0,81.35483870967742,83.0,1.0939241908266562,81.0,1.0,887.6451612903226,891.0,1.3331598915981822,886.0,-5.0,863.2903225806451,865.0,1.0834100402417204,862.0,-3.0,1080.4516129032259,1081.0,0.49765318130779074,1080.0,-1.0,272.48387096774195,275.0,1.4562649471349305,271.0,-4.0,,,,,,,,,,,,,,,,,,,,,,,,,,,,,,,,,,,,,,,,,,,
B,20260729_174004,6.0,2026-07-29 17:41:44,70.0,1370.25,310.25,4.0,0.17498952099958842,54.333333333333336,97.0,326.0,,,current pose direct MOVEP lift-hover sample,1741.0,42.0,1210.0,128.0,86.0,1.0,1.9182904419994884,1259.0,71.0,1740.0,-4.0,1229.0,93.0,97.0,1.0,1.7433009209999,1401.0,73.0,1742.0,-21.0,1361.0,34.0,55.0,0.0,,,,1742.0,19.0,1361.0,66.0,47.0,1.0,1.7433009209999,1457.0,189.0,1499.0,-1.0,1364.0,15.0,16.0,1.0,1.7433009209999,1364.0,107.0,1050.0,93.0,915.0,118.0,25.0,0.0,,,,4.0,3.6060096050005086,46.75,48.0,0.82915619758885,47.0,-1.0,291.25,292.0,0.4330127018922193,291.0,0.0,64.5,65.0,0.8660254037844386,65.0,2.0,91.5,92.0,0.5,92.0,1.0,51.75,52.0,0.4330127018922193,51.0,-1.0,36.75,38.0,0.82915619758885,36.0,-1.0,22.0,22.0,0.0,22.0,0.0,24.75,26.0,0.82915619758885,25.0,-1.0,,,,,,,,,,,,,,,,,,,,,,,,,,,,,,,,,,,,,,,,,,,
B,20260729_174004,8.0,2026-07-29 17:42:11,70.0,1419.6,273.0,6.0,0.6401847600009205,592.8333333333334,1017.0,3557.0,,,current pose direct MOVEP lift-hover sample,1741.0,44.0,1210.0,120.0,76.0,1.0,1.3696346590004396,1257.0,71.0,1741.0,-2.0,1300.0,255.0,257.0,1.0,0.8946775500007789,1555.0,93.0,1739.0,-19.0,1426.0,942.0,961.0,1.0,1.5348623100016994,1457.0,266.0,1742.0,19.0,1427.0,913.0,894.0,1.0,1.5348623100016994,1456.0,335.0,1500.0,-1.0,1376.0,1016.0,1017.0,1.0,1.5348623100016994,1373.0,150.0,1047.0,94.0,915.0,446.0,352.0,1.0,1.5348623100016994,915.0,167.0,34.0,4.779816715001289,1588.764705882353,1594.0,3.2454386409726403,1583.0,-11.0,3572.029411764706,3587.0,6.784434148313532,3562.0,-25.0,61.73529411764706,63.0,1.19579713825036,62.0,0.0,100.02941176470588,101.0,0.9230796956750127,101.0,0.0,964.3529411764706,969.0,1.9385008297981272,961.0,-8.0,857.1470588235294,861.0,1.8807437974997845,855.0,-6.0,1257.9411764705883,1262.0,2.312894500157353,1254.0,-8.0,330.8235294117647,332.0,1.042355596862903,329.0,-3.0,,,,,,,,,,,,,,,,,,,,,,,,,,,,,,,,,,,,,,,,,,,
B,20260729_174004,9.0,2026-07-29 17:42:29,70.0,1383.0,309.8,6.0,0.14506248500038055,538.5,1092.0,3231.0,,,current pose direct MOVEP lift-hover sample,1742.0,45.0,1215.0,104.0,59.0,1.0,1.4949262350000936,1213.0,80.0,1742.0,-4.0,1252.0,81.0,85.0,1.0,1.349863749999713,1400.0,73.0,1739.0,-19.0,1434.0,936.0,955.0,1.0,1.4949262350000936,1461.0,258.0,1742.0,17.0,1440.0,782.0,765.0,1.0,1.4949262350000936,1464.0,360.0,1499.0,-1.0,1380.0,1091.0,1092.0,1.0,1.4949262350000936,1377.0,128.0,1046.0,95.0,916.0,370.0,275.0,1.0,1.4949262350000936,916.0,77.0,17.0,3.3053366619988083,1363.2941176470588,1364.0,0.8921029934178295,1362.0,-2.0,3196.529411764706,3200.0,1.2422771812907574,3197.0,-3.0,62.64705882352941,64.0,0.5882352941176471,63.0,0.0,82.70588235294117,84.0,0.6655122646461624,84.0,2.0,935.2941176470588,937.0,0.5703152773430975,935.0,-2.0,752.5882352941177,754.0,0.6910200073218077,753.0,-1.0,1090.4117647058824,1091.0,0.8442764761416073,1089.0,-2.0,272.88235294117646,273.0,0.32218973970892123,273.0,0.0,,,,,,,,,,,,,,,,,,,,,,,,,,,,,,,,,,,,,,,,,,,
B,20260729_174004,10.0,2026-07-29 17:42:45,70.0,1381.4,311.0,6.0,0.1402318149994244,509.6666666666667,995.0,3058.0,,,current pose direct MOVEP lift-hover sample,1741.0,44.0,1212.0,127.0,83.0,1.0,1.445161403999009,1214.0,82.0,1742.0,-3.0,1297.0,82.0,85.0,1.0,1.3049295889995847,1396.0,72.0,1739.0,-19.0,1438.0,680.0,699.0,1.0,1.445161403999009,1457.0,375.0,1741.0,17.0,1440.0,1012.0,995.0,1.0,1.445161403999009,1465.0,196.0,1499.0,-1.0,1377.0,959.0,960.0,1.0,1.445161403999009,1375.0,116.0,1046.0,93.0,916.0,329.0,236.0,1.0,1.445161403999009,916.0,104.0,5.0,5.565325793999364,1253.4,1261.0,6.151422599691879,1244.0,-17.0,3027.0,3042.0,12.116104984688768,3009.0,-33.0,59.0,60.0,0.8944271909999159,60.0,2.0,86.2,87.0,0.4,86.0,0.0,684.8,686.0,0.9797958971132712,684.0,-2.0,943.6,951.0,5.986651818838307,935.0,-16.0,1019.0,1025.0,4.69041575982343,1012.0,-13.0,234.4,236.0,1.4966629547095767,232.0,-4.0,,,,,,,,,,,,,,,,,,,,,,,,,,,,,,,,,,,,,,,,,,,
B,20260729_174004,11.0,2026-07-29 17:43:05,70.0,1372.4,320.4,6.0,0.5560242869996728,374.3333333333333,801.0,2246.0,,,current pose direct MOVEP lift-hover sample,1742.0,44.0,1206.0,120.0,76.0,1.0,4.784242899000674,1206.0,83.0,1740.0,-4.0,1306.0,83.0,87.0,1.0,4.784242899000674,1356.0,70.0,1742.0,-20.0,1451.0,781.0,801.0,1.0,5.3402671860003466,1451.0,801.0,1741.0,17.0,1471.0,313.0,296.0,1.0,4.784242899000674,1472.0,566.0,1499.0,-1.0,1374.0,775.0,776.0,1.0,4.784242899000674,1377.0,505.0,1050.0,93.0,915.0,303.0,210.0,1.0,5.3402671860003466,915.0,210.0,7.0,4.947290604000955,981.1428571428571,984.0,2.166535841157586,978.0,-6.0,2219.4285714285716,2223.0,2.920721185751553,2215.0,-8.0,82.71428571428571,83.0,0.6998542122237652,83.0,0.0,83.14285714285714,85.0,0.989743318610787,82.0,-1.0,779.4285714285714,781.0,1.4982983545287878,777.0,-4.0,293.0,295.0,1.1952286093343936,295.0,3.0,771.4285714285714,774.0,2.0603150145508513,768.0,-6.0,209.71428571428572,210.0,0.45175395145262565,210.0,0.0,,,,,,,,,,,,,,,,,,,,,,,,,,,,,,,,,,,,,,,,,,,
C,20260729_174340,0.0,2026-07-29 17:44:00,70.0,1358.75,382.5,4.0,0.48926479799956724,61.0,93.0,366.0,,,current pose direct MOVEP lift-hover sample;bad_grasp,1742.0,49.0,1211.0,131.0,82.0,1.0,1.489767078001023,1214.0,82.0,1740.0,0.0,1241.0,93.0,93.0,1.0,1.1744790810007544,1387.0,72.0,1742.0,-19.0,1370.0,65.0,84.0,1.0,1.6637438790003216,1370.0,84.0,1741.0,19.0,1372.0,63.0,44.0,1.0,1.3399306380015332,1464.0,80.0,1499.0,0.0,1375.0,26.0,26.0,0.0,,,,1049.0,95.0,916.0,132.0,37.0,0.0,,,,22.0,5.331379466000726,54.72727272727273,55.0,0.616575453011388,53.0,-2.0,305.45454545454544,308.0,0.9875254992000196,307.0,2.0,60.27272727272727,62.0,0.616575453011388,62.0,2.0,89.36363636363636,90.0,0.48104569292083466,90.0,1.0,59.04545454545455,60.0,0.20829889522526546,60.0,1.0,42.04545454545455,43.0,0.20829889522526546,42.0,0.0,28.772727272727273,29.0,0.597861201725723,27.0,-2.0,25.954545454545453,26.0,0.20829889522526546,26.0,0.0,,,,,,,,,,,,,,,,,,,,,,,,,,,,,,,,,,,,,,,,,,,
C,20260729_174340,1.0,2026-07-29 17:44:12,70.0,1392.2,300.8,6.0,0.5900395219996426,484.8333333333333,891.0,2909.0,,,current pose direct MOVEP lift-hover sample,1742.0,46.0,1211.0,120.0,74.0,1.0,1.3403566159995535,1254.0,72.0,1741.0,-2.0,1244.0,83.0,85.0,1.0,1.0453353430002608,1510.0,71.0,1741.0,-19.0,1396.0,841.0,860.0,1.0,1.6353748649999034,1413.0,339.0,1742.0,17.0,1398.0,724.0,707.0,1.0,1.6353748649999034,1416.0,310.0,1499.0,-1.0,1370.0,890.0,891.0,1.0,1.6353748649999034,1368.0,131.0,1050.0,94.0,916.0,386.0,292.0,1.0,1.6353748649999034,916.0,112.0,28.0,4.326582713998505,1224.0714285714287,1231.0,2.8275250589842122,1221.0,-10.0,2872.1071428571427,2887.0,5.9542259045529145,2865.0,-22.0,60.964285714285715,63.0,0.5658206970626736,61.0,0.0,84.96428571428571,85.0,0.18557687223952254,85.0,0.0,828.0714285714286,831.0,1.251529676281088,827.0,-4.0,674.0357142857143,679.0,1.9361623097756857,671.0,-8.0,937.2142857142857,941.0,2.0063674150268773,934.0,-7.0,286.85714285714283,290.0,1.0251928638862373,287.0,-3.0,,,,,,,,,,,,,,,,,,,,,,,,,,,,,,,,,,,,,,,,,,,
C,20260729_174340,2.0,2026-07-29 17:44:25,70.0,1363.8,329.4,6.0,0.439772115998494,518.5,971.0,3111.0,,,current pose direct MOVEP lift-hover sample;bad_grasp_auto_low_hover,1742.0,44.0,1211.0,118.0,74.0,1.0,1.3101129770002444,1258.0,71.0,1741.0,-4.0,1233.0,75.0,79.0,1.0,1.3101129770002444,1389.0,75.0,1742.0,-23.0,1384.0,873.0,896.0,1.0,1.6000615630000539,1416.0,221.0,1742.0,17.0,1382.0,988.0,971.0,1.0,1.7498850929987384,1382.0,971.0,1499.0,-1.0,1374.0,777.0,778.0,1.0,1.7498850929987384,1374.0,778.0,1046.0,93.0,916.0,406.0,313.0,1.0,1.6000615630000539,916.0,79.0,29.0,4.895211410999764,131.31034482758622,141.0,3.7883983357164874,127.0,-14.0,449.2068965517241,465.0,5.384391941111397,441.0,-24.0,61.37931034482759,63.0,1.3238864703760322,63.0,2.0,92.6896551724138,95.0,1.1774738675147498,91.0,-4.0,115.48275862068965,121.0,2.4441441581612895,112.0,-9.0,48.3448275862069,50.0,0.7083668477301426,48.0,1.0,74.06896551724138,79.0,2.1644627346862366,71.0,-8.0,57.241379310344826,62.0,1.7351373276426378,56.0,-6.0,,,,,,,,,,,,,,,,,,,,,,,,,,,,,,,,,,,,,,,,,,,
C,20260729_174340,3.0,2026-07-29 17:44:39,70.0,1343.75,336.75,5.0,1.1539704610004264,247.0,753.0,1482.0,,,current pose direct MOVEP lift-hover sample;bad_grasp_auto_low_hover,1742.0,42.0,1214.0,118.0,76.0,1.0,1.4099764570000843,1223.0,81.0,1739.0,-2.0,1233.0,81.0,83.0,1.0,1.2848820950002846,1391.0,71.0,1742.0,-21.0,1384.0,732.0,753.0,1.0,2.438852556000711,1384.0,753.0,1742.0,17.0,1369.0,52.0,35.0,0.0,,,,1499.0,-1.0,1377.0,272.0,273.0,1.0,2.438852556000711,1377.0,273.0,1051.0,93.0,916.0,355.0,262.0,1.0,2.438852556000711,916.0,262.0,33.0,4.919981607999944,40.90909090909091,42.0,0.51425947722658,40.0,-1.0,288.09090909090907,291.0,2.0503308877620934,285.0,-3.0,64.03030303030303,65.0,1.1673551687429227,62.0,-3.0,91.57575757575758,93.0,0.779677595773855,91.0,0.0,51.84848484848485,52.0,0.4997703788627467,52.0,0.0,39.72727272727273,41.0,0.708080087608965,40.0,1.0,17.03030303030303,18.0,0.17141982574219333,17.0,0.0,23.87878787878788,25.0,0.4772125984249582,23.0,-1.0,,,,,,,,,,,,,,,,,,,,,,,,,,,,,,,,,,,,,,,,,,,
C,20260729_174340,4.0,2026-07-29 17:44:57,70.0,1369.8,323.0,6.0,0.2711095260001457,543.0,957.0,3258.0,,,current pose direct MOVEP lift-hover sample,1742.0,43.0,1211.0,118.0,75.0,1.0,1.3800593500000105,1248.0,76.0,1742.0,-4.0,1241.0,82.0,86.0,1.0,1.3800593500000105,1395.0,74.0,1739.0,-19.0,1387.0,911.0,930.0,1.0,1.6511688760001562,1416.0,222.0,1742.0,17.0,1403.0,924.0,907.0,1.0,1.6511688760001562,1427.0,472.0,1499.0,-1.0,1366.0,956.0,957.0,1.0,1.6511688760001562,1363.0,202.0,1050.0,94.0,916.0,397.0,303.0,1.0,1.6511688760001562,916.0,84.0,35.0,4.944999467999878,483.51428571428573,1376.0,523.4302448507249,71.0,-1305.0,1199.4857142857143,3127.0,1084.3405467031516,366.0,-2761.0,68.77142857142857,70.0,1.4557416231836569,70.0,4.0,97.34285714285714,101.0,4.659508601576272,99.0,12.0,229.65714285714284,739.0,232.0493719457309,65.0,-674.0,320.2,859.0,340.76718487218557,61.0,-798.0,381.74285714285713,1090.0,428.4446517250936,42.0,-1048.0,101.77142857142857,286.0,96.3879321771546,29.0,-257.0,,,,,,,,,,,,,,,,,,,,,,,,,,,,,,,,,,,,,,,,,,,
C,20260729_174340,5.0,2026-07-29 17:45:10,70.0,1365.4,327.6,6.0,0.13991772400004265,538.5,1003.0,3231.0,,,current pose direct MOVEP lift-hover sample,1741.0,44.0,1211.0,110.0,66.0,1.0,1.6251011980002659,1214.0,81.0,1740.0,-4.0,1286.0,84.0,88.0,1.0,1.4851834740002232,1403.0,70.0,1742.0,-19.0,1394.0,952.0,971.0,1.0,1.6251011980002659,1420.0,183.0,1743.0,15.0,1414.0,818.0,803.0,1.0,1.6251011980002659,1427.0,830.0,1499.0,-1.0,1365.0,1002.0,1003.0,1.0,1.6251011980002659,1363.0,307.0,1046.0,93.0,910.0,393.0,300.0,1.0,1.6251011980002659,910.0,82.0,29.0,4.910183398000299,1339.896551724138,1347.0,3.7723570568765084,1334.0,-13.0,3176.103448275862,3190.0,7.47568392713062,3162.0,-28.0,60.827586206896555,63.0,1.1163044176716308,60.0,0.0,82.17241379310344,84.0,0.8333135154203153,81.0,-1.0,891.9310344827586,898.0,3.3828271637050267,886.0,-12.0,801.2758620689655,803.0,0.6896551724137931,801.0,-2.0,1047.9655172413793,1052.0,2.0923960629349057,1045.0,-7.0,291.9310344827586,295.0,1.7603102093931335,289.0,-6.0,,,,,,,,,,,,,,,,,,,,,,,,,,,,,,,,,,,,,,,,,,,
C,20260729_174340,6.0,2026-07-29 17:45:22,70.0,1362.6,329.6,6.0,0.31046452800001134,540.5,1017.0,3243.0,,,current pose direct MOVEP lift-hover sample,1741.0,44.0,1211.0,126.0,82.0,1.0,1.5251107990006858,1214.0,80.0,1740.0,-2.0,1239.0,80.0,82.0,1.0,1.2146462710006745,1395.0,74.0,1739.0,-19.0,1388.0,952.0,971.0,1.0,1.5251107990006858,1412.0,270.0,1741.0,16.0,1407.0,804.0,788.0,1.0,1.5251107990006858,1424.0,590.0,1500.0,-1.0,1371.0,1016.0,1017.0,1.0,1.5251107990006858,1368.0,245.0,1046.0,94.0,915.0,397.0,303.0,1.0,1.5251107990006858,915.0,100.0,35.0,4.855108553001628,1372.7142857142858,1378.0,3.1493439550069433,1367.0,-11.0,3199.8571428571427,3217.0,6.551522645888651,3193.0,-23.0,61.77142857142857,65.0,1.7741913938582885,63.0,-2.0,81.65714285714286,83.0,1.2636196792854846,83.0,2.0,911.5142857142857,918.0,2.9507522389231875,908.0,-10.0,772.2,774.0,0.6233549779791837,772.0,-2.0,1075.6857142857143,1080.0,2.06703968544982,1072.0,-8.0,297.0285714285714,298.0,1.3413365250634859,295.0,-3.0,,,,,,,,,,,,,,,,,,,,,,,,,,,,,,,,,,,,,,,,,,,
C,20260729_174340,7.0,2026-07-29 17:45:37,70.0,1354.2,338.8,6.0,0.41005741600019974,367.3333333333333,903.0,2204.0,,,current pose direct MOVEP lift-hover sample;bad_grasp_auto_low_hover,1742.0,44.0,1213.0,118.0,74.0,1.0,1.4598133449999295,1214.0,84.0,1741.0,-4.0,1235.0,81.0,85.0,1.0,1.3151080459992954,1393.0,73.0,1741.0,-21.0,1388.0,882.0,903.0,1.0,1.599834684999223,1416.0,201.0,1742.0,15.0,1373.0,393.0,378.0,1.0,1.7251654619994952,1373.0,378.0,1499.0,-1.0,1375.0,466.0,467.0,1.0,1.7251654619994952,1375.0,467.0,1049.0,93.0,915.0,390.0,297.0,1.0,1.599834684999223,915.0,70.0,35.0,4.845198921000701,49.6,51.0,0.834950811211569,47.0,-3.0,296.62857142857143,300.0,1.9136459485303259,294.0,-1.0,58.857142857142854,60.0,0.8666143364630343,60.0,0.0,92.2,93.0,1.008535005412731,90.0,-1.0,51.02857142857143,52.0,0.9098104758908947,51.0,1.0,44.94285714285714,46.0,0.8261047025600549,46.0,2.0,21.82857142857143,22.0,0.3768830273792263,21.0,-1.0,27.771428571428572,29.0,0.5897076411585798,26.0,-2.0,,,,,,,,,,,,,,,,,,,,,,,,,,,,,,,,,,,,,,,,,,,
C,20260729_174340,8.0,2026-07-29 17:45:49,70.0,1383.6,308.8,6.0,0.4750136590009788,521.8333333333334,959.0,3131.0,,,current pose direct MOVEP lift-hover sample,1742.0,42.0,1211.0,127.0,85.0,1.0,1.3975159250003344,1254.0,76.0,1740.0,-2.0,1240.0,81.0,83.0,1.0,1.0827478779992816,1461.0,70.0,1739.0,-19.0,1394.0,883.0,902.0,1.0,1.5577615370002604,1414.0,410.0,1742.0,16.0,1396.0,817.0,801.0,1.0,1.5577615370002604,1418.0,394.0,1499.0,-1.0,1373.0,958.0,959.0,1.0,1.5577615370002604,1371.0,160.0,1050.0,93.0,915.0,394.0,301.0,1.0,1.5577615370002604,915.0,142.0,35.0,4.884697771998617,1317.057142857143,1322.0,2.203151731275086,1313.0,-8.0,3106.5142857142855,3122.0,7.136911811426678,3097.0,-24.0,61.51428571428571,65.0,1.5188610125716586,60.0,-2.0,83.94285714285714,85.0,0.8925999629607605,85.0,1.0,876.1714285714286,880.0,1.5581255090783976,874.0,-6.0,767.8285714285714,774.0,2.7201440538084354,765.0,-9.0,1019.7142857142857,1023.0,1.7819961290871629,1016.0,-7.0,297.34285714285716,299.0,0.6298687910013886,297.0,-1.0,,,,,,,,,,,,,,,,,,,,,,,,,,,,,,,,,,,,,,,,,,,
C,20260729_174340,9.0,2026-07-29 17:46:06,70.0,1341.25,340.0,4.0,1.1642708939998556,77.33333333333333,122.0,464.0,,,current pose direct MOVEP lift-hover sample;bad_grasp,1742.0,43.0,1204.0,127.0,84.0,1.0,4.3912421590011945,1204.0,86.0,1742.0,-4.0,1306.0,88.0,92.0,1.0,4.3912421590011945,1357.0,76.0,1739.0,-19.0,1424.0,25.0,44.0,0.0,,,,1742.0,15.0,1427.0,137.0,122.0,1.0,5.55551305300105,1427.0,122.0,1499.0,-1.0,1377.0,92.0,93.0,1.0,5.55551305300105,1377.0,93.0,1050.0,93.0,915.0,122.0,29.0,0.0,,,,33.0,4.849647286000618,147.45454545454547,152.0,1.5193880165723241,145.0,-7.0,495.6666666666667,506.0,3.5476553645835707,490.0,-16.0,84.24242424242425,86.0,0.6527472493496368,85.0,-1.0,90.51515151515152,93.0,1.3511210187641185,89.0,-3.0,40.57575757575758,42.0,0.779677595773855,40.0,-2.0,132.87878787878788,134.0,1.2970263369110726,131.0,-3.0,121.51515151515152,124.0,0.7832029080800053,121.0,-3.0,25.939393939393938,28.0,0.919136417460794,24.0,-4.0,,,,,,,,,,,,,,,,,,,,,,,,,,,,,,,,,,,,,,,,,,,
C,20260729_174340,10.0,2026-07-29 17:46:19,70.0,1370.0,323.2,6.0,0.309728645001087,512.8333333333334,956.0,3077.0,,,current pose direct MOVEP lift-hover sample,1742.0,42.0,1213.0,118.0,76.0,1.0,1.3049772399990616,1262.0,70.0,1740.0,-2.0,1233.0,78.0,80.0,1.0,1.3049772399990616,1392.0,70.0,1742.0,-20.0,1387.0,936.0,956.0,1.0,1.6147058850001486,1409.0,288.0,1743.0,17.0,1392.0,791.0,774.0,1.0,1.6147058850001486,1414.0,314.0,1499.0,-1.0,1375.0,878.0,879.0,1.0,1.6147058850001486,1373.0,105.0,1050.0,93.0,916.0,405.0,312.0,1.0,1.6147058850001486,916.0,110.0,35.0,4.9299791419998655,1325.0,1334.0,4.702582876918355,1317.0,-17.0,3116.2571428571428,3136.0,10.726050683513765,3099.0,-37.0,76.31428571428572,78.0,1.4495601021675224,76.0,-2.0,81.85714285714286,83.0,1.149977816999892,82.0,2.0,914.5142857142857,919.0,2.234424548116246,911.0,-8.0,718.5714285714286,725.0,3.547922646005803,713.0,-12.0,1019.1428571428571,1027.0,3.440455593940656,1014.0,-13.0,305.85714285714283,307.0,1.47634407803015,303.0,-4.0,,,,,,,,,,,,,,,,,,,,,,,,,,,,,,,,,,,,,,,,,,,
C,20260729_174340,11.0,2026-07-29 17:46:33,70.0,1368.6,324.6,6.0,0.29529147100038244,423.0,757.0,2538.0,,,current pose direct MOVEP lift-hover sample,1742.0,43.0,1225.0,100.0,57.0,1.0,1.374755910001113,1235.0,81.0,1741.0,-2.0,1251.0,91.0,93.0,1.0,1.23967341900061,1406.0,70.0,1742.0,-21.0,1388.0,616.0,637.0,1.0,1.5349648900009925,1409.0,172.0,1742.0,17.0,1397.0,773.0,756.0,1.0,1.5349648900009925,1414.0,526.0,1499.0,-1.0,1380.0,756.0,757.0,1.0,1.5349648900009925,1379.0,144.0,1046.0,95.0,916.0,333.0,238.0,1.0,1.5349648900009925,916.0,81.0,35.0,4.869618319000438,1157.2571428571428,1161.0,1.537026017864316,1155.0,-6.0,2700.7714285714287,2710.0,4.25666344376313,2698.0,-12.0,58.34285714285714,59.0,0.8925999629607605,59.0,0.0,84.6,86.0,0.8684962373468951,86.0,3.0,751.9428571428572,756.0,2.0555549426977087,750.0,-6.0,648.6285714285714,651.0,0.831030832699942,648.0,-3.0,880.0857142857143,883.0,1.2040747146117416,879.0,-4.0,277.1714285714286,279.0,0.5062870041905528,276.0,-2.0,,,,,,,,,,,,,,,,,,,,,,,,,,,,,,,,,,,,,,,,,,,
A,20260729_182047,0.0,2026-07-29 18:21:00,70.0,1478.6666666666667,182.33333333333334,3.0,0.0,369.6666666666667,974.0,2218.0,,,current pose direct MOVEP lift-hover sample,1742.0,55.0,1333.0,102.0,47.0,0.0,,,,1741.0,0.0,1420.0,61.0,61.0,0.0,,,,1742.0,-14.0,1524.0,142.0,156.0,1.0,1.6746584089996759,1524.0,156.0,1742.0,21.0,1551.0,979.0,958.0,1.0,1.6746584089996759,1551.0,958.0,1499.0,-1.0,1361.0,973.0,974.0,1.0,1.6746584089996759,1361.0,974.0,1050.0,95.0,916.0,117.0,22.0,0.0,,,,34.0,5.005039330000727,771.7058823529412,985.0,56.0233824145118,754.0,-231.0,1803.2941176470588,2174.0,93.61043475387608,1776.0,-398.0,47.029411764705884,48.0,0.1689577248981773,47.0,0.0,63.38235294117647,64.0,1.0294117647058822,64.0,4.0,123.47058823529412,167.0,10.51115736090674,122.0,-45.0,797.7058823529412,915.0,29.172438051498407,789.0,-126.0,744.0588235294117,953.0,55.03738899013298,728.0,-225.0,27.647058823529413,32.0,1.3034423415388434,26.0,-6.0,,,,,,,,,,,,,,,,,,,,,,,,,,,,,,,,,,,,,,,,,,,
A,20260729_182047,1.0,2026-07-29 18:21:13,70.0,1436.0,184.0,3.0,0.16498236799998267,322.5,919.0,1935.0,,,current pose direct MOVEP lift-hover sample,1742.0,49.0,1370.0,93.0,44.0,0.0,,,,1741.0,-1.0,1465.0,918.0,919.0,1.0,1.0701788700007455,1505.0,201.0,1742.0,-19.0,1549.0,12.0,31.0,0.0,,,,1742.0,20.0,1544.0,35.0,15.0,0.0,,,,1499.0,-1.0,1367.0,567.0,568.0,1.0,1.2351612380007282,1367.0,568.0,1050.0,93.0,913.0,451.0,358.0,1.0,1.0701788700007455,912.0,99.0,32.0,4.859850799999549,1052.125,1059.0,3.4072532926097527,1046.0,-13.0,2016.1875,2025.0,5.095570993519765,2009.0,-14.0,48.9375,50.0,0.5555121510822243,50.0,4.0,857.4375,863.0,3.061224224064614,854.0,-9.0,39.0,40.0,0.82915619758885,40.0,2.0,18.6875,19.0,0.6343057228182637,19.0,2.0,704.625,710.0,2.301494079940246,701.0,-9.0,347.5,349.0,1.224744871391589,345.0,-4.0,,,,,,,,,,,,,,,,,,,,,,,,,,,,,,,,,,,,,,,,,,,
A,20260729_182047,2.0,2026-07-29 18:21:26,70.0,1401.2,291.4,6.0,0.4196922610008187,627.3333333333334,1193.0,3764.0,,,current pose direct MOVEP lift-hover sample,1742.0,47.0,1203.0,97.0,50.0,1.0,1.2346626069993363,1293.0,108.0,1739.0,0.0,1406.0,784.0,784.0,1.0,1.1050316269993345,1454.0,543.0,1742.0,-19.0,1429.0,445.0,464.0,1.0,1.3747145469988027,1462.0,265.0,1741.0,20.0,1386.0,877.0,857.0,1.0,1.5247238880001532,1414.0,354.0,1499.0,0.0,1386.0,1193.0,1193.0,1.0,1.1050316269993345,1383.0,227.0,1050.0,93.0,918.0,509.0,416.0,1.0,1.1050316269993345,916.0,278.0,36.0,4.955007268001282,1619.111111111111,1654.0,15.784622928269599,1598.0,-56.0,3431.777777777778,3569.0,62.14057142707935,3355.0,-214.0,38.72222222222222,41.0,0.9312808119022339,41.0,4.0,493.52777777777777,509.0,7.6611795984369255,484.0,-25.0,931.8888888888889,976.0,19.63525426055245,908.0,-68.0,348.52777777777777,393.0,19.933899254941892,324.0,-69.0,1177.2222222222222,1213.0,15.799281121323757,1157.0,-56.0,441.8888888888889,443.0,0.5152010275275392,441.0,0.0,,,,,,,,,,,,,,,,,,,,,,,,,,,,,,,,,,,,,,,,,,,
A,20260729_182047,3.0,2026-07-29 18:21:38,70.0,1461.25,220.0,5.0,0.15515928599961626,595.8333333333334,1176.0,3575.0,,,current pose direct MOVEP lift-hover sample,1742.0,46.0,1262.0,114.0,68.0,0.0,,,,1742.0,-4.0,1415.0,485.0,489.0,1.0,1.044955948000279,1456.0,480.0,1742.0,-19.0,1484.0,543.0,562.0,1.0,1.2001152339998953,1504.0,417.0,1742.0,19.0,1474.0,961.0,942.0,1.0,1.2001152339998953,1508.0,96.0,1499.0,0.0,1380.0,1176.0,1176.0,1.0,1.044955948000279,1377.0,219.0,1050.0,93.0,918.0,431.0,338.0,1.0,1.044955948000279,916.0,256.0,35.0,4.895220727001288,1854.142857142857,1868.0,6.02444001970477,1846.0,-22.0,3915.342857142857,3944.0,12.193541281333813,3899.0,-45.0,83.34285714285714,85.0,0.5314592925068078,83.0,0.0,1009.2857142857143,1022.0,5.469768491164756,1002.0,-20.0,274.6857142857143,276.0,0.6663945022680343,275.0,1.0,693.8857142857142,697.0,1.2822174669895356,693.0,-4.0,1423.142857142857,1434.0,4.62380707174669,1417.0,-17.0,431.0,434.0,1.5306394555404428,429.0,-5.0,,,,,,,,,,,,,,,,,,,,,,,,,,,,,,,,,,,,,,,,,,,
A,20260729_182047,4.0,2026-07-29 18:21:51,70.0,1395.6,297.4,6.0,0.4901710689991887,547.5,1016.0,3285.0,,,current pose direct MOVEP lift-hover sample,1742.0,46.0,1211.0,101.0,55.0,1.0,1.33498115600014,1257.0,98.0,1741.0,-3.0,1434.0,659.0,662.0,1.0,1.175008477001029,1457.0,699.0,1742.0,-20.0,1454.0,486.0,506.0,1.0,1.4862331149997772,1466.0,723.0,1741.0,19.0,1421.0,691.0,672.0,1.0,1.6651795460002177,1421.0,672.0,1499.0,0.0,1377.0,1016.0,1016.0,1.0,1.175008477001029,1377.0,355.0,1046.0,93.0,918.0,467.0,374.0,1.0,1.175008477001029,916.0,315.0,35.0,4.98516360100075,1612.0857142857142,1637.0,10.343725299002505,1600.0,-37.0,3396.4857142857145,3480.0,35.08143296354227,3355.0,-125.0,35.48571428571429,40.0,3.1384384522190882,39.0,10.0,930.8,948.0,7.995713137139711,921.0,-27.0,129.22857142857143,139.0,3.546311679846012,126.0,-13.0,688.8857142857142,727.0,16.37379688678823,669.0,-58.0,1193.6857142857143,1219.0,10.269987977657252,1182.0,-37.0,418.4,420.0,0.5952190473142759,418.0,0.0,,,,,,,,,,,,,,,,,,,,,,,,,,,,,,,,,,,,,,,,,,,
A,20260729_182047,5.0,2026-07-29 18:22:04,70.0,1466.5,153.5,2.0,0.0,307.5,941.0,1845.0,,,current pose direct MOVEP lift-hover sample,1742.0,46.0,1262.0,113.0,67.0,0.0,,,,1741.0,-2.0,1391.0,67.0,69.0,0.0,,,,1742.0,-19.0,1506.0,25.0,44.0,0.0,,,,1741.0,17.0,1531.0,958.0,941.0,1.0,1.159408204999636,1557.0,398.0,1499.0,0.0,1376.0,717.0,717.0,1.0,1.159408204999636,1376.0,188.0,1050.0,93.0,915.0,100.0,7.0,0.0,,,,37.0,5.004811324999537,1079.5135135135135,1092.0,5.155011319995024,1074.0,-18.0,2467.945945945946,2507.0,14.740908230381791,2452.0,-55.0,81.8108108108108,83.0,0.9252563658715508,83.0,2.0,72.1891891891892,74.0,1.204447565143632,74.0,4.0,635.3783783783783,665.0,10.972573551510889,623.0,-42.0,599.0540540540541,601.0,0.7692026740950112,598.0,-1.0,925.9459459459459,935.0,3.784362890046969,922.0,-13.0,153.56756756756758,157.0,1.4619598201403807,152.0,-5.0,,,,,,,,,,,,,,,,,,,,,,,,,,,,,,,,,,,,,,,,,,,
A,20260729_182047,6.0,2026-07-29 18:22:18,70.0,1383.5,297.5,4.0,0.17304154100020241,181.5,449.0,1089.0,,,current pose direct MOVEP lift-hover sample;bad_grasp_auto_low_hover,1742.0,44.0,1211.0,126.0,82.0,1.0,2.2398736009999993,1246.0,72.0,1742.0,-4.0,1227.0,92.0,96.0,1.0,2.2398736009999993,1394.0,70.0,1739.0,-19.0,1355.0,34.0,53.0,0.0,,,,1741.0,18.0,1465.0,425.0,407.0,1.0,2.066832059999797,1515.0,325.0,1499.0,-1.0,1381.0,448.0,449.0,1.0,2.066832059999797,1379.0,253.0,1046.0,93.0,915.0,95.0,2.0,0.0,,,,35.0,4.939819147999515,45.17142857142857,46.0,0.5598833697790121,45.0,0.0,304.0857142857143,309.0,2.1826776291182033,306.0,2.0,80.48571428571428,83.0,1.0245954901166348,80.0,0.0,94.97142857142858,95.0,0.16659862556700858,95.0,0.0,51.34285714285714,53.0,1.217558614437858,53.0,0.0,32.114285714285714,33.0,0.9493284414763514,33.0,2.0,21.0,21.0,0.0,21.0,0.0,24.17142857142857,25.0,0.5598833697790121,24.0,0.0,,,,,,,,,,,,,,,,,,,,,,,,,,,,,,,,,,,,,,,,,,,
A,20260729_182047,7.0,2026-07-29 18:22:30,70.0,1468.0,152.0,2.0,0.0,300.6666666666667,1028.0,1804.0,,,current pose direct MOVEP lift-hover sample,1742.0,44.0,1287.0,105.0,61.0,0.0,,,,1742.0,-4.0,1408.0,64.0,68.0,0.0,,,,1742.0,-21.0,1502.0,13.0,34.0,0.0,,,,1741.0,17.0,1523.0,1045.0,1028.0,1.0,1.109788302999732,1558.0,259.0,1499.0,-1.0,1378.0,608.0,609.0,1.0,1.109788302999732,1378.0,125.0,1047.0,93.0,915.0,89.0,4.0,0.0,,,,28.0,4.864848725999764,900.7857142857143,908.0,3.166308608471643,897.0,-11.0,2152.214285714286,2174.0,9.021233455643662,2143.0,-29.0,84.21428571428571,85.0,0.9006800152084636,85.0,1.0,72.64285714285714,75.0,0.8949974347244049,73.0,-1.0,268.4642857142857,278.0,3.7175466454672077,265.0,-12.0,826.1071428571429,829.0,1.718373103388487,823.0,-6.0,844.0714285714286,850.0,2.902321379130006,841.0,-9.0,56.714285714285715,58.0,0.7491491772643939,56.0,-2.0,,,,,,,,,,,,,,,,,,,,,,,,,,,,,,,,,,,,,,,,,,,
A,20260729_182047,8.0,2026-07-29 18:22:42,70.0,1412.2,280.8,6.0,0.2848701490001986,633.0,1203.0,3798.0,,,current pose direct MOVEP lift-hover sample,1742.0,45.0,1214.0,123.0,78.0,1.0,1.4595282310001494,1214.0,78.0,1741.0,-2.0,1420.0,506.0,508.0,1.0,1.1746580819999508,1456.0,636.0,1742.0,-21.0,1480.0,704.0,725.0,1.0,1.3100354189991776,1508.0,329.0,1741.0,19.0,1472.0,947.0,928.0,1.0,1.3100354189991776,1506.0,275.0,1499.0,0.0,1380.0,1203.0,1203.0,1.0,1.1746580819999508,1377.0,301.0,1046.0,93.0,918.0,449.0,356.0,1.0,1.1746580819999508,916.0,301.0,32.0,4.885083660999953,1951.71875,1968.0,7.168657366445965,1941.0,-27.0,4116.75,4152.0,13.953046262375826,4099.0,-53.0,81.53125,83.0,1.089276566120836,83.0,1.0,979.5,993.0,5.84700778176325,972.0,-21.0,442.3125,444.0,0.6817945071647321,442.0,-2.0,661.6875,665.0,1.3792547806696194,661.0,-4.0,1511.625,1525.0,5.941117319158073,1503.0,-22.0,440.09375,443.0,1.283534548619553,438.0,-5.0,,,,,,,,,,,,,,,,,,,,,,,,,,,,,,,,,,,,,,,,,,,
A,20260729_182047,9.0,2026-07-29 18:22:55,70.0,1467.5,152.5,2.0,0.0,349.0,1041.0,2094.0,,,current pose direct MOVEP lift-hover sample,1742.0,42.0,1311.0,100.0,58.0,0.0,,,,1742.0,-4.0,1452.0,56.0,60.0,0.0,,,,1742.0,-21.0,1511.0,14.0,35.0,0.0,,,,1741.0,19.0,1539.0,1060.0,1041.0,1.0,1.5601421299998037,1559.0,362.0,1499.0,0.0,1371.0,898.0,898.0,1.0,1.5601421299998037,1376.0,127.0,1050.0,93.0,914.0,95.0,2.0,0.0,,,,35.0,4.895156313999905,1021.1714285714286,1234.0,109.76480979525157,962.0,-272.0,2321.114285714286,2731.0,198.97764001135855,2212.0,-519.0,66.74285714285715,69.0,1.5183234577813054,69.0,6.0,62.57142857142857,64.0,1.4399546478119032,64.0,4.0,555.0285714285715,685.0,53.48830885037841,522.0,-163.0,615.6,694.0,39.0517605236947,595.0,-94.0,889.2857142857143,1086.0,102.35556274326176,835.0,-251.0,131.88571428571427,148.0,7.535710900473173,127.0,-21.0,,,,,,,,,,,,,,,,,,,,,,,,,,,,,,,,,,,,,,,,,,,
A,20260729_182047,10.0,2026-07-29 18:23:07,70.0,1461.5,158.5,2.0,0.0,278.3333333333333,913.0,1670.0,,,current pose direct MOVEP lift-hover sample;bad_grasp_auto_low_hover,1742.0,44.0,1271.0,111.0,67.0,0.0,,,,1741.0,-4.0,1396.0,65.0,69.0,0.0,,,,1742.0,-21.0,1509.0,15.0,36.0,0.0,,,,1741.0,19.0,1514.0,932.0,913.0,1.0,1.1396677499997168,1546.0,235.0,1499.0,0.0,1377.0,574.0,574.0,1.0,1.1396677499997168,1377.0,90.0,1050.0,92.0,915.0,81.0,11.0,0.0,,,,36.0,4.8749533480004175,53.666666666666664,331.0,46.88164767677101,46.0,-285.0,293.19444444444446,588.0,49.8407572198388,284.0,-304.0,84.30555555555556,85.0,0.8762116830881947,83.0,-1.0,87.08333333333333,90.0,0.4930066485916347,87.0,-3.0,39.69444444444444,42.0,0.8439143072757396,40.0,0.0,28.444444444444443,43.0,2.4658156690191273,28.0,-15.0,29.055555555555557,311.0,47.65730936385802,21.0,-290.0,24.61111111111111,26.0,0.9797328938082444,25.0,5.0,,,,,,,,,,,,,,,,,,,,,,,,,,,,,,,,,,,,,,,,,,,
A,20260729_182047,11.0,2026-07-29 18:23:20,70.0,1490.0,190.25,5.0,0.14546693800002686,530.8333333333334,1088.0,3185.0,,,current pose direct MOVEP lift-hover sample,1742.0,44.0,1305.0,100.0,56.0,0.0,,,,1739.0,-2.0,1436.0,603.0,605.0,1.0,0.9845840590005537,1508.0,77.0,1742.0,-21.0,1515.0,506.0,527.0,1.0,1.1300509970005805,1546.0,125.0,1741.0,17.0,1515.0,575.0,558.0,1.0,1.1300509970005805,1545.0,132.0,1499.0,0.0,1363.0,1088.0,1088.0,1.0,1.1300509970005805,1361.0,436.0,1050.0,93.0,918.0,444.0,351.0,1.0,1.1300509970005805,916.0,312.0,36.0,4.950163232000705,1830.0277777777778,1848.0,8.998413783400046,1816.0,-32.0,3942.3888888888887,3992.0,24.506549892922934,3908.0,-84.0,65.27777777777777,67.0,0.558326423395605,66.0,1.0,299.8333333333333,301.0,0.8975274678557507,301.0,2.0,816.0277777777778,829.0,6.34422795894518,808.0,-21.0,931.2222222222222,951.0,9.675602510986966,917.0,-34.0,1506.5833333333333,1523.0,7.7830835077679135,1495.0,-28.0,323.44444444444446,325.0,1.3630937940428107,321.0,-4.0,,,,,,,,,,,,,,,,,,,,,,,,,,,,,,,,,,,,,,,,,,,
A,20260729_182047,12.0,2026-07-29 18:23:32,70.0,1409.8,283.2,6.0,0.3000372859987692,503.1666666666667,954.0,3019.0,,,current pose direct MOVEP lift-hover sample,1742.0,44.0,1222.0,126.0,82.0,1.0,1.450032602999272,1222.0,82.0,1741.0,-2.0,1304.0,205.0,207.0,1.0,1.1499953170005028,1397.0,118.0,1742.0,-21.0,1477.0,772.0,793.0,1.0,1.2853573939992202,1503.0,191.0,1741.0,17.0,1510.0,712.0,695.0,1.0,1.1499953170005028,1547.0,353.0,1499.0,0.0,1382.0,954.0,954.0,1.0,1.1499953170005028,1380.0,144.0,1050.0,93.0,915.0,381.0,288.0,1.0,1.2853573939992202,915.0,204.0,36.0,4.9952781470001355,1469.361111111111,1481.0,5.039580988853128,1464.0,-17.0,3319.4444444444443,3348.0,11.492617061121468,3307.0,-41.0,83.41666666666667,85.0,0.7949493345141213,85.0,1.0,119.5,120.0,0.5,120.0,1.0,500.1388888888889,505.0,1.843197369575455,498.0,-7.0,1147.0277777777778,1159.0,5.397973442316164,1140.0,-19.0,1245.1666666666667,1255.0,3.9895697345286076,1241.0,-14.0,224.19444444444446,226.0,1.1742478548804585,223.0,-3.0,,,,,,,,,,,,,,,,,,,,,,,,,,,,,,,,,,,,,,,,,,,
A,20260729_182047,13.0,2026-07-29 18:23:45,70.0,1398.0,295.0,6.0,0.27539179799896374,483.8333333333333,986.0,2903.0,,,current pose direct MOVEP lift-hover sample,1742.0,42.0,1211.0,127.0,85.0,1.0,1.420233291999466,1222.0,82.0,1741.0,-4.0,1294.0,87.0,91.0,1.0,1.420233291999466,1344.0,80.0,1742.0,-22.0,1459.0,800.0,822.0,1.0,1.2951556190000701,1495.0,125.0,1741.0,19.0,1515.0,722.0,703.0,1.0,1.1448414940005023,1549.0,393.0,1499.0,0.0,1381.0,986.0,986.0,1.0,1.1448414940005023,1380.0,167.0,1050.0,93.0,916.0,309.0,216.0,1.0,1.420233291999466,916.0,118.0,35.0,4.860029242001474,1384.8,1394.0,4.458058514004242,1380.0,-13.0,3226.2571428571428,3247.0,10.562312671928995,3212.0,-35.0,62.31428571428572,64.0,0.5742786069211937,62.0,0.0,88.4,90.0,0.8684962373468951,87.0,-2.0,573.0857142857143,576.0,1.461338497433648,571.0,-5.0,1117.6571428571428,1127.0,4.070400872801858,1112.0,-15.0,1234.8,1242.0,3.535937943863996,1230.0,-12.0,150.0,152.0,1.0954451150103321,150.0,-1.0,,,,,,,,,,,,,,,,,,,,,,,,,,,,,,,,,,,,,,,,,,,
A,20260729_182047,14.0,2026-07-29 18:23:58,70.0,1399.8,293.2,6.0,0.3484388399992895,517.3333333333334,965.0,3104.0,,,current pose direct MOVEP lift-hover sample,1742.0,43.0,1222.0,128.0,85.0,1.0,1.4733058269994217,1222.0,85.0,1741.0,-4.0,1432.0,329.0,333.0,1.0,1.1248669870001322,1456.0,588.0,1742.0,-22.0,1476.0,853.0,875.0,1.0,1.4733058269994217,1476.0,875.0,1741.0,19.0,1466.0,530.0,511.0,1.0,1.4733058269994217,1466.0,511.0,1499.0,0.0,1381.0,965.0,965.0,1.0,1.1248669870001322,1379.0,283.0,1050.0,92.0,917.0,427.0,335.0,1.0,1.1248669870001322,915.0,292.0,34.0,4.975220665999586,1471.0294117647059,1491.0,9.829383602592811,1457.0,-34.0,3226.735294117647,3294.0,31.992010789027617,3184.0,-110.0,85.02941176470588,86.0,0.9544106317404678,84.0,-2.0,294.5882352941176,298.0,1.750926596016143,298.0,6.0,603.2941176470588,617.0,7.002224065860226,594.0,-23.0,772.7941176470588,808.0,16.28745351086265,751.0,-57.0,1164.6764705882354,1184.0,9.401878999419381,1151.0,-33.0,306.3529411764706,308.0,0.6362737544936452,306.0,-1.0,,,,,,,,,,,,,,,,,,,,,,,,,,,,,,,,,,,,,,,,,,,
A,20260729_182047,15.0,2026-07-29 18:24:12,70.0,1395.8,297.2,6.0,0.45930183900054544,419.8333333333333,902.0,2519.0,,,current pose direct MOVEP lift-hover sample,1742.0,44.0,1209.0,131.0,87.0,1.0,1.5800769870002114,1222.0,82.0,1741.0,-2.0,1340.0,76.0,78.0,1.0,1.7296287259996461,1340.0,78.0,1742.0,-21.0,1488.0,533.0,554.0,1.0,1.5800769870002114,1493.0,614.0,1741.0,17.0,1526.0,783.0,766.0,1.0,1.2703268869991007,1549.0,894.0,1499.0,0.0,1376.0,902.0,902.0,1.0,1.2703268869991007,1375.0,574.0,1050.0,93.0,916.0,225.0,132.0,1.0,1.5800769870002114,916.0,131.0,35.0,4.975021334999838,1153.057142857143,1159.0,2.3292286539644365,1150.0,-8.0,2720.8571428571427,2738.0,7.720632309941079,2712.0,-25.0,83.17142857142858,86.0,1.2532406971120749,83.0,-2.0,83.2,85.0,0.5237229365663817,83.0,-1.0,399.8,401.0,0.9501879513323366,399.0,-2.0,1001.6285714285714,1009.0,3.5382458469514786,997.0,-12.0,1058.4857142857143,1064.0,2.522713149102185,1055.0,-9.0,94.57142857142857,95.0,0.5495824017620384,95.0,1.0,,,,,,,,,,,,,,,,,,,,,,,,,,,,,,,,,,,,,,,,,,,
A,20260729_182047,16.0,2026-07-29 18:24:25,70.0,1439.0,181.0,3.0,0.14959410799929174,315.3333333333333,930.0,1892.0,,,current pose direct MOVEP lift-hover sample,1742.0,42.0,1308.0,98.0,56.0,0.0,,,,1741.0,-3.0,1464.0,927.0,930.0,1.0,1.060452167999756,1508.0,111.0,1742.0,-21.0,1549.0,12.0,33.0,0.0,,,,1741.0,17.0,1550.0,32.0,15.0,0.0,,,,1499.0,0.0,1370.0,505.0,505.0,1.0,1.2100462759990478,1370.0,505.0,1050.0,92.0,917.0,445.0,353.0,1.0,1.2100462759990478,917.0,353.0,36.0,4.890067832000568,928.9722222222222,930.0,0.9570240653862342,928.0,-1.0,1844.75,1850.0,2.4080305461333147,1842.0,-5.0,68.44444444444444,70.0,0.8958064164776166,69.0,0.0,795.5,800.0,1.9507833184532708,792.0,-7.0,32.166666666666664,33.0,0.7993052538854533,33.0,1.0,19.666666666666668,21.0,0.816496580927726,20.0,2.0,597.9444444444445,598.0,0.32867109906108977,598.0,2.0,331.02777777777777,333.0,1.0134131303863723,330.0,-3.0,,,,,,,,,,,,,,,,,,,,,,,,,,,,,,,,,,,,,,,,,,,
A,20260729_182047,17.0,2026-07-29 18:24:37,70.0,1410.0,283.2,6.0,0.35487522699986584,474.1666666666667,929.0,2845.0,,,current pose direct MOVEP lift-hover sample,1742.0,43.0,1254.0,117.0,74.0,1.0,1.4298867339985009,1254.0,74.0,1742.0,-2.0,1449.0,463.0,465.0,1.0,1.075011506998635,1463.0,758.0,1742.0,-21.0,1481.0,597.0,618.0,1.0,1.231485079999402,1502.0,211.0,1741.0,17.0,1458.0,444.0,427.0,1.0,1.4298867339985009,1458.0,427.0,1499.0,0.0,1374.0,929.0,929.0,1.0,1.075011506998635,1373.0,393.0,1050.0,92.0,916.0,424.0,332.0,1.0,1.075011506998635,915.0,319.0,35.0,4.909607417001098,1236.7142857142858,1269.0,15.015366278908946,1215.0,-54.0,2604.2285714285713,2699.0,45.44012431716251,2538.0,-161.0,83.94285714285714,86.0,1.6893423427536551,81.0,-5.0,431.9142857142857,435.0,2.234424548116246,435.0,8.0,373.14285714285717,393.0,9.289449798078486,361.0,-32.0,478.51428571428573,524.0,21.962788566861292,446.0,-78.0,933.4857142857143,963.0,13.718332736204662,913.0,-50.0,303.22857142857146,306.0,1.374995361773253,302.0,-4.0,,,,,,,,,,,,,,,,,,,,,,,,,,,,,,,,,,,,,,,,,,,
B,20260729_182513,0.0,2026-07-29 18:25:26,70.0,1384.4,308.6,6.0,0.6054895960005524,432.8333333333333,904.0,2597.0,,,current pose direct MOVEP lift-hover sample,1742.0,49.0,1208.0,129.0,80.0,1.0,1.575432974999785,1211.0,82.0,1741.0,0.0,1238.0,85.0,85.0,1.0,0.9699433789992327,1452.0,75.0,1742.0,-17.0,1436.0,887.0,904.0,1.0,1.575432974999785,1440.0,578.0,1741.0,24.0,1437.0,486.0,462.0,1.0,1.575432974999785,1438.0,624.0,1499.0,0.0,1382.0,806.0,806.0,1.0,1.575432974999785,1381.0,739.0,1046.0,94.0,916.0,354.0,260.0,1.0,1.575432974999785,916.0,185.0,33.0,4.95491892300015,1098.060606060606,1104.0,3.3749468587456617,1093.0,-11.0,2549.2727272727275,2563.0,6.387832786908141,2542.0,-21.0,62.15151515151515,64.0,0.434930305891131,64.0,2.0,85.0,85.0,0.0,85.0,0.0,857.7878787878788,863.0,2.2664559940988065,855.0,-8.0,446.27272727272725,449.0,1.1354541815269814,445.0,-4.0,844.6666666666666,848.0,2.127264093913242,842.0,-6.0,253.3939393939394,256.0,1.3470370164177496,251.0,-5.0,,,,,,,,,,,,,,,,,,,,,,,,,,,,,,,,,,,,,,,,,,,
B,20260729_182513,1.0,2026-07-29 18:25:40,70.0,1386.6,306.2,6.0,0.31995105799978774,471.5,933.0,2829.0,,,current pose direct MOVEP lift-hover sample,1742.0,44.0,1211.0,127.0,83.0,1.0,1.6846604229995137,1214.0,83.0,1740.0,-4.0,1233.0,78.0,82.0,1.0,1.364709364999726,1394.0,73.0,1742.0,-21.0,1460.0,792.0,813.0,1.0,1.6846604229995137,1463.0,715.0,1741.0,19.0,1473.0,733.0,714.0,1.0,1.5198784839994914,1498.0,199.0,1499.0,0.0,1365.0,933.0,933.0,1.0,1.6846604229995137,1364.0,645.0,1050.0,93.0,901.0,297.0,204.0,1.0,1.6846604229995137,901.0,168.0,36.0,4.905213124000511,1324.8333333333333,1330.0,2.3746344747958346,1322.0,-7.0,3208.6111111111113,3224.0,6.338935144441225,3199.0,-25.0,63.916666666666664,65.0,0.9537935951882998,63.0,0.0,85.08333333333333,87.0,0.4930066485916347,85.0,-2.0,591.1111111111111,593.0,0.6136311676215145,591.0,-2.0,1143.6666666666667,1152.0,3.858612300930075,1138.0,-14.0,1161.5,1166.0,2.101586702153082,1159.0,-7.0,163.33333333333334,165.0,0.5773502691896257,163.0,0.0,,,,,,,,,,,,,,,,,,,,,,,,,,,,,,,,,,,,,,,,,,,
B,20260729_182513,2.0,2026-07-29 18:25:52,70.0,1392.0,289.0,5.0,0.17025377100071637,490.5,931.0,2943.0,,,current pose direct MOVEP lift-hover sample,1742.0,44.0,1242.0,120.0,76.0,1.0,1.5798663870009477,1242.0,76.0,1742.0,-4.0,1393.0,61.0,65.0,0.0,,,,1742.0,-21.0,1469.0,910.0,931.0,1.0,1.5798663870009477,1469.0,931.0,1741.0,19.0,1478.0,766.0,747.0,1.0,1.4096126160002314,1502.0,301.0,1499.0,-1.0,1358.0,890.0,891.0,1.0,1.4096126160002314,1355.0,105.0,1050.0,93.0,915.0,326.0,233.0,1.0,1.5798663870009477,915.0,233.0,34.0,4.914782388001186,1407.0,1413.0,2.326319992151199,1405.0,-8.0,3239.4411764705883,3255.0,6.589613826365156,3234.0,-21.0,82.6470588235294,83.0,0.7624400821656306,83.0,0.0,71.29411764705883,72.0,0.858501148195672,72.0,0.0,1026.4411764705883,1033.0,3.1077812822446007,1023.0,-10.0,652.0588235294117,654.0,0.9055767246082737,651.0,-3.0,1141.7941176470588,1147.0,1.7283009637945839,1140.0,-7.0,265.20588235294116,267.0,0.758458644601625,265.0,-1.0,,,,,,,,,,,,,,,,,,,,,,,,,,,,,,,,,,,,,,,,,,,
B,20260729_182513,3.0,2026-07-29 18:26:05,70.0,1383.8,309.2,6.0,0.2251714850008284,537.1666666666666,1116.0,3223.0,,,current pose direct MOVEP lift-hover sample,1742.0,44.0,1211.0,127.0,83.0,1.0,1.4879500970000663,1241.0,74.0,1741.0,-4.0,1275.0,105.0,109.0,1.0,1.262778611999238,1403.0,71.0,1742.0,-23.0,1438.0,539.0,562.0,1.0,1.4879500970000663,1450.0,528.0,1741.0,17.0,1433.0,1133.0,1116.0,1.0,1.4879500970000663,1450.0,368.0,1499.0,0.0,1377.0,1062.0,1062.0,1.0,1.4879500970000663,1375.0,279.0,1051.0,93.0,916.0,384.0,291.0,1.0,1.4879500970000663,915.0,270.0,35.0,4.910337695000635,1297.057142857143,1302.0,3.1887557550408467,1293.0,-8.0,2982.8571428571427,3011.0,15.16790381438546,2962.0,-49.0,84.17142857142858,85.0,0.9098104758908947,85.0,0.0,83.02857142857142,87.0,3.418318001471436,80.0,-2.0,583.7714285714286,590.0,3.5139372649551976,581.0,-9.0,934.8285714285714,953.0,8.261738711107501,923.0,-30.0,1026.7142857142858,1035.0,4.41148778642715,1020.0,-15.0,270.34285714285716,273.0,2.110421178585073,273.0,7.0,,,,,,,,,,,,,,,,,,,,,,,,,,,,,,,,,,,,,,,,,,,
B,20260729_182513,4.0,2026-07-29 18:26:18,70.0,1396.0,296.8,6.0,0.31030348099920957,669.3333333333334,1217.0,4016.0,,,current pose direct MOVEP lift-hover sample,1742.0,43.0,1212.0,128.0,85.0,1.0,1.51874926399978,1249.0,79.0,1740.0,-4.0,1354.0,578.0,582.0,1.0,1.2084457830005704,1448.0,72.0,1742.0,-21.0,1449.0,587.0,608.0,1.0,1.51874926399978,1465.0,591.0,1741.0,17.0,1432.0,1111.0,1094.0,1.0,1.51874926399978,1458.0,326.0,1499.0,0.0,1364.0,1217.0,1217.0,1.0,1.51874926399978,1360.0,692.0,1051.0,91.0,918.0,521.0,430.0,1.0,1.348866428999827,915.0,120.0,32.0,4.8585608749999665,1945.46875,1955.0,4.723507535454982,1939.0,-16.0,4109.28125,4130.0,10.61023790673423,4092.0,-38.0,85.40625,87.0,0.9307045382397144,84.0,-2.0,766.25,776.0,4.847679857416329,758.0,-18.0,423.6875,425.0,0.8076779989575054,424.0,1.0,888.46875,890.0,0.7899515412352837,887.0,-3.0,1448.53125,1454.0,2.915308463524915,1444.0,-10.0,496.9375,501.0,1.869784412706449,495.0,-6.0,,,,,,,,,,,,,,,,,,,,,,,,,,,,,,,,,,,,,,,,,,,
B,20260729_182513,5.0,2026-07-29 18:26:31,70.0,1390.8,302.2,5.0,0.2897644040003797,364.5,1109.0,2187.0,,,current pose direct MOVEP lift-hover sample,1742.0,42.0,1211.0,127.0,85.0,1.0,1.3101248319999286,1258.0,73.0,1741.0,-4.0,1286.0,88.0,92.0,1.0,1.3101248319999286,1401.0,70.0,1742.0,-23.0,1424.0,68.0,91.0,1.0,1.5998892360003083,1424.0,91.0,1741.0,17.0,1461.0,1126.0,1109.0,1.0,1.3101248319999286,1497.0,89.0,1499.0,0.0,1375.0,778.0,778.0,1.0,1.4350048529995547,1374.0,354.0,1050.0,93.0,916.0,125.0,32.0,0.0,,,,36.0,4.915111780999723,993.5,1040.0,18.11613768010291,973.0,-67.0,2321.9166666666665,2410.0,35.29429840639986,2281.0,-129.0,64.69444444444444,67.0,1.3908319741244495,65.0,0.0,94.05555555555556,95.0,0.9111788592698181,94.0,1.0,343.0833333333333,393.0,19.300798774489447,318.0,-75.0,826.5833333333334,831.0,2.6180463454008347,831.0,12.0,837.9444444444445,860.0,8.449011922653192,828.0,-32.0,155.55555555555554,180.0,9.702360664762766,145.0,-35.0,,,,,,,,,,,,,,,,,,,,,,,,,,,,,,,,,,,,,,,,,,,
B,20260729_182513,6.0,2026-07-29 18:26:44,70.0,1389.8,303.0,6.0,0.37534130600033677,468.3333333333333,934.0,2810.0,,,current pose direct MOVEP lift-hover sample,1742.0,44.0,1211.0,107.0,63.0,1.0,1.3844798200007062,1266.0,75.0,1740.0,-2.0,1241.0,85.0,87.0,1.0,1.1746124900000723,1403.0,70.0,1742.0,-21.0,1442.0,739.0,760.0,1.0,1.549953796000409,1452.0,472.0,1741.0,17.0,1440.0,751.0,734.0,1.0,1.549953796000409,1452.0,435.0,1499.0,-1.0,1377.0,933.0,934.0,1.0,1.549953796000409,1376.0,226.0,1050.0,91.0,915.0,323.0,232.0,1.0,1.549953796000409,915.0,138.0,35.0,4.874664020999262,1175.6571428571428,1182.0,3.1436362670626887,1172.0,-10.0,2759.7714285714287,2774.0,6.650824714857181,2754.0,-20.0,63.714285714285715,65.0,0.8806305718527109,64.0,1.0,84.77142857142857,85.0,0.5390846361175202,85.0,0.0,733.5714285714286,737.0,1.076653924652387,733.0,-4.0,702.0571428571428,707.0,2.5064813942241497,700.0,-7.0,947.4,950.0,1.7920459177790538,945.0,-5.0,228.25714285714287,232.0,1.537026017864316,227.0,-5.0,,,,,,,,,,,,,,,,,,,,,,,,,,,,,,,,,,,,,,,,,,,
B,20260729_182513,7.0,2026-07-29 18:26:56,70.0,1378.0,314.8,6.0,0.1799394730005588,600.1666666666666,1135.0,3601.0,,,current pose direct MOVEP lift-hover sample,1742.0,42.0,1226.0,125.0,83.0,1.0,1.475250606001282,1226.0,83.0,1740.0,-2.0,1302.0,78.0,80.0,1.0,1.2953111330007232,1354.0,79.0,1742.0,-21.0,1437.0,955.0,976.0,1.0,1.2953111330007232,1469.0,197.0,1741.0,15.0,1434.0,1049.0,1034.0,1.0,1.2953111330007232,1469.0,151.0,1499.0,-1.0,1375.0,1134.0,1135.0,1.0,1.2953111330007232,1372.0,85.0,1047.0,91.0,915.0,384.0,293.0,1.0,1.2953111330007232,915.0,73.0,35.0,4.854989714998737,1547.142857142857,1555.0,3.8033282953814256,1543.0,-12.0,3647.6857142857143,3664.0,8.238486090370275,3638.0,-25.0,86.42857142857143,87.0,0.8713114675415375,86.0,1.0,75.74285714285715,77.0,0.6477590885002648,76.0,2.0,951.1428571428571,954.0,1.3967893213234648,950.0,-4.0,987.2285714285714,995.0,3.3302570839047787,983.0,-12.0,1261.1714285714286,1267.0,2.823227274751,1258.0,-9.0,285.9714285714286,288.0,1.0552105892925365,285.0,-3.0,,,,,,,,,,,,,,,,,,,,,,,,,,,,,,,,,,,,,,,,,,,
B,20260729_182513,8.0,2026-07-29 18:27:09,70.0,1368.4,323.8,6.0,0.2951987399992504,492.1666666666667,935.0,2953.0,,,current pose direct MOVEP lift-hover sample,1742.0,44.0,1212.0,129.0,85.0,1.0,1.4500875409994478,1219.0,82.0,1740.0,-2.0,1354.0,470.0,472.0,1.0,1.2899072149994026,1399.0,150.0,1739.0,-19.0,1427.0,916.0,935.0,1.0,1.585105954998653,1427.0,935.0,1741.0,15.0,1420.0,228.0,213.0,1.0,1.585105954998653,1420.0,213.0,1499.0,0.0,1378.0,831.0,831.0,1.0,1.4500875409994478,1377.0,459.0,1046.0,92.0,918.0,509.0,417.0,1.0,1.2899072149994026,915.0,77.0,36.0,4.885214608999377,1622.4722222222222,1628.0,2.432261306218638,1618.0,-10.0,3639.8888888888887,3659.0,9.0639020839622,3624.0,-35.0,64.47222222222223,67.0,1.189913888366883,63.0,-2.0,336.72222222222223,339.0,1.520436909267112,339.0,5.0,753.4444444444445,757.0,2.0875882475617704,750.0,-7.0,862.7777777777778,875.0,5.344317392807217,854.0,-21.0,1229.638888888889,1235.0,2.2379650699510454,1226.0,-9.0,392.8333333333333,393.0,0.37267799624996495,392.0,-1.0,,,,,,,,,,,,,,,,,,,,,,,,,,,,,,,,,,,,,,,,,,,
B,20260729_182513,9.0,2026-07-29 18:27:22,70.0,1389.8,303.2,6.0,0.13962608400106546,561.1666666666666,1073.0,3367.0,,,current pose direct MOVEP lift-hover sample,1742.0,44.0,1211.0,128.0,84.0,1.0,1.3247444899989205,1261.0,71.0,1741.0,-4.0,1288.0,92.0,96.0,1.0,1.3247444899989205,1394.0,72.0,1742.0,-21.0,1444.0,811.0,832.0,1.0,1.464370573999986,1462.0,451.0,1741.0,15.0,1439.0,1006.0,991.0,1.0,1.464370573999986,1461.0,323.0,1499.0,-1.0,1374.0,1072.0,1073.0,1.0,1.464370573999986,1371.0,197.0,1050.0,92.0,916.0,383.0,291.0,1.0,1.464370573999986,916.0,139.0,36.0,4.96502884399888,1423.7777777777778,1432.0,3.705184889007348,1420.0,-12.0,3348.6666666666665,3362.0,6.802777210652851,3338.0,-22.0,78.13888888888889,80.0,0.7510281019219874,78.0,2.0,80.55555555555556,82.0,0.9844469525927417,80.0,2.0,835.5277777777778,837.0,0.8328702416980528,835.0,-2.0,930.6666666666666,937.0,3.39934634239519,925.0,-12.0,1153.638888888889,1160.0,2.6578267832717284,1151.0,-9.0,270.1388888888889,272.0,1.1341364256996447,269.0,-3.0,,,,,,,,,,,,,,,,,,,,,,,,,,,,,,,,,,,,,,,,,,,
B,20260729_182513,10.0,2026-07-29 18:27:34,70.0,1383.4,309.4,6.0,0.45001327200043306,514.1666666666666,915.0,3085.0,,,current pose direct MOVEP lift-hover sample,1742.0,44.0,1213.0,127.0,83.0,1.0,1.3696183920001204,1250.0,74.0,1740.0,-2.0,1353.0,360.0,362.0,1.0,1.0548195419996773,1449.0,85.0,1742.0,-21.0,1427.0,894.0,915.0,1.0,1.5048328140001104,1427.0,915.0,1741.0,17.0,1413.0,530.0,513.0,1.0,1.5048328140001104,1413.0,513.0,1499.0,-1.0,1380.0,817.0,818.0,1.0,1.3696183920001204,1378.0,479.0,1050.0,91.0,918.0,485.0,394.0,1.0,1.22479390800072,915.0,100.0,35.0,4.989690643998983,1668.5714285714287,1675.0,3.2362739976329418,1664.0,-11.0,3779.3714285714286,3800.0,10.701363636166626,3763.0,-37.0,84.34285714285714,85.0,0.8599952539024235,83.0,0.0,276.9714285714286,278.0,1.0277774713488543,278.0,3.0,862.1428571428571,865.0,1.958758457257441,859.0,-6.0,887.3428571428572,902.0,6.60710810801673,879.0,-23.0,1278.0,1283.0,2.81830749615033,1274.0,-9.0,390.57142857142856,392.0,0.6880911187881312,390.0,-2.0,,,,,,,,,,,,,,,,,,,,,,,,,,,,,,,,,,,,,,,,,,,
B,20260729_182513,11.0,2026-07-29 18:27:47,70.0,1384.2,308.8,6.0,0.6003450000007433,532.3333333333334,1014.0,3194.0,,,current pose direct MOVEP lift-hover sample,1742.0,44.0,1210.0,122.0,78.0,1.0,1.4597650159994373,1228.0,79.0,1741.0,-4.0,1243.0,80.0,84.0,1.0,1.154690147999645,1397.0,71.0,1742.0,-21.0,1432.0,993.0,1014.0,1.0,1.7550351480003883,1432.0,1014.0,1741.0,17.0,1455.0,768.0,751.0,1.0,1.4597650159994373,1486.0,181.0,1499.0,0.0,1380.0,1005.0,1005.0,1.0,1.6146341710009438,1378.0,285.0,1050.0,92.0,915.0,354.0,262.0,1.0,1.7550351480003883,915.0,262.0,36.0,4.945041488001152,1420.8333333333333,1429.0,3.5394600969325505,1415.0,-14.0,3285.222222222222,3319.0,9.818098681944232,3270.0,-49.0,64.11111111111111,80.0,2.796602877478493,62.0,-18.0,87.5,89.0,0.8660254037844386,89.0,4.0,999.9166666666666,1014.0,6.439353832317167,990.0,-24.0,712.8611111111111,715.0,0.9472996058322185,714.0,3.0,1147.0555555555557,1153.0,2.61347410807535,1144.0,-9.0,273.77777777777777,276.0,1.0570165328022472,271.0,-5.0,,,,,,,,,,,,,,,,,,,,,,,,,,,,,,,,,,,,,,,,,,,
B,20260729_182513,12.0,2026-07-29 18:28:00,70.0,1370.8,322.0,6.0,0.4052351489990542,338.5,739.0,2031.0,,,current pose direct MOVEP lift-hover sample;bad_grasp_auto_low_hover,1742.0,46.0,1215.0,105.0,59.0,1.0,1.4446134330009954,1252.0,71.0,1740.0,-2.0,1373.0,737.0,739.0,1.0,1.4446134330009954,1410.0,408.0,1742.0,-23.0,1411.0,31.0,54.0,1.0,1.4446134330009954,1462.0,76.0,1741.0,16.0,1358.0,117.0,101.0,1.0,1.8498485820000496,1360.0,149.0,1499.0,-1.0,1374.0,707.0,708.0,1.0,1.4446134330009954,1370.0,140.0,1047.0,93.0,912.0,463.0,370.0,1.0,1.4446134330009954,906.0,241.0,35.0,4.909798487999069,49.31428571428572,51.0,0.5742786069211937,49.0,0.0,292.62857142857143,299.0,3.0620787923585904,295.0,7.0,69.6,72.0,1.126308762538687,69.0,0.0,77.11428571428571,78.0,0.8870956969291443,78.0,2.0,51.02857142857143,52.0,0.9098104758908947,52.0,2.0,45.57142857142857,47.0,1.076653924652387,47.0,3.0,21.0,21.0,0.0,21.0,0.0,28.314285714285713,30.0,0.5742786069211937,28.0,0.0,,,,,,,,,,,,,,,,,,,,,,,,,,,,,,,,,,,,,,,,,,,
B,20260729_182513,13.0,2026-07-29 18:28:13,70.0,1378.8,314.0,6.0,0.0,567.3333333333334,1051.0,3404.0,,,current pose direct MOVEP lift-hover sample,1742.0,44.0,1214.0,125.0,81.0,1.0,1.4189303849998396,1252.0,72.0,1739.0,-1.0,1286.0,80.0,81.0,1.0,1.4189303849998396,1345.0,75.0,1742.0,-21.0,1439.0,960.0,981.0,1.0,1.4189303849998396,1460.0,382.0,1742.0,15.0,1441.0,944.0,929.0,1.0,1.4189303849998396,1463.0,415.0,1499.0,-1.0,1377.0,1050.0,1051.0,1.0,1.4189303849998396,1374.0,207.0,1050.0,94.0,915.0,375.0,281.0,1.0,1.4189303849998396,915.0,109.0,35.0,4.899846397998772,1471.7714285714285,1483.0,5.880163818348281,1463.0,-20.0,3451.0857142857144,3474.0,12.088652125199138,3432.0,-42.0,84.48571428571428,85.0,0.8060991988380506,83.0,0.0,77.62857142857143,79.0,0.8971610553204332,79.0,2.0,945.4285714285714,948.0,1.4199741302616202,944.0,-4.0,871.7714285714286,883.0,5.860695786512111,863.0,-20.0,1195.7714285714285,1205.0,4.529810556024323,1189.0,-16.0,276.0,278.0,1.5306394555404428,274.0,-4.0,,,,,,,,,,,,,,,,,,,,,,,,,,,,,,,,,,,,,,,,,,,
B,20260729_182513,14.0,2026-07-29 18:28:26,70.0,1364.0,317.0,4.0,0.14518269300060638,257.6666666666667,945.0,1546.0,,,current pose direct MOVEP lift-hover sample,1742.0,44.0,1214.0,125.0,81.0,1.0,1.4450617140009854,1214.0,81.0,1742.0,-4.0,1340.0,78.0,82.0,1.0,1.299879021000379,1396.0,71.0,1742.0,-20.0,1454.0,19.0,39.0,0.0,,,,1741.0,16.0,1472.0,961.0,945.0,1.0,1.4450617140009854,1472.0,945.0,1499.0,0.0,1374.0,383.0,383.0,1.0,1.4450617140009854,1374.0,383.0,1050.0,94.0,916.0,110.0,16.0,0.0,,,,32.0,4.996400862999508,883.71875,889.0,2.6366927082047313,879.0,-10.0,2241.21875,2255.0,5.7103763831730046,2233.0,-22.0,83.40625,85.0,0.7008644216251814,83.0,0.0,81.25,82.0,0.8660254037844386,82.0,2.0,273.8125,281.0,2.5054627816034305,271.0,-10.0,919.03125,922.0,1.310638560969423,918.0,-4.0,804.59375,808.0,1.7113476962616334,802.0,-6.0,79.125,81.0,1.1110243021644486,77.0,-4.0,,,,,,,,,,,,,,,,,,,,,,,,,,,,,,,,,,,,,,,,,,,
B,20260729_182513,15.0,2026-07-29 18:28:40,70.0,1371.6,321.0,6.0,0.0,594.6666666666666,1101.0,3568.0,,,current pose direct MOVEP lift-hover sample,1742.0,46.0,1213.0,122.0,76.0,1.0,1.4699733220004418,1214.0,76.0,1739.0,-2.0,1289.0,101.0,103.0,1.0,1.4699733220004418,1342.0,194.0,1742.0,-23.0,1437.0,956.0,979.0,1.0,1.4699733220004418,1465.0,291.0,1741.0,15.0,1433.0,1009.0,994.0,1.0,1.4699733220004418,1463.0,298.0,1499.0,0.0,1377.0,1101.0,1101.0,1.0,1.4699733220004418,1374.0,167.0,1050.0,93.0,915.0,408.0,315.0,1.0,1.4699733220004418,915.0,189.0,34.0,4.994980067000142,1474.6470588235295,1485.0,4.946076002253625,1469.0,-16.0,3366.176470588235,3410.0,21.803225055880386,3338.0,-72.0,77.88235294117646,80.0,0.899826972986962,78.0,2.0,74.8529411764706,76.0,0.9741467742164233,76.0,2.0,947.1470588235294,963.0,7.6394192608861715,936.0,-27.0,791.6470588235294,812.0,9.701068324859826,779.0,-33.0,1174.7941176470588,1188.0,5.87506901969323,1168.0,-20.0,299.8529411764706,301.0,1.1665018832383494,301.0,4.0,,,,,,,,,,,,,,,,,,,,,,,,,,,,,,,,,,,,,,,,,,,
B,20260729_182513,16.0,2026-07-29 18:28:53,70.0,1386.2,306.6,6.0,0.17507258499972522,507.5,922.0,3045.0,,,current pose direct MOVEP lift-hover sample,1742.0,44.0,1248.0,118.0,74.0,1.0,1.5549209879991395,1248.0,74.0,1740.0,-2.0,1344.0,226.0,228.0,1.0,1.5549209879991395,1344.0,228.0,1742.0,-21.0,1471.0,722.0,743.0,1.0,1.3798484029994142,1495.0,274.0,1741.0,17.0,1468.0,939.0,922.0,1.0,1.3798484029994142,1489.0,299.0,1499.0,0.0,1358.0,775.0,775.0,1.0,1.3798484029994142,1355.0,129.0,1050.0,93.0,910.0,396.0,303.0,1.0,1.3798484029994142,911.0,85.0,33.0,4.920141238999349,1673.969696969697,1681.0,3.0299999848469694,1670.0,-11.0,3843.151515151515,3858.0,6.4719497887384945,3831.0,-27.0,83.33333333333333,85.0,1.1720654306553768,80.0,-3.0,122.51515151515152,124.0,0.8917538769431613,124.0,3.0,953.7272727272727,958.0,1.5622968187454838,952.0,-6.0,1009.6060606060606,1015.0,2.718504423273431,1005.0,-10.0,1356.878787878788,1363.0,2.9517080392450716,1353.0,-10.0,317.09090909090907,318.0,0.28747978728803447,317.0,-1.0,,,,,,,,,,,,,,,,,,,,,,,,,,,,,,,,,,,,,,,,,,,
B,20260729_182513,17.0,2026-07-29 18:29:06,70.0,1387.8,305.0,6.0,0.12511695000102918,610.0,1066.0,3660.0,,,current pose direct MOVEP lift-hover sample,1742.0,44.0,1213.0,127.0,83.0,1.0,1.3998063819999516,1247.0,74.0,1740.0,-3.0,1292.0,122.0,125.0,1.0,1.2746894319989224,1393.0,73.0,1742.0,-21.0,1437.0,982.0,1003.0,1.0,1.3998063819999516,1466.0,285.0,1741.0,15.0,1433.0,1069.0,1054.0,1.0,1.3998063819999516,1465.0,242.0,1499.0,0.0,1373.0,1066.0,1066.0,1.0,1.3998063819999516,1368.0,154.0,1046.0,95.0,917.0,424.0,329.0,1.0,1.3998063819999516,916.0,152.0,34.0,4.889157781999529,1557.0294117647059,1570.0,5.067110176060136,1550.0,-20.0,3620.735294117647,3673.0,20.803434138918465,3595.0,-78.0,83.82352941176471,85.0,0.9226110083151837,85.0,1.0,77.08823529411765,78.0,0.3731934570720447,77.0,1.0,1018.5294117647059,1024.0,3.127066790588709,1014.0,-10.0,884.2647058823529,919.0,13.030075670245294,869.0,-50.0,1263.6764705882354,1281.0,6.623134979374744,1255.0,-26.0,293.3529411764706,295.0,1.6606581427638945,295.0,6.0,,,,,,,,,,,,,,,,,,,,,,,,,,,,,,,,,,,,,,,,,,,
C,20260729_182939,0.0,2026-07-29 18:29:52,70.0,1361.6,330.8,6.0,0.30001517299933766,532.6666666666666,1025.0,3196.0,,,current pose direct MOVEP lift-hover sample,1742.0,49.0,1211.0,113.0,64.0,1.0,1.5345580779994634,1214.0,79.0,1741.0,-3.0,1233.0,80.0,83.0,1.0,1.2345429050001258,1394.0,72.0,1739.0,-19.0,1391.0,906.0,925.0,1.0,1.5345580779994634,1411.0,373.0,1741.0,19.0,1400.0,819.0,800.0,1.0,1.5345580779994634,1419.0,506.0,1499.0,-1.0,1373.0,1024.0,1025.0,1.0,1.5345580779994634,1370.0,200.0,1047.0,95.0,917.0,394.0,299.0,1.0,1.5345580779994634,916.0,134.0,36.0,5.007054436999169,1341.75,1347.0,2.752524094152291,1338.0,-9.0,3147.3055555555557,3166.0,8.399138330290675,3136.0,-30.0,60.166666666666664,62.0,0.5,60.0,0.0,81.75,84.0,1.0103629710818451,81.0,0.0,891.6666666666666,899.0,2.9907264074877267,888.0,-11.0,771.9722222222222,779.0,2.8135200482186713,769.0,-10.0,1046.75,1052.0,2.752524094152291,1043.0,-9.0,295.0,295.0,0.0,295.0,0.0,,,,,,,,,,,,,,,,,,,,,,,,,,,,,,,,,,,,,,,,,,,
C,20260729_182939,1.0,2026-07-29 18:30:05,70.0,1373.0,319.2,6.0,0.2852313720013626,557.1666666666666,1037.0,3343.0,,,current pose direct MOVEP lift-hover sample,1742.0,44.0,1211.0,124.0,80.0,1.0,1.5051688949988602,1257.0,71.0,1740.0,-2.0,1233.0,76.0,78.0,1.0,1.3648489939987485,1403.0,71.0,1739.0,-21.0,1392.0,948.0,969.0,1.0,1.650080366000111,1415.0,366.0,1741.0,17.0,1407.0,890.0,873.0,1.0,1.650080366000111,1424.0,576.0,1499.0,0.0,1368.0,1037.0,1037.0,1.0,1.650080366000111,1366.0,258.0,1050.0,91.0,915.0,397.0,306.0,1.0,1.650080366000111,915.0,132.0,32.0,4.985077715000443,1409.9375,1415.0,2.6450129961873534,1405.0,-10.0,3326.3125,3341.0,6.784345491644717,3317.0,-23.0,64.0625,65.0,0.8637671850678283,65.0,1.0,80.3125,82.0,0.6343057228182637,80.0,1.0,923.40625,929.0,2.7255661682483514,920.0,-9.0,848.59375,853.0,1.8003363401042596,847.0,-6.0,1109.40625,1113.0,1.8684782411095935,1106.0,-7.0,300.53125,302.0,0.9348922063532245,299.0,-3.0,,,,,,,,,,,,,,,,,,,,,,,,,,,,,,,,,,,,,,,,,,,
C,20260729_182939,2.0,2026-07-29 18:30:18,70.0,1361.25,320.0,5.0,0.28520776699951966,193.66666666666666,582.0,1162.0,,,current pose direct MOVEP lift-hover sample;bad_grasp_auto_low_hover,1742.0,44.0,1213.0,124.0,80.0,1.0,1.359758688000511,1267.0,71.0,1742.0,-4.0,1234.0,87.0,91.0,1.0,1.2196981110009801,1396.0,72.0,1742.0,-23.0,1397.0,224.0,247.0,1.0,1.5049058780004998,1416.0,330.0,1741.0,16.0,1382.0,58.0,42.0,0.0,,,,1499.0,0.0,1366.0,582.0,582.0,1.0,1.5049058780004998,1366.0,76.0,1046.0,95.0,915.0,215.0,120.0,1.0,1.5049058780004998,915.0,103.0,35.0,4.985070614999131,43.05714285714286,45.0,1.3720236804049109,42.0,-3.0,299.74285714285713,302.0,1.2033965536372964,299.0,0.0,76.34285714285714,78.0,0.6737043498600912,77.0,1.0,92.11428571428571,93.0,0.918739153760773,91.0,0.0,48.25714285714286,50.0,0.6020373573058708,48.0,0.0,39.97142857142857,41.0,0.9406901504659616,41.0,2.0,19.0,20.0,0.9856107606091623,18.0,-2.0,24.057142857142857,26.0,0.8261047025600549,24.0,-1.0,,,,,,,,,,,,,,,,,,,,,,,,,,,,,,,,,,,,,,,,,,,
C,20260729_182939,3.0,2026-07-29 18:30:31,70.0,1372.0,320.6,6.0,0.32489388800058805,537.6666666666666,1001.0,3226.0,,,current pose direct MOVEP lift-hover sample,1742.0,42.0,1211.0,122.0,80.0,1.0,1.425151547000496,1252.0,76.0,1742.0,-4.0,1233.0,74.0,78.0,1.0,1.2503493650001474,1400.0,73.0,1739.0,-20.0,1384.0,981.0,1001.0,1.0,1.5752432530007354,1412.0,220.0,1741.0,15.0,1392.0,872.0,857.0,1.0,1.5752432530007354,1420.0,190.0,1499.0,0.0,1378.0,896.0,896.0,1.0,1.5752432530007354,1376.0,74.0,1049.0,93.0,916.0,407.0,314.0,1.0,1.5752432530007354,916.0,82.0,37.0,5.005109531999551,1428.837837837838,1435.0,3.32487360876229,1424.0,-11.0,3355.4864864864867,3371.0,7.930855315386933,3346.0,-25.0,67.21621621621621,69.0,0.7401656182502244,67.0,1.0,82.72972972972973,85.0,0.9197134879553274,85.0,3.0,977.8378378378378,983.0,2.1373577210559507,975.0,-8.0,798.8648648648649,805.0,3.0682520965012703,795.0,-10.0,1117.027027027027,1122.0,2.4548516384574257,1113.0,-9.0,311.81081081081084,313.0,0.9819406553829703,311.0,-2.0,,,,,,,,,,,,,,,,,,,,,,,,,,,,,,,,,,,,,,,,,,,
C,20260729_182939,4.0,2026-07-29 18:30:43,70.0,1363.0,330.2,6.0,0.5895806799999264,505.6666666666667,962.0,3034.0,,,current pose direct MOVEP lift-hover sample,1742.0,45.0,1211.0,118.0,73.0,1.0,1.5096067930007848,1213.0,82.0,1742.0,-4.0,1232.0,61.0,65.0,1.0,1.1751078010001947,1393.0,72.0,1742.0,-23.0,1385.0,867.0,890.0,1.0,1.6350441979993775,1414.0,234.0,1741.0,16.0,1385.0,978.0,962.0,1.0,1.6350441979993775,1417.0,119.0,1499.0,0.0,1378.0,740.0,740.0,1.0,1.764688481000121,1378.0,740.0,1050.0,93.0,916.0,397.0,304.0,1.0,1.6350441979993775,916.0,85.0,36.0,4.87591104600142,1494.9166666666667,1505.0,3.5619517121937516,1490.0,-15.0,3504.1944444444443,3525.0,9.173692593632573,3489.0,-36.0,63.638888888888886,65.0,0.7871459619613752,62.0,-2.0,67.75,69.0,0.7592027982620249,69.0,3.0,924.6388888888889,928.0,1.5661839287789387,922.0,-6.0,953.25,962.0,4.2906552206186666,946.0,-16.0,1183.0,1190.0,2.8185890875479607,1179.0,-11.0,311.9166666666667,315.0,0.9537935951882998,311.0,-4.0,,,,,,,,,,,,,,,,,,,,,,,,,,,,,,,,,,,,,,,,,,,
C,20260729_182939,5.0,2026-07-29 18:30:56,70.0,1359.4,332.4,6.0,0.5095997890002764,361.8333333333333,791.0,2171.0,,,current pose direct MOVEP lift-hover sample,1742.0,46.0,1211.0,123.0,77.0,1.0,1.4051270010004373,1226.0,81.0,1740.0,-4.0,1234.0,81.0,85.0,1.0,1.2600942959998065,1401.0,71.0,1739.0,-21.0,1369.0,372.0,393.0,1.0,1.7696940850000829,1369.0,393.0,1739.0,15.0,1404.0,806.0,791.0,1.0,1.569802706999326,1419.0,577.0,1499.0,0.0,1382.0,674.0,674.0,1.0,1.569802706999326,1382.0,144.0,1050.0,93.0,916.0,244.0,151.0,1.0,1.7696940850000829,916.0,151.0,36.0,4.920037730998956,1122.5277777777778,1129.0,2.3272075673923878,1121.0,-8.0,2565.5833333333335,2583.0,5.494315243958978,2560.0,-23.0,62.111111111111114,63.0,0.9362388636862621,63.0,2.0,85.36111111111111,87.0,0.5846545883291442,86.0,1.0,628.8888888888889,642.0,4.338316223412142,624.0,-18.0,666.6944444444445,667.0,0.46064233199380555,666.0,0.0,844.8611111111111,848.0,1.2282050538574525,844.0,-4.0,277.6666666666667,281.0,1.224744871391589,277.0,-4.0,,,,,,,,,,,,,,,,,,,,,,,,,,,,,,,,,,,,,,,,,,,
C,20260729_182939,6.0,2026-07-29 18:31:09,70.0,1358.0,335.0,6.0,0.14539152700126579,51.833333333333336,90.0,311.0,,,current pose direct MOVEP lift-hover sample;bad_grasp_auto_low_hover,1742.0,44.0,1211.0,122.0,78.0,1.0,1.4597659219998604,1248.0,75.0,1741.0,-2.0,1233.0,88.0,90.0,1.0,1.6051574490011262,1339.0,78.0,1742.0,-23.0,1357.0,34.0,57.0,1.0,1.6051574490011262,1428.0,500.0,1741.0,17.0,1360.0,53.0,36.0,1.0,1.6051574490011262,1420.0,186.0,1499.0,0.0,1355.0,23.0,23.0,1.0,1.6051574490011262,1355.0,177.0,1050.0,93.0,914.0,120.0,27.0,1.0,1.6051574490011262,915.0,154.0,35.0,4.849937453998791,49.68571428571428,51.0,0.7472398188926869,50.0,1.0,291.0571428571429,298.0,3.023175786608297,292.0,7.0,63.77142857142857,65.0,0.9587406706035725,62.0,-1.0,91.28571428571429,93.0,0.612788873986492,93.0,2.0,50.25714285714286,52.0,0.730669248716824,50.0,2.0,36.05714285714286,38.0,0.8925999629607605,37.0,3.0,23.0,23.0,0.0,23.0,0.0,26.685714285714287,28.0,0.7472398188926869,27.0,1.0,,,,,,,,,,,,,,,,,,,,,,,,,,,,,,,,,,,,,,,,,,,
C,20260729_182939,7.0,2026-07-29 18:31:22,70.0,1368.8,324.2,6.0,0.28011227500064706,173.5,743.0,1041.0,,,current pose direct MOVEP lift-hover sample;bad_grasp_auto_low_hover,1742.0,44.0,1211.0,121.0,77.0,1.0,1.369968480999887,1252.0,73.0,1741.0,-3.0,1238.0,88.0,91.0,1.0,1.369968480999887,1392.0,72.0,1742.0,-23.0,1402.0,36.0,59.0,1.0,1.6500807560005342,1422.0,512.0,1741.0,14.0,1376.0,48.0,34.0,1.0,1.6500807560005342,1419.0,126.0,1499.0,-1.0,1361.0,742.0,743.0,1.0,1.6500807560005342,1359.0,143.0,1050.0,93.0,916.0,130.0,37.0,1.0,1.6500807560005342,916.0,153.0,34.0,4.945071052999992,45.970588235294116,47.0,1.2243916644999204,44.0,-3.0,300.5,303.0,1.21872643265298,299.0,-2.0,75.5,76.0,0.7764928695555344,76.0,0.0,91.88235294117646,92.0,0.32218973970892123,92.0,1.0,45.85294117647059,46.0,0.429250574097836,46.0,0.0,41.294117647058826,43.0,0.6655122646461624,41.0,0.0,20.5,21.0,0.8488746876271654,19.0,-2.0,25.470588235294116,26.0,0.6960093862470137,25.0,-1.0,,,,,,,,,,,,,,,,,,,,,,,,,,,,,,,,,,,,,,,,,,,
C,20260729_182939,8.0,2026-07-29 18:31:34,70.0,1371.4,321.6,6.0,0.38520329700077127,494.0,1024.0,2964.0,,,current pose direct MOVEP lift-hover sample,1742.0,45.0,1216.0,103.0,58.0,1.0,1.4101887979995809,1231.0,79.0,1740.0,-4.0,1251.0,80.0,84.0,1.0,1.1549325399992085,1401.0,72.0,1742.0,-23.0,1384.0,806.0,829.0,1.0,1.4101887979995809,1422.0,87.0,1742.0,13.0,1387.0,1037.0,1024.0,1.0,1.4101887979995809,1424.0,117.0,1499.0,-1.0,1379.0,670.0,671.0,1.0,1.5401358369999798,1379.0,671.0,1050.0,93.0,916.0,391.0,298.0,1.0,1.5401358369999798,916.0,298.0,36.0,4.945009065000704,1540.638888888889,1547.0,3.473333155612422,1536.0,-11.0,3599.8055555555557,3616.0,7.183389189436528,3591.0,-24.0,62.666666666666664,64.0,0.8819171036881969,64.0,2.0,81.36111111111111,82.0,0.8548156974127288,82.0,2.0,1014.3055555555555,1018.0,1.7291527219428795,1012.0,-6.0,900.8333333333334,909.0,3.5237290853109955,897.0,-11.0,1216.3055555555557,1222.0,2.726612106671375,1213.0,-9.0,324.3333333333333,325.0,0.9428090415820634,323.0,-2.0,,,,,,,,,,,,,,,,,,,,,,,,,,,,,,,,,,,,,,,,,,,
C,20260729_182939,9.0,2026-07-29 18:31:47,70.0,1300.5,440.5,2.0,0.13997770700007095,53.833333333333336,92.0,323.0,,,current pose direct MOVEP lift-hover sample;bad_grasp_auto_low_hover,1742.0,44.0,1211.0,126.0,82.0,1.0,1.420215427000585,1251.0,72.0,1740.0,-4.0,1234.0,88.0,92.0,1.0,1.5601931340006558,1350.0,80.0,1742.0,-22.0,1361.0,31.0,53.0,0.0,,,,1742.0,15.0,1362.0,53.0,38.0,0.0,,,,1499.0,0.0,1363.0,30.0,30.0,0.0,,,,1050.0,93.0,915.0,121.0,28.0,0.0,,,,36.0,4.9847316590003174,55.02777777777778,57.0,1.0925533577387299,53.0,-3.0,288.30555555555554,291.0,1.745143172166119,288.0,1.0,63.083333333333336,65.0,0.982485510212633,63.0,2.0,93.88888888888889,95.0,0.8425417160057279,95.0,0.0,51.05555555555556,52.0,0.2290614236454256,51.0,0.0,25.25,26.0,0.924211375534118,26.0,2.0,28.61111111111111,29.0,0.717935999073338,27.0,-2.0,26.416666666666668,28.0,0.5951190357119042,26.0,-1.0,,,,,,,,,,,,,,,,,,,,,,,,,,,,,,,,,,,,,,,,,,,
C,20260729_182939,10.0,2026-07-29 18:32:01,70.0,1349.25,331.75,5.0,0.5228615830001218,50.833333333333336,96.0,305.0,,,current pose direct MOVEP lift-hover sample;bad_grasp_auto_low_hover,1742.0,44.0,1208.0,106.0,62.0,1.0,1.7223884689992701,1222.0,82.0,1741.0,-4.0,1233.0,92.0,96.0,1.0,1.415115715999491,1382.0,76.0,1742.0,-23.0,1362.0,35.0,58.0,1.0,1.7223884689992701,1437.0,142.0,1741.0,15.0,1361.0,55.0,40.0,0.0,,,,1499.0,-1.0,1359.0,21.0,22.0,1.0,1.7223884689992701,1356.0,75.0,1050.0,94.0,907.0,121.0,27.0,1.0,1.9379772989996127,906.0,122.0,31.0,4.975041469999269,48.0,49.0,0.672021505032247,48.0,0.0,304.9032258064516,309.0,2.291003987685768,305.0,4.0,63.70967741935484,65.0,0.8869501345075819,65.0,1.0,92.16129032258064,93.0,0.8834234798470422,93.0,2.0,59.645161290322584,61.0,0.8631669780812679,59.0,0.0,41.38709677419355,42.0,0.9043771463791088,40.0,1.0,22.0,22.0,0.0,22.0,0.0,26.0,27.0,0.672021505032247,26.0,0.0,,,,,,,,,,,,,,,,,,,,,,,,,,,,,,,,,,,,,,,,,,,
C,20260729_182939,11.0,2026-07-29 18:32:15,70.0,1364.2,328.6,6.0,0.4542435170005774,480.3333333333333,946.0,2882.0,,,current pose direct MOVEP lift-hover sample,1742.0,46.0,1212.0,104.0,58.0,1.0,1.489926675998504,1245.0,72.0,1740.0,-4.0,1270.0,78.0,82.0,1.0,1.489926675998504,1392.0,70.0,1742.0,-23.0,1411.0,814.0,837.0,1.0,1.9441701929990813,1411.0,837.0,1741.0,15.0,1412.0,961.0,946.0,1.0,1.9441701929990813,1412.0,946.0,1499.0,-1.0,1361.0,674.0,675.0,1.0,1.9441701929990813,1361.0,675.0,1050.0,92.0,911.0,376.0,284.0,1.0,1.9441701929990813,911.0,284.0,34.0,4.937756998000623,1379.235294117647,1384.0,2.2759461320180123,1377.0,-7.0,3304.8823529411766,3317.0,4.9691087251630295,3296.0,-21.0,62.23529411764706,63.0,0.909389696102371,61.0,0.0,81.58823529411765,82.0,0.7323470351758078,82.0,0.0,817.9411764705883,819.0,0.3379154497963546,817.0,-2.0,963.8823529411765,971.0,3.305652074876969,959.0,-12.0,1093.4117647058824,1098.0,2.2507207611422344,1091.0,-7.0,285.8235294117647,286.0,0.3812200410828153,286.0,0.0,,,,,,,,,,,,,,,,,,,,,,,,,,,,,,,,,,,,,,,,,,,
C,20260729_182939,12.0,2026-07-29 18:32:28,70.0,1375.4,318.0,6.0,0.464099630000419,560.8333333333334,1103.0,3365.0,,,current pose direct MOVEP lift-hover sample,1742.0,44.0,1203.0,121.0,77.0,1.0,1.4757536519991845,1247.0,79.0,1742.0,-6.0,1240.0,81.0,87.0,1.0,1.4757536519991845,1392.0,78.0,1742.0,-23.0,1402.0,758.0,781.0,1.0,1.7549121039992315,1437.0,81.0,1742.0,15.0,1407.0,1046.0,1031.0,1.0,1.7549121039992315,1439.0,198.0,1499.0,-1.0,1364.0,1102.0,1103.0,1.0,1.7549121039992315,1362.0,134.0,1047.0,93.0,916.0,379.0,286.0,1.0,1.9398532819996035,916.0,227.0,34.0,4.92062782100038,1375.764705882353,1381.0,2.701402941930596,1373.0,-8.0,3290.176470588235,3302.0,5.762304421768686,3283.0,-19.0,64.55882352941177,65.0,0.7352941176470589,65.0,0.0,85.8529411764706,87.0,1.1914487706193584,87.0,3.0,761.5588235294117,764.0,1.5183422940165066,759.0,-4.0,1002.4411764705883,1009.0,2.8819027259432803,999.0,-10.0,1091.764705882353,1096.0,2.1970411055274233,1089.0,-7.0,284.0,285.0,0.7669649888473704,284.0,-1.0,,,,,,,,,,,,,,,,,,,,,,,,,,,,,,,,,,,,,,,,,,,
C,20260729_182939,13.0,2026-07-29 18:32:41,70.0,1351.5,329.5,4.0,0.32364850799967826,245.33333333333334,917.0,1472.0,,,current pose direct MOVEP lift-hover sample,1742.0,46.0,1214.0,123.0,77.0,1.0,1.5237376169989147,1214.0,77.0,1742.0,-4.0,1297.0,87.0,91.0,1.0,1.2000891089992365,1395.0,72.0,1742.0,-22.0,1408.0,25.0,47.0,0.0,,,,1741.0,14.0,1421.0,931.0,917.0,1.0,1.5237376169989147,1421.0,917.0,1499.0,-1.0,1376.0,319.0,320.0,1.0,1.5237376169989147,1376.0,320.0,1050.0,93.0,916.0,113.0,20.0,0.0,,,,35.0,4.937148327999239,760.2285714285714,763.0,1.6403085822179797,759.0,-4.0,2102.714285714286,2110.0,3.122008772490911,2100.0,-10.0,80.97142857142858,83.0,0.7362342129557214,82.0,2.0,86.71428571428571,87.0,0.5642405045180429,87.0,0.0,46.628571428571426,47.0,0.720544012166771,47.0,2.0,1128.1714285714286,1135.0,2.5799857617072703,1125.0,-10.0,744.9428571428572,747.0,1.392692297937593,743.0,-4.0,15.285714285714286,16.0,0.6998542122237652,16.0,0.0,,,,,,,,,,,,,,,,,,,,,,,,,,,,,,,,,,,,,,,,,,,
C,20260729_182939,14.0,2026-07-29 18:32:55,70.0,1362.0,331.0,6.0,0.7087824269983685,377.1666666666667,714.0,2263.0,,,current pose direct MOVEP lift-hover sample,1742.0,44.0,1214.0,104.0,60.0,1.0,1.5698077710003417,1249.0,71.0,1741.0,-4.0,1234.0,85.0,89.0,1.0,1.4246374770009425,1389.0,72.0,1742.0,-23.0,1364.0,474.0,497.0,1.0,2.133419903999311,1364.0,497.0,1741.0,15.0,1439.0,667.0,652.0,1.0,1.5698077710003417,1453.0,365.0,1499.0,0.0,1356.0,714.0,714.0,1.0,1.5698077710003417,1355.0,91.0,1050.0,93.0,915.0,344.0,251.0,1.0,2.133419903999311,915.0,251.0,33.0,4.8253312060005555,820.7272727272727,825.0,1.9736556955071252,817.0,-8.0,1966.3030303030303,1973.0,3.942655992070447,1957.0,-16.0,64.03030303030303,65.0,0.9687495371603504,63.0,0.0,90.93939393939394,92.0,0.5999693900976767,89.0,-1.0,267.1818181818182,269.0,1.6414063713879807,265.0,-4.0,723.4242424242424,726.0,0.8538789577942649,723.0,-3.0,658.6666666666666,660.0,1.063632046956621,656.0,-4.0,162.06060606060606,165.0,1.013227484684878,161.0,-4.0,,,,,,,,,,,,,,,,,,,,,,,,,,,,,,,,,,,,,,,,,,,
C,20260729_182939,15.0,2026-07-29 18:33:08,70.0,1372.2,320.8,6.0,0.3403041959991242,579.8333333333334,1049.0,3479.0,,,current pose direct MOVEP lift-hover sample,1742.0,44.0,1211.0,124.0,80.0,1.0,1.7237389649999386,1256.0,70.0,1741.0,-4.0,1235.0,78.0,82.0,1.0,1.508859150000717,1403.0,71.0,1742.0,-23.0,1406.0,1026.0,1049.0,1.0,1.8491633459998411,1426.0,386.0,1741.0,16.0,1406.0,923.0,907.0,1.0,1.8491633459998411,1421.0,599.0,1499.0,-1.0,1359.0,1046.0,1047.0,1.0,1.8491633459998411,1355.0,288.0,1050.0,93.0,916.0,407.0,314.0,1.0,1.8491633459998411,916.0,138.0,36.0,4.9253415209987,1450.5555555555557,1458.0,3.624334762288909,1445.0,-13.0,3476.4166666666665,3496.0,8.035943559339431,3467.0,-29.0,63.583333333333336,65.0,0.8620067027323833,65.0,1.0,80.36111111111111,82.0,0.7510281019219874,82.0,2.0,1012.2777777777778,1018.0,2.3524350399711254,1009.0,-9.0,869.6388888888889,876.0,3.1460096222373313,866.0,-10.0,1140.4722222222222,1147.0,3.0865848721263935,1136.0,-11.0,310.0833333333333,311.0,0.7216878364870323,309.0,-2.0,,,,,,,,,,,,,,,,,,,,,,,,,,,,,,,,,,,,,,,,,,,
C,20260729_182939,16.0,2026-07-29 18:33:22,70.0,1369.2,324.0,6.0,0.37420039999960863,419.1666666666667,803.0,2515.0,,,current pose direct MOVEP lift-hover sample,1742.0,44.0,1211.0,120.0,76.0,1.0,2.219890349999332,1213.0,81.0,1742.0,-5.0,1238.0,84.0,89.0,1.0,2.0549939920001634,1402.0,71.0,1742.0,-23.0,1398.0,666.0,689.0,1.0,2.429194391999772,1415.0,639.0,1741.0,13.0,1440.0,624.0,611.0,1.0,2.219890349999332,1464.0,374.0,1499.0,0.0,1352.0,803.0,803.0,1.0,2.219890349999332,1352.0,89.0,1048.0,92.0,916.0,339.0,247.0,1.0,2.429194391999772,916.0,213.0,36.0,4.915027933999227,1041.4444444444443,1045.0,1.7391639824998364,1040.0,-5.0,2454.4166666666665,2459.0,2.1131203888509944,2453.0,-6.0,63.72222222222222,65.0,1.0437941237808852,65.0,3.0,89.0,90.0,0.97182531580755,89.0,1.0,649.9444444444445,654.0,1.715038782270348,648.0,-6.0,610.3055555555555,611.0,0.699977953797453,611.0,1.0,797.9722222222222,800.0,1.0925533577387299,797.0,-3.0,243.47222222222223,245.0,0.7259519080762211,243.0,-2.0,,,,,,,,,,,,,,,,,,,,,,,,,,,,,,,,,,,,,,,,,,,
C,20260729_182939,17.0,2026-07-29 18:33:35,70.0,1371.0,321.6,6.0,0.43963355899904855,515.5,937.0,3093.0,,,current pose direct MOVEP lift-hover sample,1742.0,44.0,1211.0,122.0,78.0,1.0,1.3957433989999117,1254.0,72.0,1740.0,-3.0,1235.0,76.0,79.0,1.0,1.2359925600012502,1391.0,71.0,1741.0,-23.0,1384.0,874.0,897.0,1.0,1.535837702000208,1414.0,131.0,1741.0,16.0,1392.0,953.0,937.0,1.0,1.535837702000208,1420.0,260.0,1499.0,0.0,1378.0,801.0,801.0,1.0,1.535837702000208,1376.0,75.0,1050.0,93.0,917.0,394.0,301.0,1.0,1.6756261190002988,917.0,301.0,35.0,4.859894593000718,1456.057142857143,1461.0,2.540448297253933,1452.0,-9.0,3412.342857142857,3426.0,6.650210983303385,3404.0,-22.0,63.4,65.0,0.6845227743263395,64.0,1.0,81.0,82.0,0.3380617018914066,82.0,2.0,1026.142857142857,1033.0,2.967854993982375,1022.0,-11.0,785.7428571428571,789.0,1.5183234577813054,784.0,-5.0,1137.6857142857143,1142.0,2.1483738510979955,1135.0,-7.0,318.37142857142857,319.0,0.720544012166771,317.0,-2.0,,,,,,,,,,,,,,,,,,,,,,,,,,,,,,,,,,,,,,,,,,,
A,20260729_185553,0.0,2026-07-29 18:56:07,70.0,1444.75,236.0,5.0,0.2612872249992506,461.3333333333333,987.0,2768.0,,,current pose direct MOVEP lift-hover sample,1742.0,51.0,1272.0,115.0,64.0,0.0,,,,1740.0,2.0,1340.0,77.0,75.0,1.0,1.3409083819988155,1340.0,75.0,1742.0,-10.0,1484.0,977.0,987.0,1.0,1.1948423559988441,1509.0,184.0,1742.0,25.0,1530.0,471.0,446.0,1.0,1.0796211569995648,1554.0,595.0,1499.0,-1.0,1377.0,970.0,971.0,1.0,1.0796211569995648,1376.0,292.0,1050.0,91.0,915.0,316.0,225.0,1.0,1.3409083819988155,915.0,225.0,35.0,4.889808026999162,1242.2571428571428,1254.0,5.0048140090622875,1235.0,-19.0,2744.4857142857145,2767.0,10.2688751048188,2730.0,-37.0,81.54285714285714,82.0,0.6477590885002648,82.0,1.0,78.85714285714286,79.0,0.3499271061118826,79.0,1.0,895.8857142857142,908.0,5.630384044609738,888.0,-20.0,445.9428571428571,446.0,0.23211538298959886,446.0,0.0,1028.6857142857143,1038.0,4.360677723024442,1023.0,-15.0,213.57142857142858,216.0,0.8378787599208675,212.0,-4.0,11.0,0.91485816200111,301.3636363636364,403.0,351.0,103.36363636363636,210.0,210.0,93.0,7.5,46.8,0.0,0.0,0.0,2.5454545454545454,6.0,6.0,42.0,93.0,53.0,156.0,258.0,88.0,79.0,135.0,135.0,24.363636363636363,75.0,75.0,,,,,,,,,,,,,,
A,20260729_185553,1.0,2026-07-29 18:56:20,70.0,1434.2,258.0,6.0,0.2899778419996437,698.6666666666666,1460.0,4192.0,,,current pose direct MOVEP lift-hover sample,1742.0,46.0,1260.0,117.0,71.0,1.0,1.3699743399993167,1260.0,71.0,1740.0,-2.0,1411.0,934.0,936.0,1.0,1.2247996790010802,1457.0,255.0,1739.0,-19.0,1484.0,352.0,371.0,1.0,1.079996497999673,1544.0,76.0,1741.0,21.0,1472.0,960.0,939.0,1.0,1.079996497999673,1534.0,93.0,1499.0,-1.0,1378.0,1459.0,1460.0,1.0,1.2247996790010802,1376.0,646.0,1050.0,93.0,917.0,508.0,415.0,1.0,1.2247996790010802,915.0,270.0,35.0,4.974900413000796,1928.7714285714285,1950.0,9.298496696580933,1917.0,-33.0,4075.5142857142855,4119.0,20.165559648032765,4046.0,-73.0,84.68571428571428,86.0,0.7079720967636496,85.0,1.0,847.7428571428571,857.0,4.29180519557152,841.0,-16.0,371.0285714285714,372.0,0.9705878715121731,369.0,-1.0,843.2857142857143,858.0,6.914049582744765,834.0,-24.0,1525.7714285714285,1544.0,8.366892969267845,1515.0,-29.0,403.0,406.0,1.01418510567422,402.0,-4.0,11.0,0.9045710150003288,386.45454545454544,569.0,569.0,64.0,143.0,143.0,286.0,3.0,189.66666666666666,11.727272727272727,22.0,22.0,37.63636363636363,68.0,22.0,234.1818181818182,286.0,277.0,88.27272727272727,149.0,149.0,48.63636363636363,101.0,101.0,15.363636363636363,42.0,42.0,,,,,,,,,,,,,,
A,20260729_185553,2.0,2026-07-29 18:56:34,70.0,1406.4,286.0,6.0,0.2852030359990749,476.3333333333333,998.0,2858.0,,,current pose direct MOVEP lift-hover sample,1742.0,46.0,1214.0,129.0,83.0,1.0,1.3349521589989308,1254.0,72.0,1741.0,-2.0,1343.0,135.0,137.0,1.0,1.480083881999235,1343.0,137.0,1739.0,-19.0,1496.0,706.0,725.0,1.0,1.3349521589989308,1508.0,498.0,1741.0,18.0,1528.0,724.0,706.0,1.0,1.19488084600016,1554.0,585.0,1499.0,0.0,1374.0,998.0,998.0,1.0,1.19488084600016,1373.0,295.0,1050.0,90.0,915.0,299.0,209.0,1.0,1.3349521589989308,915.0,102.0,36.0,4.990154852999694,1418.2777777777778,1428.0,4.133945593841252,1412.0,-16.0,3182.0555555555557,3204.0,9.303357949461176,3169.0,-35.0,83.66666666666667,85.0,0.8498365855987975,83.0,0.0,151.86111111111111,155.0,1.6185174591063574,151.0,-4.0,460.19444444444446,463.0,1.0754700379225521,459.0,-4.0,1068.0555555555557,1075.0,3.090706899044694,1064.0,-11.0,1213.388888888889,1222.0,3.889285694041586,1208.0,-14.0,204.88888888888889,206.0,0.5152010275275392,204.0,-2.0,11.0,0.9002771120012767,478.09090909090907,682.0,682.0,130.45454545454547,209.0,209.0,280.0,5.0,136.4,0.2727272727272727,1.0,0.0,8.545454545454545,29.0,22.0,219.54545454545453,280.0,280.0,128.0909090909091,193.0,193.0,59.36363636363637,98.0,98.0,71.0909090909091,111.0,111.0,,,,,,,,,,,,,,
A,20260729_185553,3.0,2026-07-29 18:56:47,70.0,1461.5,219.25,5.0,0.0,653.1666666666666,1207.0,3919.0,,,current pose direct MOVEP lift-hover sample,1742.0,46.0,1279.0,109.0,63.0,0.0,,,,1741.0,-4.0,1412.0,773.0,777.0,1.0,1.1249925219999568,1457.0,299.0,1742.0,-21.0,1469.0,644.0,665.0,1.0,1.1249925219999568,1507.0,424.0,1741.0,20.0,1461.0,827.0,807.0,1.0,1.1249925219999568,1501.0,221.0,1499.0,0.0,1385.0,1207.0,1207.0,1.0,1.1249925219999568,1381.0,325.0,1050.0,89.0,918.0,489.0,400.0,1.0,1.1249925219999568,915.0,244.0,35.0,4.869653592999384,2019.2857142857142,2040.0,14.117003786865235,2017.0,12.0,4329.857142857143,4360.0,13.767752917893437,4312.0,-28.0,82.37142857142857,83.0,0.8647283400240889,83.0,0.0,824.4285714285714,840.0,13.476510176251574,829.0,24.0,466.0285714285714,469.0,3.157627629233371,467.0,6.0,937.7428571428571,986.0,24.192493354217905,916.0,-70.0,1601.8285714285714,1616.0,8.543955973287163,1598.0,1.0,417.45714285714286,426.0,5.963425943163195,419.0,11.0,11.0,0.879770854000526,232.72727272727272,360.0,360.0,31.09090909090909,92.0,92.0,196.0,2.75,130.9090909090909,10.363636363636363,22.0,22.0,26.272727272727273,42.0,18.0,153.1818181818182,196.0,181.0,48.45454545454545,90.0,87.0,25.545454545454547,73.0,73.0,5.545454545454546,21.0,19.0,,,,,,,,,,,,,,
A,20260729_185553,4.0,2026-07-29 18:57:01,70.0,1421.2,271.6,6.0,0.14500977100033197,645.0,1336.0,3870.0,,,current pose direct MOVEP lift-hover sample,1742.0,45.0,1214.0,123.0,78.0,1.0,1.3152042090005125,1259.0,70.0,1740.0,-2.0,1426.0,524.0,526.0,1.0,1.1701944380001805,1458.0,635.0,1742.0,-21.0,1488.0,670.0,691.0,1.0,1.3152042090005125,1507.0,561.0,1741.0,19.0,1482.0,910.0,891.0,1.0,1.3152042090005125,1509.0,363.0,1499.0,-1.0,1376.0,1335.0,1336.0,1.0,1.1701944380001805,1373.0,335.0,1049.0,88.0,918.0,436.0,348.0,1.0,1.1701944380001805,916.0,299.0,34.0,4.965004040999702,1961.0294117647059,1974.0,6.190530216375782,1953.0,-21.0,4115.64705882353,4145.0,13.308295407136054,4099.0,-46.0,82.94117647058823,84.0,0.9374927912064251,84.0,2.0,933.8823529411765,947.0,5.874995398658288,927.0,-20.0,463.29411764705884,465.0,1.151199164163584,462.0,-3.0,674.5,677.0,1.118033988749895,673.0,-4.0,1536.7058823529412,1549.0,5.726765906763175,1529.0,-20.0,424.3235294117647,425.0,0.6287517154832927,424.0,-1.0,10.0,0.8451275919996988,326.7,480.0,480.0,54.7,127.0,127.0,280.0,2.25,213.33333333333334,1.2,2.0,0.0,48.7,79.0,23.0,215.3,280.0,261.0,56.7,96.0,92.0,44.2,100.0,100.0,10.5,30.0,27.0,,,,,,,,,,,,,,
A,20260729_185553,5.0,2026-07-29 18:57:14,70.0,1458.25,222.5,5.0,0.2999919889989542,509.0,1058.0,3054.0,,,current pose direct MOVEP lift-hover sample,1742.0,44.0,1265.0,113.0,69.0,0.0,,,,1741.0,-4.0,1394.0,274.0,278.0,1.0,1.3296979829992779,1394.0,278.0,1742.0,-21.0,1487.0,841.0,862.0,1.0,1.184667988000001,1506.0,294.0,1741.0,17.0,1509.0,509.0,492.0,1.0,1.0297059940003237,1552.0,115.0,1499.0,0.0,1381.0,1058.0,1058.0,1.0,1.184667988000001,1381.0,632.0,1050.0,86.0,915.0,381.0,295.0,1.0,1.184667988000001,915.0,77.0,35.0,4.859797310999056,1535.1714285714286,1593.0,47.707133766816234,1569.0,74.0,3134.4285714285716,3207.0,58.65701064629175,3166.0,62.0,86.02857142857142,87.0,0.9098104758908947,85.0,0.0,376.3142857142857,417.0,14.2683894948067,359.0,-58.0,632.8571428571429,639.0,6.428253960415055,637.0,10.0,504.0571428571429,518.0,14.447823082967714,516.0,36.0,1197.6,1255.0,48.57877255403993,1233.0,82.0,337.57142857142856,344.0,1.9753584019935548,336.0,-8.0,9.0,0.759303679000368,307.8888888888889,375.0,326.0,85.55555555555556,127.0,123.0,61.0,3.0,108.66666666666667,13.0,24.0,23.0,21.0,33.0,31.0,40.666666666666664,61.0,34.0,181.66666666666666,265.0,169.0,65.11111111111111,94.0,92.0,20.444444444444443,33.0,31.0,,,,,,,,,,,,,,
A,20260729_185553,6.0,2026-07-29 18:57:28,70.0,1410.8,282.2,6.0,0.25017838399980974,534.5,1138.0,3207.0,,,current pose direct MOVEP lift-hover sample,1742.0,44.0,1218.0,126.0,82.0,1.0,1.4148620569994819,1218.0,82.0,1741.0,-4.0,1357.0,367.0,371.0,1.0,1.2900617960003729,1399.0,127.0,1742.0,-21.0,1494.0,837.0,858.0,1.0,1.2900617960003729,1509.0,556.0,1741.0,17.0,1526.0,451.0,434.0,1.0,1.1646836729996721,1557.0,453.0,1499.0,0.0,1374.0,1138.0,1138.0,1.0,1.1646836729996721,1371.0,234.0,1050.0,86.0,917.0,410.0,324.0,1.0,1.2900617960003729,916.0,151.0,35.0,5.01002954499927,1414.0,1426.0,5.209880722517277,1407.0,-19.0,2918.714285714286,2950.0,13.222429922719366,2902.0,-48.0,84.65714285714286,85.0,0.7148569144683888,85.0,0.0,210.65714285714284,224.0,5.80611922097396,203.0,-21.0,697.4285714285714,703.0,2.6217302278753056,695.0,-8.0,511.9714285714286,513.0,0.3768830273792263,512.0,0.0,1106.0285714285715,1115.0,4.031913507332746,1101.0,-14.0,307.9714285714286,311.0,1.2532406971120749,306.0,-5.0,10.0,0.8395992460009438,252.1,309.0,282.0,79.7,124.0,123.0,48.0,3.0,94.0,11.4,22.0,22.0,14.4,23.0,17.0,25.8,48.0,16.0,146.6,220.0,143.0,58.4,90.0,89.0,21.3,35.0,34.0,,,,,,,,,,,,,,
A,20260729_185553,7.0,2026-07-29 18:57:42,70.0,1416.0,277.2,6.0,0.28528806699978304,600.5,1249.0,3603.0,,,current pose direct MOVEP lift-hover sample,1742.0,44.0,1213.0,126.0,82.0,1.0,1.4749307109996153,1213.0,82.0,1741.0,-4.0,1350.0,516.0,520.0,1.0,1.3296659979987453,1399.0,297.0,1742.0,-21.0,1492.0,694.0,715.0,1.0,1.1896426439998322,1546.0,93.0,1742.0,17.0,1521.0,688.0,671.0,1.0,1.1896426439998322,1553.0,537.0,1499.0,0.0,1373.0,1249.0,1249.0,1.0,1.1896426439998322,1369.0,279.0,1047.0,84.0,916.0,450.0,366.0,1.0,1.3296659979987453,915.0,238.0,35.0,4.954798513999776,1799.6571428571428,1820.0,8.441201191241706,1790.0,-30.0,3816.5142857142855,3860.0,17.421450535920084,3798.0,-62.0,85.31428571428572,87.0,0.7472398188926869,87.0,2.0,270.9714285714286,288.0,6.509271252982008,264.0,-24.0,424.8285714285714,425.0,0.3768830273792263,425.0,0.0,1235.7428571428572,1242.0,3.0830676480494197,1232.0,-10.0,1474.7428571428572,1490.0,6.98301145492343,1466.0,-24.0,324.9142857142857,330.0,1.6278193752278989,324.0,-6.0,10.0,0.8244501120007044,451.5,588.0,578.0,88.6,148.0,142.0,280.0,3.0,192.66666666666666,0.6,2.0,0.0,19.5,54.0,4.0,247.9,280.0,280.0,115.0,160.0,156.0,55.8,91.0,89.0,32.8,57.0,53.0,,,,,,,,,,,,,,
A,20260729_185553,8.0,2026-07-29 18:57:55,70.0,1409.8,282.6,6.0,0.3298438849997183,481.6666666666667,1060.0,2890.0,,,current pose direct MOVEP lift-hover sample,1742.0,44.0,1260.0,114.0,70.0,1.0,1.7748019449973071,1260.0,70.0,1741.0,-3.0,1356.0,77.0,80.0,1.0,1.7748019449973071,1356.0,80.0,1739.0,-21.0,1492.0,696.0,717.0,1.0,1.6247593029984273,1506.0,538.0,1741.0,19.0,1535.0,811.0,792.0,1.0,1.4449580599975889,1559.0,544.0,1499.0,0.0,1370.0,1060.0,1060.0,1.0,1.4449580599975889,1368.0,395.0,1050.0,84.0,916.0,255.0,171.0,1.0,1.6247593029984273,916.0,109.0,34.0,4.9751933090010425,1361.8823529411766,1370.0,3.2062870764497986,1357.0,-13.0,3127.3529411764707,3147.0,8.54015550533849,3116.0,-31.0,83.17647058823529,85.0,0.8564835163859433,83.0,-2.0,83.8529411764706,86.0,0.7329373996692419,83.0,-1.0,526.0294117647059,528.0,1.2001297507707744,525.0,-3.0,1072.4117647058824,1080.0,3.3965176548828353,1068.0,-12.0,1233.4705882352941,1242.0,3.704014468572039,1228.0,-14.0,128.41176470588235,130.0,0.8784226190040046,129.0,1.0,9.0,0.8541705560019182,443.0,722.0,722.0,119.77777777777777,226.0,226.0,296.0,6.5,111.07692307692308,11.333333333333334,20.0,20.0,5.444444444444445,10.0,8.0,205.22222222222223,296.0,296.0,118.0,200.0,200.0,51.0,88.0,88.0,68.77777777777777,138.0,138.0,,,,,,,,,,,,,,
A,20260729_185553,9.0,2026-07-29 18:58:09,70.0,1455.25,225.75,5.0,0.1996578620019136,574.3333333333334,1064.0,3446.0,,,current pose direct MOVEP lift-hover sample,1742.0,44.0,1322.0,99.0,55.0,0.0,,,,1742.0,-4.0,1401.0,585.0,589.0,1.0,1.0503415159982978,1453.0,347.0,1742.0,-21.0,1495.0,585.0,606.0,1.0,1.2499993780002114,1495.0,606.0,1741.0,19.0,1496.0,785.0,766.0,1.0,1.2499993780002114,1496.0,766.0,1499.0,0.0,1380.0,1064.0,1064.0,1.0,1.0503415159982978,1377.0,145.0,1050.0,84.0,918.0,450.0,366.0,1.0,1.0503415159982978,915.0,190.0,34.0,4.894956788000854,1744.1176470588234,1755.0,4.720198811131688,1739.0,-16.0,3740.235294117647,3767.0,11.789972867127917,3727.0,-40.0,66.02941176470588,67.0,0.9230796956750127,67.0,0.0,491.2352941176471,493.0,1.0017286097603766,490.0,-3.0,613.7352941176471,619.0,2.638056587822489,610.0,-9.0,825.1176470588235,833.0,3.427953478666698,821.0,-12.0,1391.2058823529412,1401.0,4.261865179670584,1386.0,-15.0,352.9117647058824,354.0,0.7809363557265737,353.0,-1.0,9.0,0.8631804500000726,228.11111111111111,383.0,383.0,57.0,124.0,124.0,138.0,2.5,153.2,0.6666666666666666,2.0,2.0,27.11111111111111,60.0,60.0,106.0,138.0,136.0,65.11111111111111,123.0,123.0,37.111111111111114,81.0,81.0,19.88888888888889,43.0,43.0,,,,,,,,,,,,,,
B,20260729_185844,0.0,2026-07-29 18:58:58,70.0,1382.2,310.6,6.0,0.13953489599953173,652.5,1375.0,3915.0,,,current pose direct MOVEP lift-hover sample,1742.0,49.0,1212.0,131.0,82.0,1.0,1.684803826999996,1247.0,73.0,1740.0,0.0,1280.0,89.0,89.0,1.0,1.684803826999996,1338.0,196.0,1742.0,-19.0,1459.0,910.0,929.0,1.0,1.5452689310004644,1503.0,109.0,1741.0,21.0,1453.0,1169.0,1148.0,1.0,1.684803826999996,1465.0,701.0,1499.0,-1.0,1360.0,1374.0,1375.0,1.0,1.684803826999996,1358.0,660.0,1050.0,89.0,912.0,381.0,292.0,1.0,1.684803826999996,912.0,290.0,34.0,5.1700168720017246,1602.0588235294117,1617.0,6.439497498072474,1594.0,-23.0,3773.5588235294117,3804.0,13.632122911949745,3758.0,-46.0,80.94117647058823,82.0,0.9374927912064251,81.0,-1.0,77.02941176470588,78.0,0.9230796956750127,78.0,2.0,930.2058823529412,933.0,1.3235294117647058,929.0,-4.0,1083.3235294117646,1096.0,5.9789856912518005,1076.0,-20.0,1328.764705882353,1342.0,5.247177524376161,1322.0,-20.0,273.29411764705884,275.0,1.3618631650341442,272.0,-3.0,10.0,0.8793135710002389,184.5,422.0,422.0,78.5,186.0,186.0,146.0,4.0,105.5,0.4,1.0,1.0,15.6,39.0,20.0,72.1,146.0,146.0,33.9,90.0,90.0,53.4,125.0,125.0,25.1,61.0,61.0,,,,,,,,,,,,,,
B,20260729_185844,1.0,2026-07-29 18:59:12,70.0,1382.4,310.6,6.0,0.31032316299751983,557.5,1161.0,3345.0,,,current pose direct MOVEP lift-hover sample,1742.0,46.0,1214.0,125.0,79.0,1.0,1.5452291019973927,1214.0,79.0,1741.0,-4.0,1277.0,82.0,86.0,1.0,1.2349059389998729,1392.0,74.0,1742.0,-21.0,1435.0,753.0,774.0,1.0,1.3800222999998368,1463.0,310.0,1741.0,19.0,1429.0,1180.0,1161.0,1.0,1.3800222999998368,1464.0,160.0,1499.0,-1.0,1382.0,984.0,985.0,1.0,1.3800222999998368,1379.0,95.0,1050.0,86.0,915.0,346.0,260.0,1.0,1.3800222999998368,916.0,88.0,34.0,4.905516736002028,1431.2058823529412,1446.0,6.737862341079375,1421.0,-25.0,3430.8823529411766,3463.0,15.200163903687418,3408.0,-55.0,82.02941176470588,83.0,0.8906472899839247,83.0,2.0,80.5,82.0,0.8488746876271654,80.0,-1.0,764.5882352941177,765.0,0.5998846486579748,764.0,-1.0,1072.5588235294117,1090.0,8.499796455938668,1060.0,-30.0,1175.2058823529412,1189.0,6.076857797582688,1167.0,-22.0,256.0,257.0,0.8401680504168059,254.0,-3.0,7.0,0.8801722809985222,234.42857142857142,540.0,540.0,86.42857142857143,206.0,206.0,201.0,4.75,113.6842105263158,0.8571428571428571,1.0,1.0,9.0,18.0,16.0,93.42857142857143,201.0,201.0,54.57142857142857,133.0,133.0,56.285714285714285,138.0,138.0,30.142857142857142,68.0,68.0,,,,,,,,,,,,,,
B,20260729_185844,2.0,2026-07-29 18:59:26,70.0,1380.6,311.6,6.0,0.13005934900138527,601.1666666666666,1162.0,3607.0,,,current pose direct MOVEP lift-hover sample,1742.0,44.0,1213.0,123.0,79.0,1.0,1.4749299370014342,1214.0,79.0,1740.0,-5.0,1288.0,81.0,86.0,1.0,1.3448705880000489,1398.0,73.0,1739.0,-21.0,1444.0,968.0,989.0,1.0,1.4749299370014342,1460.0,546.0,1741.0,17.0,1443.0,1028.0,1011.0,1.0,1.4749299370014342,1462.0,566.0,1499.0,0.0,1373.0,1162.0,1162.0,1.0,1.4749299370014342,1369.0,347.0,1050.0,86.0,915.0,366.0,280.0,1.0,1.4749299370014342,915.0,148.0,34.0,5.068834899000649,1533.4705882352941,1540.0,3.813561667936643,1529.0,-11.0,3625.676470588235,3639.0,7.205882352941177,3613.0,-26.0,79.1470588235294,80.0,0.9741467742164233,80.0,2.0,82.0,83.0,0.9074852129730301,81.0,0.0,957.5588235294117,961.0,2.089063630244678,954.0,-7.0,973.5,979.0,2.8825029972944978,969.0,-10.0,1257.3235294117646,1262.0,2.825520131558229,1253.0,-9.0,276.1470588235294,278.0,1.114934789472051,276.0,-2.0,9.0,0.8049345229992468,219.55555555555554,512.0,512.0,68.88888888888889,156.0,156.0,219.0,5.75,89.04347826086956,11.222222222222221,20.0,17.0,10.333333333333334,18.0,17.0,96.88888888888889,219.0,219.0,53.77777777777778,137.0,137.0,51.666666666666664,122.0,122.0,17.22222222222222,34.0,34.0,,,,,,,,,,,,,,
B,20260729_185844,3.0,2026-07-29 18:59:40,70.0,1370.2,322.8,6.0,0.14964021199921262,554.5,1012.0,3327.0,,,current pose direct MOVEP lift-hover sample,1742.0,44.0,1215.0,125.0,81.0,1.0,1.6097291420010151,1215.0,81.0,1741.0,-3.0,1292.0,90.0,93.0,1.0,1.4600889300018025,1345.0,80.0,1742.0,-21.0,1436.0,900.0,921.0,1.0,1.4600889300018025,1459.0,332.0,1741.0,17.0,1434.0,949.0,932.0,1.0,1.4600889300018025,1457.0,347.0,1499.0,-1.0,1377.0,1011.0,1012.0,1.0,1.4600889300018025,1375.0,154.0,1050.0,86.0,916.0,374.0,288.0,1.0,1.4600889300018025,916.0,97.0,35.0,4.9297289150017605,1436.0,1442.0,3.251373336211726,1429.0,-13.0,3387.714285714286,3404.0,7.636646341617424,3377.0,-27.0,84.0,87.0,1.6903085094570331,84.0,-3.0,82.2,84.0,1.1661903789690602,84.0,3.0,899.9142857142857,903.0,1.4999319712464785,897.0,-6.0,885.6,891.0,2.5989008665752746,883.0,-8.0,1160.7714285714285,1167.0,2.7886065571557856,1156.0,-11.0,275.22857142857146,277.0,0.831030832699942,273.0,-2.0,10.0,0.8448323999982676,169.0,323.0,323.0,57.1,105.0,105.0,139.0,2.5,129.2,10.4,20.0,20.0,1.5,4.0,4.0,72.2,139.0,139.0,39.7,79.0,79.0,41.2,75.0,75.0,15.9,30.0,30.0,,,,,,,,,,,,,,
B,20260729_185844,4.0,2026-07-29 18:59:54,70.0,1382.8,309.6,6.0,0.15486794800017378,582.1666666666666,1091.0,3493.0,,,current pose direct MOVEP lift-hover sample,1742.0,45.0,1212.0,124.0,79.0,1.0,1.4698246690022643,1214.0,82.0,1741.0,-2.0,1286.0,82.0,84.0,1.0,1.3149567210020905,1394.0,70.0,1739.0,-19.0,1435.0,990.0,1009.0,1.0,1.4698246690022643,1460.0,334.0,1741.0,17.0,1449.0,970.0,953.0,1.0,1.4698246690022643,1472.0,484.0,1499.0,0.0,1377.0,1091.0,1091.0,1.0,1.4698246690022643,1374.0,270.0,1050.0,86.0,916.0,363.0,277.0,1.0,1.4698246690022643,916.0,92.0,37.0,4.959872463998181,1514.6216216216217,1521.0,2.633991435797928,1513.0,-8.0,3542.4054054054054,3556.0,6.0155629668900845,3537.0,-19.0,60.891891891891895,62.0,1.2688318480330274,62.0,2.0,82.05405405405405,83.0,1.0891590097086423,83.0,0.0,959.4054054054054,963.0,1.6678106616801636,957.0,-6.0,925.4324324324324,929.0,1.9388006956174004,922.0,-7.0,1242.972972972973,1248.0,1.9380470315673037,1241.0,-7.0,271.64864864864865,274.0,0.8452159876276697,272.0,-1.0,11.0,0.9085047709995706,154.0,243.0,242.0,53.90909090909091,88.0,87.0,103.0,2.0,121.0,6.7272727272727275,18.0,18.0,3.4545454545454546,7.0,7.0,66.81818181818181,103.0,103.0,33.27272727272727,52.0,52.0,38.72727272727273,67.0,67.0,15.181818181818182,22.0,20.0,,,,,,,,,,,,,,
B,20260729_185844,5.0,2026-07-29 19:00:07,70.0,1397.8,294.4,6.0,0.140059127999848,586.1666666666666,1194.0,3517.0,,,current pose direct MOVEP lift-hover sample,1742.0,44.0,1211.0,127.0,83.0,1.0,1.459826215999783,1252.0,73.0,1740.0,-4.0,1291.0,81.0,85.0,1.0,1.459826215999783,1406.0,70.0,1739.0,-20.0,1452.0,1141.0,1161.0,1.0,1.599885343999631,1462.0,567.0,1741.0,17.0,1468.0,726.0,709.0,1.0,1.459826215999783,1508.0,95.0,1499.0,0.0,1363.0,1194.0,1194.0,1.0,1.599885343999631,1361.0,592.0,1050.0,86.0,916.0,371.0,285.0,1.0,1.599885343999631,916.0,151.0,34.0,4.865255424996576,1493.1470588235295,1498.0,2.3025861795352744,1488.0,-10.0,3452.0588235294117,3463.0,5.672125737377728,3443.0,-20.0,63.3235294117647,65.0,1.8899204501667464,62.0,-2.0,81.41176470588235,82.0,0.7323470351758078,81.0,1.0,1118.4411764705883,1123.0,1.8180658188853636,1117.0,-6.0,695.7352941176471,698.0,1.0657453489407904,695.0,-3.0,1211.2941176470588,1215.0,1.8869429332171106,1208.0,-7.0,281.8529411764706,283.0,0.6006052310782981,280.0,-3.0,10.0,0.8698370370002522,153.1,244.0,243.0,54.8,92.0,91.0,105.0,2.25,108.0,5.3,17.0,17.0,10.5,23.0,22.0,68.2,105.0,105.0,30.1,47.0,47.0,42.0,73.0,73.0,12.8,19.0,18.0,,,,,,,,,,,,,,
B,20260729_185844,6.0,2026-07-29 19:00:21,70.0,1398.6,294.0,6.0,0.15475122000134434,579.5,1150.0,3477.0,,,current pose direct MOVEP lift-hover sample,1742.0,44.0,1214.0,129.0,85.0,1.0,1.3900071540010686,1261.0,72.0,1740.0,-2.0,1286.0,81.0,83.0,1.0,1.2352559339997242,1404.0,70.0,1741.0,-21.0,1443.0,916.0,937.0,1.0,1.3900071540010686,1462.0,497.0,1741.0,17.0,1450.0,970.0,953.0,1.0,1.2352559339997242,1498.0,87.0,1499.0,0.0,1373.0,1150.0,1150.0,1.0,1.3900071540010686,1368.0,388.0,1050.0,86.0,915.0,355.0,269.0,1.0,1.3900071540010686,915.0,138.0,36.0,4.98996367199652,1464.0,1470.0,2.6666666666666665,1461.0,-8.0,3453.0555555555557,3466.0,5.617158457423332,3446.0,-20.0,84.5,85.0,0.7993052538854533,83.0,-1.0,78.33333333333333,80.0,0.6236095644623235,80.0,1.0,903.4166666666666,907.0,1.299038105676658,901.0,-6.0,922.8055555555555,927.0,1.8532170893467699,921.0,-6.0,1200.1666666666667,1204.0,1.8633899812498247,1197.0,-7.0,263.8333333333333,266.0,0.9574271077563381,264.0,-1.0,10.0,0.8255275829978928,201.8,455.0,455.0,66.8,150.0,150.0,191.0,5.0,91.0,0.7,1.0,1.0,9.1,19.0,19.0,87.1,191.0,191.0,47.9,114.0,114.0,45.3,112.0,112.0,21.5,38.0,38.0,,,,,,,,,,,,,,
B,20260729_185844,7.0,2026-07-29 19:00:35,70.0,1382.2,310.6,6.0,0.28483725499972934,499.8333333333333,1013.0,2999.0,,,current pose direct MOVEP lift-hover sample,1742.0,44.0,1212.0,125.0,81.0,1.0,1.4802278040006058,1216.0,81.0,1740.0,-3.0,1297.0,82.0,85.0,1.0,1.325049098002637,1394.0,71.0,1742.0,-21.0,1437.0,651.0,672.0,1.0,1.4802278040006058,1457.0,154.0,1741.0,17.0,1452.0,993.0,976.0,1.0,1.4802278040006058,1468.0,698.0,1499.0,0.0,1377.0,1013.0,1013.0,1.0,1.4802278040006058,1376.0,298.0,1046.0,87.0,916.0,259.0,172.0,1.0,1.6098863530023664,916.0,172.0,35.0,4.920254844000738,1493.142857142857,1498.0,1.9441172384233143,1491.0,-6.0,3468.942857142857,3478.0,4.248985473147727,3460.0,-18.0,61.77142857142857,63.0,1.4752377878200669,58.0,-2.0,81.14285714285714,82.0,0.4237827706911807,81.0,0.0,1105.0857142857142,1111.0,2.322208660138983,1103.0,-8.0,727.8,729.0,0.7855844048495726,727.0,-2.0,1209.5142857142857,1213.0,1.6796501093370364,1208.0,-5.0,283.62857142857143,285.0,0.636315927180574,283.0,-1.0,10.0,0.859790078997321,144.1,240.0,236.0,50.8,87.0,87.0,103.0,2.25,104.88888888888889,6.6,20.0,20.0,10.9,24.0,22.0,63.7,103.0,101.0,29.6,50.0,48.0,39.0,71.0,71.0,11.8,18.0,16.0,,,,,,,,,,,,,,
B,20260729_185844,8.0,2026-07-29 19:00:49,70.0,1383.4,309.4,6.0,0.27039000099830446,547.6666666666666,987.0,3286.0,,,current pose direct MOVEP lift-hover sample,1742.0,46.0,1213.0,122.0,76.0,1.0,1.4252050430004601,1214.0,80.0,1740.0,-2.0,1291.0,81.0,83.0,1.0,1.2796643530018628,1396.0,70.0,1742.0,-22.0,1432.0,965.0,987.0,1.0,1.4252050430004601,1460.0,136.0,1741.0,17.0,1449.0,916.0,899.0,1.0,1.4252050430004601,1471.0,516.0,1499.0,0.0,1379.0,978.0,978.0,1.0,1.4252050430004601,1376.0,233.0,1050.0,86.0,915.0,349.0,263.0,1.0,1.5500543540001672,915.0,263.0,36.0,4.970079531001829,1547.9722222222222,1551.0,1.5896559919804996,1544.0,-7.0,3588.222222222222,3598.0,4.243368100872958,3579.0,-18.0,59.5,61.0,1.3017082793177757,58.0,-3.0,77.5,78.0,0.8333333333333334,78.0,2.0,1101.6666666666667,1106.0,2.2852182001336816,1098.0,-8.0,801.5833333333334,803.0,0.8620067027323833,801.0,-2.0,1261.5,1264.0,1.3228756555322954,1259.0,-5.0,286.47222222222223,288.0,0.6448992647913278,285.0,-2.0,11.0,0.9101264179989812,187.54545454545453,418.0,418.0,65.0909090909091,157.0,157.0,171.0,4.75,88.0,1.2727272727272727,3.0,3.0,9.363636363636363,18.0,16.0,82.27272727272727,171.0,171.0,40.18181818181818,90.0,90.0,48.81818181818182,125.0,125.0,16.272727272727273,32.0,32.0,,,,,,,,,,,,,,
B,20260729_185844,9.0,2026-07-29 19:01:03,70.0,1381.6,310.4,6.0,0.14521609100120259,552.6666666666666,1125.0,3316.0,,,current pose direct MOVEP lift-hover sample,1742.0,44.0,1211.0,126.0,82.0,1.0,1.4651508880015172,1214.0,80.0,1739.0,-2.0,1285.0,83.0,85.0,1.0,1.3199347970003146,1394.0,72.0,1739.0,-19.0,1442.0,886.0,905.0,1.0,1.4651508880015172,1462.0,219.0,1741.0,17.0,1452.0,883.0,866.0,1.0,1.4651508880015172,1466.0,741.0,1499.0,0.0,1375.0,1125.0,1125.0,1.0,1.4651508880015172,1372.0,341.0,1046.0,88.0,916.0,341.0,253.0,1.0,1.4651508880015172,916.0,77.0,35.0,4.9697237410000525,1386.4285714285713,1393.0,2.4176223772921346,1385.0,-8.0,3245.457142857143,3256.0,4.108130316077808,3241.0,-15.0,62.51428571428571,63.0,0.7698396334461417,62.0,0.0,82.77142857142857,83.0,0.5390846361175202,83.0,2.0,863.4857142857143,867.0,1.1801072244607647,862.0,-5.0,850.2571428571429,853.0,1.1549361675090135,849.0,-4.0,1138.4285714285713,1142.0,1.572726736516901,1137.0,-5.0,248.0,251.0,1.0419761445034554,248.0,-3.0,10.0,0.8705050660028064,156.5,242.0,242.0,61.4,97.0,97.0,102.0,2.0,121.0,6.7,17.0,17.0,10.8,23.0,23.0,67.1,102.0,102.0,28.0,43.0,43.0,37.5,64.0,64.0,23.9,34.0,33.0,,,,,,,,,,,,,,
A,20260729_195514,0.0,2026-07-29 19:55:33,70.0,1428.2,264.8,6.0,0.31021012799828895,538.8333333333334,1166.0,3233.0,,,current pose direct MOVEP lift-hover sample,1742.0,55.0,1240.0,125.0,70.0,1.0,1.430677131000266,1240.0,70.0,1740.0,4.0,1353.0,430.0,426.0,1.0,1.120467003001977,1459.0,155.0,1742.0,-6.0,1506.0,578.0,584.0,1.0,1.2904700170001888,1535.0,116.0,1741.0,25.0,1529.0,660.0,635.0,1.0,1.2904700170001888,1544.0,563.0,1500.0,-1.0,1365.0,1165.0,1166.0,1.0,1.120467003001977,1363.0,95.0,1047.0,98.0,916.0,450.0,352.0,1.0,1.120467003001977,915.0,89.0,29.0,5.372528576001059,1570.1379310344828,1587.0,8.190508122551897,1556.0,-31.0,3258.7586206896553,3293.0,16.283385169560464,3230.0,-63.0,80.20689655172414,81.0,0.4050806939472666,80.0,0.0,297.2413793103448,305.0,3.4805387257780804,292.0,-13.0,770.8620689655172,780.0,4.407862394834426,763.0,-17.0,540.3103448275862,541.0,0.6999235562132565,539.0,-2.0,1228.8275862068965,1243.0,6.643996333311084,1218.0,-25.0,341.3103448275862,344.0,1.6210564515231942,338.0,-6.0,8.0,0.7401445200011949,274.75,356.0,311.0,78.0,131.0,131.0,70.0,3.0,103.66666666666667,0.125,1.0,0.0,16.625,30.0,24.0,53.875,70.0,56.0,142.875,224.0,124.0,59.375,98.0,98.0,18.625,36.0,33.0,0.0;54.0;70.0;67.0;64.0;62.0;58.0;56.0,,,,,,,,,,,,,
A,20260729_195514,1.0,2026-07-29 19:55:47,70.0,1443.2,250.0,6.0,0.32993844600059674,590.1666666666666,1220.0,3541.0,,,current pose direct MOVEP lift-hover sample,1742.0,50.0,1258.0,125.0,75.0,1.0,1.4747895399996196,1258.0,75.0,1741.0,0.0,1404.0,580.0,580.0,1.0,1.2997226000006776,1451.0,164.0,1742.0,-17.0,1509.0,894.0,911.0,1.0,1.2997226000006776,1551.0,158.0,1742.0,21.0,1531.0,411.0,390.0,1.0,1.1448510939990229,1596.0,128.0,1499.0,-1.0,1363.0,1219.0,1220.0,1.0,1.2997226000006776,1360.0,419.0,1047.0,97.0,915.0,462.0,365.0,1.0,1.2997226000006776,915.0,100.0,27.0,4.763139367001713,1931.5185185185185,2004.0,82.55250646546801,1946.0,210.0,3747.222222222222,3847.0,107.13796343909354,3754.0,263.0,84.18518518518519,85.0,0.9442628728875527,85.0,2.0,446.2962962962963,466.0,11.68352691174175,425.0,-41.0,813.7777777777778,821.0,11.738929641828614,816.0,32.0,471.44444444444446,482.0,18.48188970082822,482.0,60.0,1555.888888888889,1624.0,81.41131659134253,1573.0,211.0,375.6296296296296,380.0,2.2467779093486073,373.0,-1.0,5.0,0.4965022600008524,294.0,380.0,351.0,49.8,100.0,100.0,75.0,2.0,175.5,0.2,1.0,1.0,12.8,22.0,22.0,53.8,75.0,55.0,190.4,268.0,196.0,39.2,77.0,77.0,10.6,23.0,23.0,3.0;75.0;71.0;65.0;55.0,,,,,,,,,,,,,
A,20260729_195514,2.0,2026-07-29 19:56:06,70.0,1479.5,201.5,5.0,0.25934526399942115,398.6666666666667,916.0,2392.0,,,current pose direct MOVEP lift-hover sample,1742.0,49.0,1304.0,108.0,59.0,0.0,,,,1742.0,-1.0,1447.0,104.0,105.0,1.0,4.847568857996521,1447.0,105.0,1742.0,-17.0,1542.0,379.0,396.0,1.0,4.847568857996521,1542.0,396.0,1741.0,21.0,1552.0,937.0,916.0,1.0,4.5882235939971,1572.0,376.0,1499.0,-1.0,1357.0,812.0,813.0,1.0,4.5882235939971,1357.0,597.0,1049.0,97.0,915.0,200.0,103.0,1.0,4.847568857996521,915.0,103.0,34.0,4.93022800000108,1322.6764705882354,1333.0,7.007225633063657,1320.0,13.0,2858.8823529411766,2892.0,25.264209404147383,2855.0,64.0,67.38235294117646,69.0,1.2370435791066525,68.0,2.0,145.05882352941177,171.0,8.690566814488767,142.0,-29.0,634.4117647058823,666.0,37.61735960889117,640.0,117.0,689.3529411764706,724.0,11.61612052517377,685.0,-39.0,1119.764705882353,1129.0,5.805974729582763,1118.0,11.0,202.91176470588235,204.0,1.4010006310370064,202.0,2.0,8.0,0.7565304570016451,127.625,234.0,234.0,81.25,140.0,140.0,16.0,3.75,62.4,1.0,1.0,1.0,32.625,78.0,78.0,8.125,16.0,16.0,38.25,78.0,78.0,23.375,48.0,48.0,57.875,92.0,92.0,0.0;0.0;10.0;8.0;10.0;10.0;11.0;16.0,,,,,,,,,,,,,
A,20260729_195514,3.0,2026-07-29 19:56:21,70.0,1417.6,275.2,6.0,0.4803392960020574,547.0,1062.0,3282.0,,,current pose direct MOVEP lift-hover sample,1742.0,51.0,1212.0,131.0,80.0,1.0,1.945621951999783,1254.0,71.0,1741.0,0.0,1439.0,658.0,658.0,1.0,1.6442266060003021,1495.0,159.0,1739.0,-17.0,1486.0,414.0,431.0,1.0,1.945621951999783,1506.0,391.0,1743.0,23.0,1467.0,716.0,693.0,1.0,2.1245659020023595,1467.0,693.0,1499.0,-1.0,1368.0,1061.0,1062.0,1.0,1.794265902000916,1366.0,529.0,1050.0,95.0,933.0,453.0,358.0,1.0,1.794265902000916,932.0,346.0,29.0,4.869826959002239,1735.9655172413793,1753.0,7.774772459784715,1726.0,-27.0,3471.8275862068967,3498.0,12.892309831612508,3454.0,-44.0,75.03448275862068,76.0,1.272596006016961,76.0,3.0,847.5172413793103,851.0,1.4292677086939798,846.0,-4.0,89.0,89.0,0.0,89.0,0.0,724.3103448275862,733.0,4.906740250012622,717.0,-16.0,1325.4137931034484,1339.0,6.935750668565311,1316.0,-23.0,410.55172413793105,414.0,1.0367790605774418,410.0,-4.0,10.0,0.8453369929993642,600.0,832.0,832.0,85.3,175.0,175.0,549.0,5.0,166.4,1.3,2.0,2.0,77.8,119.0,52.0,418.7,549.0,511.0,96.0,146.0,146.0,73.7,141.0,141.0,11.6,34.0,34.0,51.0;251.0;366.0;371.0;549.0;528.0;524.0;519.0;517.0;511.0,,,,,,,,,,,,,
A,20260729_195514,4.0,2026-07-29 19:56:35,70.0,1487.3333333333333,173.33333333333334,3.0,0.2586541810014751,371.5,907.0,2229.0,,,current pose direct MOVEP lift-hover sample,1742.0,49.0,1257.0,118.0,69.0,0.0,,,,1741.0,0.0,1399.0,63.0,63.0,0.0,,,,1742.0,-19.0,1503.0,238.0,257.0,1.0,1.9795092460008163,1503.0,257.0,1741.0,21.0,1552.0,928.0,907.0,1.0,1.7208550649993413,1592.0,126.0,1499.0,-1.0,1363.0,905.0,906.0,1.0,1.7208550649993413,1367.0,93.0,1050.0,95.0,915.0,122.0,27.0,0.0,,,,35.0,4.930769449001673,1152.2571428571428,1166.0,5.41079797200723,1145.0,-21.0,2551.657142857143,2580.0,11.441635390457225,2536.0,-44.0,83.34285714285714,84.0,0.8261047025600549,84.0,1.0,74.11428571428571,76.0,0.6220440302022069,75.0,1.0,589.3142857142857,603.0,6.390937461175243,581.0,-22.0,652.6285714285714,654.0,0.8971610553204332,651.0,-3.0,1015.0857142857143,1027.0,4.999265252137007,1009.0,-18.0,137.17142857142858,139.0,0.5598833697790121,136.0,-3.0,10.0,0.8812811130010232,254.6,447.0,447.0,73.9,140.0,140.0,199.0,5.75,77.73913043478261,0.7,3.0,2.0,5.7,7.0,7.0,125.0,199.0,199.0,55.7,108.0,108.0,31.0,62.0,62.0,42.9,78.0,78.0,1.0;5.0;99.0;149.0;147.0;144.0;144.0;171.0;191.0;199.0,,,,,,,,,,,,,
B,20260729_195719,0.0,2026-07-29 19:57:33,70.0,1376.0,317.0,6.0,0.12519065000014962,529.1666666666666,1021.0,3175.0,,,current pose direct MOVEP lift-hover sample,1742.0,51.0,1211.0,135.0,84.0,1.0,1.4147804470012488,1226.0,82.0,1741.0,4.0,1244.0,88.0,84.0,1.0,1.2895897970010992,1352.0,81.0,1742.0,-12.0,1440.0,844.0,856.0,1.0,1.4147804470012488,1462.0,298.0,1741.0,22.0,1440.0,900.0,878.0,1.0,1.4147804470012488,1465.0,257.0,1499.0,-1.0,1377.0,1020.0,1021.0,1.0,1.4147804470012488,1375.0,132.0,1050.0,99.0,915.0,351.0,252.0,1.0,1.4147804470012488,915.0,86.0,35.0,4.955003672999737,1330.5428571428572,1342.0,4.37749345854358,1325.0,-17.0,3138.3714285714286,3160.0,9.387181881345935,3126.0,-34.0,61.8,62.0,0.465985898008574,62.0,1.0,83.22857142857143,85.0,0.5390846361175202,83.0,0.0,826.1428571428571,830.0,1.791134630703712,824.0,-6.0,836.6571428571428,844.0,3.5127755175551276,832.0,-12.0,1082.2285714285715,1091.0,3.6495456804196036,1078.0,-13.0,248.31428571428572,251.0,0.918739153760773,247.0,-4.0,10.0,0.8450552739996056,217.7,450.0,450.0,76.9,156.0,156.0,180.0,4.5,100.0,1.5,10.0,10.0,1.6,4.0,4.0,90.1,180.0,180.0,50.7,114.0,114.0,48.8,112.0,112.0,28.1,44.0,44.0,0.0;0.0;9.0;96.0;99.0;117.0;115.0;123.0;162.0;180.0,,,,,,,,,,,,,
B,20260729_195719,1.0,2026-07-29 19:57:51,70.0,1384.2,308.4,6.0,0.28496339800040005,569.5,1154.0,3417.0,,,current pose direct MOVEP lift-hover sample,1741.0,51.0,1212.0,132.0,81.0,1.0,1.6052222030011762,1212.0,81.0,1740.0,-2.0,1294.0,83.0,85.0,1.0,1.3202588050007762,1384.0,74.0,1742.0,-17.0,1444.0,895.0,912.0,1.0,1.4599785020000127,1462.0,303.0,1741.0,20.0,1452.0,948.0,928.0,1.0,1.3202588050007762,1494.0,92.0,1499.0,-1.0,1373.0,1153.0,1154.0,1.0,1.4599785020000127,1369.0,335.0,1050.0,94.0,916.0,351.0,257.0,1.0,1.4599785020000127,917.0,94.0,33.0,4.964986981001857,1416.6666666666667,1420.0,1.6817499303650434,1414.0,-6.0,3357.5757575757575,3364.0,3.191183907127459,3351.0,-13.0,82.12121212121212,83.0,0.3263736246748184,82.0,0.0,81.54545454545455,83.0,1.1305914003744018,83.0,3.0,872.2727272727273,874.0,1.1876313904403288,870.0,-4.0,904.969696969697,908.0,1.4870114116830664,902.0,-6.0,1165.6363636363637,1169.0,1.6296157163331821,1163.0,-6.0,251.03030303030303,252.0,0.29998469504883835,251.0,0.0,9.0,0.7997367930001928,153.44444444444446,249.0,247.0,60.22222222222222,99.0,99.0,104.0,1.75,141.14285714285714,0.0,0.0,0.0,10.11111111111111,21.0,21.0,64.66666666666667,104.0,102.0,28.555555555555557,46.0,46.0,37.0,66.0,66.0,23.22222222222222,34.0,33.0,0.0;0.0;4.0;72.0;100.0;99.0;101.0;104.0;102.0,,,,,,,,,,,,,
B,20260729_195719,2.0,2026-07-29 19:58:05,70.0,1409.25,271.5,5.0,0.13479628099958063,575.8333333333334,1123.0,3455.0,,,current pose direct MOVEP lift-hover sample,1742.0,51.0,1249.0,119.0,68.0,0.0,,,,1741.0,2.0,1340.0,88.0,86.0,1.0,2.2348431779973907,1340.0,86.0,1742.0,-19.0,1449.0,955.0,974.0,1.0,2.10004689699781,1467.0,515.0,1741.0,23.0,1444.0,943.0,920.0,1.0,2.10004689699781,1465.0,431.0,1499.0,-1.0,1369.0,1122.0,1123.0,1.0,2.10004689699781,1365.0,301.0,1050.0,93.0,915.0,377.0,284.0,1.0,2.10004689699781,915.0,141.0,14.0,4.97115127899815,1507.5,1512.0,2.97008898375597,1501.0,-11.0,3490.9285714285716,3502.0,6.529759191734471,3479.0,-23.0,80.28571428571429,82.0,0.6998542122237652,82.0,2.0,96.14285714285714,97.0,0.989743318610787,97.0,0.0,917.0714285714286,920.0,1.486332289048915,914.0,-6.0,889.9285714285714,893.0,2.4918233632160582,885.0,-8.0,1208.857142857143,1213.0,2.559496123881274,1203.0,-10.0,298.64285714285717,299.0,0.6102859818083951,298.0,-1.0,8.0,0.6700434009981109,170.625,281.0,281.0,86.25,143.0,143.0,74.0,2.25,124.88888888888889,9.375,15.0,15.0,22.0,37.0,37.0,46.0,74.0,71.0,38.375,67.0,67.0,50.25,87.0,87.0,36.0,56.0,56.0,0.0;0.0;30.0;49.0;74.0;72.0;72.0;71.0,,,,,,,,,,,,,
B,20260729_195719,3.0,2026-07-29 19:58:25,70.0,1366.4,326.2,6.0,0.4986575989969424,366.0,628.0,2196.0,,,current pose direct MOVEP lift-hover sample,1742.0,48.0,1205.0,131.0,83.0,1.0,4.039435396000044,1205.0,84.0,1739.0,-2.0,1363.0,441.0,443.0,1.0,4.039435396000044,1367.0,529.0,1742.0,-18.0,1447.0,572.0,590.0,1.0,4.538092994996987,1447.0,590.0,1741.0,21.0,1437.0,116.0,95.0,1.0,4.538092994996987,1437.0,95.0,1499.0,-1.0,1375.0,627.0,628.0,1.0,4.039435396000044,1376.0,379.0,1050.0,94.0,917.0,451.0,357.0,1.0,4.039435396000044,916.0,313.0,30.0,4.388697558002605,1195.3,1198.0,1.7729448195962934,1192.0,-4.0,2641.5666666666666,2646.0,2.7650597743187317,2639.0,-7.0,86.03333333333333,87.0,0.8749603165604458,87.0,0.0,339.4,340.0,0.8406346808612327,340.0,0.0,511.0,511.0,0.0,511.0,0.0,509.8333333333333,512.0,1.2931443160847216,509.0,-3.0,853.4,854.0,0.916515138991168,852.0,-2.0,341.9,344.0,1.106044001535804,340.0,-2.0,11.0,0.899808486999973,413.3636363636364,564.0,562.0,162.1818181818182,291.0,288.0,269.0,4.75,118.3157894736842,0.5454545454545454,2.0,2.0,36.45454545454545,99.0,23.0,205.9090909090909,269.0,262.0,45.27272727272727,155.0,12.0,131.8181818181818,231.0,229.0,30.363636363636363,63.0,59.0,0.0;53.0;98.0;269.0;264.0;266.0;263.0;264.0;264.0;262.0;262.0,,,,,,,,,,,,,
B,20260729_195719,4.0,2026-07-29 19:58:39,70.0,1376.4,316.6,6.0,0.4696411069999158,622.0,1102.0,3732.0,,,current pose direct MOVEP lift-hover sample,1742.0,49.0,1212.0,127.0,78.0,1.0,1.4355067159995087,1216.0,81.0,1741.0,0.0,1346.0,478.0,478.0,1.0,1.1104406300000846,1446.0,71.0,1742.0,-19.0,1414.0,584.0,603.0,1.0,1.5800817370000004,1425.0,848.0,1741.0,19.0,1389.0,1082.0,1063.0,1.0,1.5800817370000004,1416.0,102.0,1499.0,-1.0,1383.0,1101.0,1102.0,1.0,1.4355067159995087,1379.0,531.0,1050.0,91.0,918.0,499.0,408.0,1.0,1.2605364429982728,915.0,118.0,18.0,4.955446883999684,1861.1666666666667,1867.0,3.8042374035044424,1855.0,-12.0,3831.777777777778,3843.0,7.199965706365518,3820.0,-23.0,73.44444444444444,75.0,0.8314794192830981,75.0,2.0,907.0,912.0,2.886751345948129,903.0,-9.0,244.72222222222223,246.0,0.8031573497111645,244.0,0.0,745.4444444444445,747.0,1.3425606637327303,743.0,-4.0,1326.7222222222222,1331.0,2.921292627807757,1322.0,-9.0,534.4444444444445,536.0,0.9558139185602919,533.0,-3.0,10.0,0.8500567499977478,459.6,557.0,544.0,66.9,88.0,85.0,393.0,1.0,544.0,0.1,1.0,0.0,75.5,92.0,92.0,326.0,393.0,381.0,66.7,79.0,78.0,57.5,76.0,74.0,9.4,12.0,11.0,3.0;174.0;384.0;393.0;389.0;386.0;385.0;383.0;382.0;381.0,,,,,,,,,,,,,
B,20260729_203552,0.0,2026-07-29 20:36:06,70.0,1372.0,320.8,6.0,0.2953627069982758,502.0,1023.0,3012.0,,,current pose direct MOVEP lift-hover sample,1742.0,51.0,1211.0,135.0,84.0,1.0,1.4952887359977467,1214.0,81.0,1740.0,2.0,1236.0,84.0,82.0,1.0,1.3302750759976334,1342.0,77.0,1742.0,-12.0,1414.0,868.0,880.0,1.0,1.4952887359977467,1423.0,725.0,1741.0,21.0,1465.0,682.0,661.0,1.0,1.1999260289994709,1509.0,164.0,1499.0,-1.0,1374.0,1022.0,1023.0,1.0,1.3302750759976334,1372.0,357.0,1047.0,98.0,915.0,380.0,282.0,1.0,1.4952887359977467,915.0,213.0,36.0,4.99513249300071,1283.7777777777778,1290.0,3.637086067407313,1279.0,-10.0,2915.777777777778,2928.0,6.316253773273764,2907.0,-20.0,62.0,62.0,0.0,62.0,0.0,84.13888888888889,85.0,0.9472996058322185,85.0,2.0,824.6388888888889,832.0,3.258772585718755,820.0,-12.0,661.2222222222222,663.0,0.4779069592801459,661.0,0.0,1007.0277777777778,1012.0,2.901016211903752,1003.0,-9.0,276.75,278.0,0.8936504412303007,276.0,-1.0,11.0,0.9050830390006013,229.54545454545453,584.0,584.0,77.72727272727273,187.0,187.0,246.0,5.75,101.56521739130434,3.272727272727273,16.0,16.0,1.8181818181818181,5.0,4.0,95.0909090909091,246.0,246.0,56.72727272727273,151.0,151.0,52.27272727272727,132.0,132.0,25.454545454545453,55.0,55.0,0.0;0.0;4.0;85.0;90.0;103.0;113.0;110.0;127.0;168.0;246.0,1.0;0.0;14.0;185.0;223.0;253.0;279.0;274.0;310.0;402.0;584.0,,,,,,,,,,,,
B,20260729_203552,1.0,2026-07-29 20:36:21,70.0,1397.4,295.2,6.0,0.13990961500167032,335.1666666666667,904.0,2011.0,,,current pose direct MOVEP lift-hover sample,1741.0,52.0,1212.0,131.0,79.0,1.0,1.3646667459979653,1248.0,70.0,1740.0,-1.0,1340.0,80.0,81.0,1.0,1.3646667459979653,1406.0,70.0,1742.0,-18.0,1463.0,324.0,342.0,1.0,1.5045763609996357,1463.0,342.0,1741.0,21.0,1473.0,925.0,904.0,1.0,1.3646667459979653,1507.0,108.0,1499.0,-1.0,1363.0,505.0,506.0,1.0,1.5045763609996357,1363.0,506.0,1050.0,97.0,915.0,196.0,99.0,1.0,1.5045763609996357,915.0,99.0,35.0,4.889832706001471,1210.3714285714286,1216.0,2.4152576234752066,1207.0,-9.0,2859.2,2872.0,5.136980769729572,2853.0,-19.0,80.4,82.0,0.834950811211569,81.0,1.0,82.0,82.0,0.0,82.0,0.0,881.0571428571428,885.0,1.9703931028076191,879.0,-6.0,605.3714285714286,609.0,1.6050939320215016,604.0,-5.0,978.8,983.0,1.9537509711175725,976.0,-7.0,231.57142857142858,233.0,0.6880911187881312,231.0,-2.0,10.0,0.9639359989996592,210.2,481.0,481.0,84.0,173.0,173.0,201.0,5.5,87.45454545454545,0.0,0.0,0.0,2.1,3.0,3.0,85.3,201.0,201.0,40.9,107.0,107.0,48.0,114.0,114.0,36.0,59.0,59.0,0.0;0.0;35.0;89.0;90.0;97.0;102.0;102.0;137.0;201.0,2.0;2.0;83.0;213.0;230.0;243.0;259.0;261.0;328.0;481.0,,,,,,,,,,,,
B,20260729_203552,2.0,2026-07-29 20:36:35,70.0,1374.8,317.4,6.0,0.15537280699936673,492.0,1013.0,2952.0,,,current pose direct MOVEP lift-hover sample,1742.0,49.0,1222.0,129.0,80.0,1.0,1.4500892600008228,1222.0,80.0,1740.0,-1.0,1286.0,83.0,84.0,1.0,1.294716453001456,1350.0,79.0,1739.0,-17.0,1428.0,996.0,1013.0,1.0,1.294716453001456,1457.0,137.0,1741.0,20.0,1444.0,639.0,619.0,1.0,1.294716453001456,1464.0,527.0,1499.0,-1.0,1382.0,889.0,890.0,1.0,1.294716453001456,1381.0,163.0,1050.0,97.0,916.0,363.0,266.0,1.0,1.4500892600008228,916.0,266.0,33.0,4.879698895998445,1329.7575757575758,1335.0,2.2567112438679837,1326.0,-9.0,3120.060606060606,3130.0,4.605263088851605,3113.0,-17.0,83.18181818181819,84.0,0.9359663764533637,84.0,2.0,78.60606060606061,79.0,0.7360580485752194,79.0,2.0,1075.2727272727273,1080.0,2.5497798749045613,1072.0,-8.0,553.2424242424242,556.0,1.3713586059375467,552.0,-4.0,1046.3939393939395,1051.0,1.953076732645093,1043.0,-8.0,283.3636363636364,285.0,0.5403804393977881,283.0,-1.0,11.0,0.8849815120011044,331.54545454545456,483.0,472.0,112.27272727272727,235.0,235.0,144.0,6.5,72.61538461538461,0.5454545454545454,2.0,1.0,9.545454545454545,20.0,19.0,48.45454545454545,144.0,144.0,170.8181818181818,299.0,93.0,102.9090909090909,205.0,205.0,9.363636363636363,30.0,30.0,1.0;25.0;126.0;91.0;22.0;22.0;15.0;16.0;3.0;68.0;144.0,1.0;96.0;483.0;447.0;352.0;365.0;355.0;355.0;338.0;383.0;472.0,,,,,,,,,,,,
B,20260729_203552,3.0,2026-07-29 20:36:49,70.0,1385.4,307.2,6.0,0.15002510699923732,460.1666666666667,911.0,2761.0,,,current pose direct MOVEP lift-hover sample,1742.0,49.0,1212.0,129.0,80.0,1.0,1.9247347750024346,1214.0,80.0,1739.0,-1.0,1285.0,87.0,88.0,1.0,1.7747096680031973,1392.0,71.0,1742.0,-17.0,1444.0,894.0,911.0,1.0,1.9247347750024346,1458.0,340.0,1741.0,21.0,1469.0,571.0,550.0,1.0,1.7747096680031973,1498.0,220.0,1499.0,-1.0,1367.0,908.0,909.0,1.0,1.9247347750024346,1365.0,552.0,1050.0,96.0,899.0,319.0,223.0,1.0,1.9247347750024346,899.0,83.0,32.0,4.8948653639999975,1163.65625,1169.0,2.9749934348667058,1160.0,-9.0,2717.8125,2729.0,5.530808598206956,2712.0,-17.0,62.59375,64.0,0.8609360821222444,62.0,0.0,87.0625,88.0,0.899218410621135,88.0,0.0,861.4375,867.0,2.4866832830097203,859.0,-8.0,543.0625,544.0,0.24206145913796356,543.0,0.0,945.96875,950.0,2.1284439004822278,943.0,-7.0,217.6875,219.0,0.9499177595981665,217.0,-2.0,11.0,0.930038358001184,339.8181818181818,477.0,466.0,136.0909090909091,263.0,263.0,130.0,7.25,64.27586206896552,5.545454545454546,17.0,17.0,14.454545454545455,28.0,27.0,56.72727272727273,130.0,125.0,147.0,297.0,78.0,109.0909090909091,206.0,206.0,27.0,58.0,57.0,1.0;8.0;109.0;99.0;26.0;7.0;6.0;45.0;68.0;130.0;125.0,1.0;33.0;477.0;476.0;364.0;347.0;342.0;370.0;406.0;456.0;466.0,,,,,,,,,,,,
B,20260729_203552,4.0,2026-07-29 20:37:03,70.0,1389.2,303.6,6.0,0.1397849370005133,602.1666666666666,1256.0,3613.0,,,current pose direct MOVEP lift-hover sample,1742.0,49.0,1211.0,125.0,76.0,1.0,1.310273506998783,1257.0,70.0,1740.0,-1.0,1287.0,83.0,84.0,1.0,1.310273506998783,1393.0,70.0,1742.0,-19.0,1446.0,883.0,902.0,1.0,1.4500584439992963,1462.0,439.0,1741.0,21.0,1451.0,1046.0,1025.0,1.0,1.4500584439992963,1468.0,647.0,1499.0,-1.0,1370.0,1255.0,1256.0,1.0,1.4500584439992963,1366.0,331.0,1050.0,96.0,916.0,366.0,270.0,1.0,1.4500584439992963,916.0,128.0,35.0,4.900003700000525,1513.2857142857142,1521.0,3.4106675389466634,1510.0,-11.0,3522.542857142857,3537.0,6.344144013600742,3516.0,-21.0,59.91428571428571,61.0,0.49979587670102577,60.0,0.0,80.17142857142858,82.0,1.206783547539593,82.0,3.0,875.2857142857143,878.0,1.2777531299998799,874.0,-4.0,993.8857142857142,999.0,2.648680842246123,990.0,-9.0,1244.8285714285714,1251.0,2.6020400160062795,1242.0,-9.0,268.45714285714286,270.0,0.9363411204670822,268.0,-2.0,8.0,0.8253283810008725,167.875,244.0,235.0,55.375,82.0,79.0,105.0,1.75,134.28571428571428,7.125,20.0,20.0,11.875,24.0,23.0,73.0,105.0,99.0,39.5,57.0,57.0,38.625,60.0,58.0,16.75,24.0,21.0,0.0;0.0;75.0;103.0;105.0;102.0;100.0;99.0,1.0;2.0;145.0;239.0;244.0;241.0;236.0;235.0,,,,,,,,,,,,
A,20260729_203734,0.0,2026-07-29 20:37:48,70.0,1404.6,288.2,6.0,0.275280854999437,561.6666666666666,1074.0,3370.0,,,current pose direct MOVEP lift-hover sample,1742.0,53.0,1216.0,133.0,80.0,1.0,1.4350137250003172,1216.0,80.0,1740.0,0.0,1438.0,303.0,303.0,1.0,1.1597328700008802,1457.0,682.0,1742.0,-14.0,1480.0,873.0,887.0,1.0,1.2898593290010467,1509.0,112.0,1741.0,21.0,1465.0,720.0,699.0,1.0,1.4350137250003172,1465.0,699.0,1499.0,-1.0,1377.0,1073.0,1074.0,1.0,1.1597328700008802,1376.0,323.0,1050.0,99.0,917.0,426.0,327.0,1.0,1.1597328700008802,915.0,305.0,35.0,4.970191368996893,1564.2571428571428,1590.0,12.213207972502222,1545.0,-45.0,3465.2,3547.0,39.42211127201151,3409.0,-138.0,81.2,82.0,0.9196272536817761,81.0,-1.0,283.42857142857144,288.0,2.27138364735449,288.0,8.0,611.5428571428571,626.0,7.590757000242775,600.0,-26.0,924.7714285714286,969.0,21.145868511414726,895.0,-74.0,1261.4857142857143,1287.0,12.091015385865013,1243.0,-44.0,302.77142857142854,303.0,0.4831867007225075,302.0,-1.0,10.0,0.8301423450029688,141.7,175.0,153.0,34.1,82.0,39.0,77.0,2.25,68.0,3.7,6.0,6.0,109.1,203.0,159.0,40.8,77.0,4.0,66.8,110.0,110.0,18.9,54.0,17.0,15.2,34.0,22.0,48.0;77.0;63.0;69.0;54.0;46.0;19.0;18.0;10.0;4.0,83.0;154.0;171.0;175.0;136.0;135.0;132.0;135.0;143.0;153.0,,,,,,,,,,,,
A,20260729_203734,1.0,2026-07-29 20:38:01,70.0,1411.6,281.4,6.0,0.309743867997895,508.3333333333333,967.0,3050.0,,,current pose direct MOVEP lift-hover sample,1742.0,49.0,1213.0,131.0,82.0,1.0,1.3304344399984984,1264.0,70.0,1741.0,-1.0,1443.0,639.0,640.0,1.0,1.1802540850003425,1461.0,724.0,1742.0,-17.0,1482.0,491.0,508.0,1.0,1.3304344399984984,1502.0,299.0,1741.0,22.0,1457.0,525.0,503.0,1.0,1.4899979529982375,1457.0,503.0,1499.0,-1.0,1375.0,966.0,967.0,1.0,1.1802540850003425,1374.0,394.0,1047.0,95.0,916.0,445.0,350.0,1.0,1.1802540850003425,915.0,310.0,35.0,5.000182784999197,1639.5142857142857,1672.0,14.645079970656997,1620.0,-52.0,3446.057142857143,3530.0,38.09907599715162,3397.0,-133.0,83.0,84.0,0.9258200997725514,84.0,0.0,967.1428571428571,971.0,1.8070158058105026,965.0,-6.0,151.5142857142857,160.0,4.258580773459819,146.0,-14.0,604.8857142857142,643.0,17.33167443657739,582.0,-61.0,1236.7142857142858,1267.0,13.624707448647273,1218.0,-49.0,402.8,406.0,1.1414276774536103,402.0,-3.0,9.0,0.8153814149991376,553.2222222222222,931.0,931.0,92.0,211.0,211.0,550.0,5.75,161.91304347826087,0.1111111111111111,1.0,1.0,89.88888888888889,129.0,78.0,365.0,550.0,542.0,96.22222222222223,178.0,178.0,76.88888888888889,170.0,170.0,15.11111111111111,41.0,41.0,1.0;244.0;250.0;408.0;400.0;446.0;444.0;550.0;542.0,1.0;321.0;353.0;573.0;578.0;645.0;682.0;895.0;931.0,,,,,,,,,,,,
A,20260729_203734,2.0,2026-07-29 20:38:14,70.0,1404.6,288.4,6.0,0.3000843640002131,595.1666666666666,1133.0,3571.0,,,current pose direct MOVEP lift-hover sample,1742.0,49.0,1214.0,128.0,79.0,1.0,1.4553422220014909,1214.0,79.0,1741.0,0.0,1420.0,468.0,468.0,1.0,1.1552578580012778,1453.0,624.0,1742.0,-19.0,1481.0,707.0,726.0,1.0,1.3102267969989043,1508.0,276.0,1741.0,21.0,1471.0,841.0,820.0,1.0,1.4553422220014909,1471.0,820.0,1499.0,-1.0,1381.0,1132.0,1133.0,1.0,1.1552578580012778,1377.0,296.0,1050.0,95.0,918.0,440.0,345.0,1.0,1.1552578580012778,916.0,296.0,33.0,4.869948690000456,1933.121212121212,1951.0,7.546853953229003,1923.0,-28.0,4076.121212121212,4113.0,15.588957971974082,4056.0,-57.0,82.12121212121212,83.0,0.4772125984249582,83.0,2.0,992.2121212121212,1003.0,4.791138131109165,986.0,-17.0,325.3636363636364,327.0,0.5938156952201644,325.0,-2.0,743.3030303030303,751.0,3.2518978000718333,739.0,-12.0,1494.4545454545455,1510.0,6.629095230969851,1485.0,-25.0,438.6666666666667,441.0,1.0347497623614468,438.0,-3.0,10.0,0.8554934790008701,472.8,626.0,626.0,79.7,159.0,159.0,390.0,3.25,192.6153846153846,0.8,1.0,1.0,76.3,106.0,51.0,312.6,390.0,354.0,80.5,114.0,113.0,67.4,128.0,128.0,12.3,33.0,31.0,2.0;201.0;390.0;370.0;366.0;364.0;361.0;361.0;357.0;354.0,3.0;266.0;531.0;535.0;529.0;527.0;531.0;559.0;621.0;626.0,,,,,,,,,,,,
A,20260729_203734,3.0,2026-07-29 20:38:28,70.0,1497.3333333333333,163.33333333333334,4.0,0.24483366000276874,349.6666666666667,908.0,2098.0,,,current pose direct MOVEP lift-hover sample,1742.0,46.0,1372.0,97.0,51.0,0.0,,,,1740.0,-1.0,1454.0,59.0,60.0,0.0,,,,1742.0,-19.0,1541.0,300.0,319.0,1.0,1.309906160000537,1541.0,319.0,1741.0,19.0,1554.0,927.0,908.0,1.0,1.0650724999977683,1584.0,199.0,1499.0,-1.0,1361.0,687.0,688.0,1.0,1.0650724999977683,1367.0,80.0,1049.0,93.0,912.0,165.0,72.0,1.0,1.309906160000537,912.0,72.0,33.0,4.979945939001482,1163.3333333333333,1192.0,36.98375291662516,1184.0,80.0,2572.3333333333335,2647.0,85.22542893628484,2619.0,192.0,51.96969696969697,52.0,0.17141982574219333,52.0,0.0,64.3030303030303,75.0,5.946656042684057,63.0,-12.0,602.3030303030303,684.0,94.36694492165977,655.0,219.0,690.4242424242424,760.0,40.084025612138355,665.0,-95.0,1025.3939393939395,1045.0,23.270399189110815,1038.0,49.0,137.93939393939394,148.0,13.748695572152322,146.0,31.0,4.0,0.7351166520020342,75.25,250.0,250.0,40.5,129.0,129.0,51.0,1.25,200.0,0.75,2.0,0.0,8.5,30.0,30.0,15.0,51.0,51.0,19.75,70.0,70.0,10.5,41.0,41.0,30.0,88.0,88.0,0.0;0.0;9.0;51.0,1.0;1.0;49.0;250.0,,,,,,,,,,,,
A,20260729_203734,4.0,2026-07-29 20:38:42,70.0,1444.5,236.5,5.0,0.34985836099804146,475.6666666666667,1018.0,2854.0,,,current pose direct MOVEP lift-hover sample,1742.0,48.0,1269.0,113.0,65.0,0.0,,,,1742.0,-2.0,1351.0,78.0,80.0,1.0,1.4249853559995245,1351.0,80.0,1742.0,-21.0,1487.0,952.0,973.0,1.0,1.1951456210008473,1505.0,398.0,1741.0,21.0,1534.0,518.0,497.0,1.0,1.075126995001483,1552.0,745.0,1499.0,-1.0,1372.0,1017.0,1018.0,1.0,1.075126995001483,1370.0,406.0,1050.0,95.0,916.0,316.0,221.0,1.0,1.1951456210008473,916.0,76.0,19.0,4.935127919001388,1261.0526315789473,1271.0,4.806505287086684,1255.0,-16.0,2806.4736842105262,2830.0,11.398838449839536,2794.0,-36.0,81.84210526315789,83.0,0.9326339550878605,81.0,-2.0,85.47368421052632,87.0,0.5954583420518295,87.0,2.0,880.8421052631579,893.0,5.733219522587882,875.0,-18.0,497.2631578947368,498.0,0.90856192113853,496.0,-2.0,1051.7894736842106,1061.0,4.3598520903016285,1047.0,-14.0,209.26315789473685,210.0,0.7841928645132284,208.0,-2.0,11.0,0.9001250159999472,250.9090909090909,331.0,253.0,80.0,128.0,128.0,67.0,4.0,63.25,0.8181818181818182,2.0,1.0,2.909090909090909,4.0,3.0,32.0,67.0,14.0,138.9090909090909,202.0,111.0,68.18181818181819,94.0,94.0,11.818181818181818,34.0,34.0,1.0;59.0;67.0;33.0;31.0;31.0;31.0;31.0;29.0;25.0;14.0,4.0;224.0;331.0;288.0;283.0;281.0;276.0;279.0;269.0;272.0;253.0,,,,,,,,,,,,
A,20260730_153723,0.0,2026-07-30 15:37:39,120.0,1448.25,232.5,5.0,0.2083600049954839,568.0,1041.0,3408.0,,,current pose direct MOVEP lift-hover sample,1739.0,51.0,1239.0,127.0,76.0,0.0,,,,1740.0,2.0,1381.0,527.0,525.0,1.0,1.384947871993063,1381.0,525.0,1742.0,-16.0,1492.0,548.0,564.0,1.0,1.384947871993063,1492.0,564.0,1741.0,21.0,1499.0,885.0,864.0,1.0,1.1765878669975791,1545.0,379.0,1500.0,0.0,1379.0,1041.0,1041.0,1.0,1.1765878669975791,1375.0,165.0,1051.0,93.0,915.0,431.0,338.0,1.0,1.384947871993063,915.0,338.0,36.0,4.9701212359941565,1681.7222222222222,1710.0,11.216582741417358,1666.0,-44.0,3507.5,3563.0,22.424564903496144,3477.0,-86.0,81.88888888888889,83.0,0.3928371006591931,82.0,-1.0,448.30555555555554,477.0,12.16511278763179,434.0,-43.0,528.0277777777778,529.0,0.16433554953054488,528.0,0.0,767.5555555555555,769.0,1.2789849370245931,767.0,2.0,1328.611111111111,1350.0,8.737778060359439,1317.0,-33.0,353.1111111111111,360.0,2.5361582690029616,349.0,-11.0,36.0,3.383351890995982,615.3444444444444,871.9000000000001,801.9000000000001,218.92222222222227,343.80000000000007,298.80000000000007,296.0,10.525000000000006,76.19002375296908,1.6000000000000039,1.9000000000000057,1.9000000000000057,93.70555555555555,170.2,139.2,238.19444444444446,296.0,292.0,158.2277777777778,232.10000000000002,211.10000000000002,156.98888888888894,248.4000000000001,221.4000000000001,61.933333333333316,98.39999999999998,77.39999999999998,0.0;0.0;1.0;1.0;1.0;0.0;275.0;285.0;283.0;281.0;284.0;284.0;283.0;282.0;281.0;281.0;281.0;279.0;279.0;278.0;279.0;279.0;278.0;285.0;290.0;294.0;293.0;294.0;296.0;294.0;294.0;292.0;292.0;292.0;292.0;292.0,3.3;4.3;4.3;6.1;7.1;6.3;378.9;567.9;656.9;667.9;710.9;726.9;713.9;704.9;697.9;694.9;689.9;682.9;679.9;673.9;672.9;681.9;690.9;769.9;832.9;858.9;846.9;855.9;871.9;861.9;846.9;835.9;822.9;813.9;807.9;801.9,hover_last_10,1.0,526.0,0.0,5.0,3.2;4.2;3.2;4.2;5.2;6.2;27.8;145.8;209.8;222.8;240.8;259.8;251.8;245.8;241.8;239.8;235.8;232.8;229.8;225.8;223.8;229.8;236.8;276.8;313.8;336.8;331.8;335.8;343.8;340.8;329.8;322.8;313.8;306.8;302.8;298.8,0.1;0.1;0.1;0.1;0.1;0.1;1.9;1.9;1.9;1.9;1.9;1.9;1.9;1.9;1.9;1.9;1.9;1.9;1.9;1.9;1.9;1.9;1.9;1.9;1.9;1.9;1.9;1.9;1.9;1.9;1.9;1.9;1.9;1.9;1.9;1.9,3.8;3.8;3.8;3.8;3.8;4.8;47.8;27.2;70.2;71.2;98.2;99.2;95.2;91.2;89.2;87.2;85.2;83.2;82.2;81.2;81.2;85.2;88.2;126.2;157.2;165.2;158.2;164.2;170.2;162.2;157.2;154.2;147.2;145.2;140.2;139.2,0.0;0.0;1.0;1.0;1.0;0.0;275.0;285.0;283.0;281.0;284.0;284.0;283.0;282.0;281.0;281.0;281.0;279.0;279.0;278.0;279.0;279.0;278.0;285.0;290.0;294.0;293.0;294.0;296.0;294.0;294.0;292.0;292.0;292.0;292.0;292.0,0.1;0.1;0.1;0.9;0.9;0.1;76.1;137.1;164.1;164.1;186.1;183.1;179.1;177.1;175.1;174.1;173.1;171.1;171.1;170.1;170.1;173.1;176.1;208.1;229.1;228.1;222.1;226.1;232.1;227.1;223.1;221.1;217.1;215.1;213.1;211.1,2.6;2.6;2.6;2.6;3.6;4.6;10.4;85.4;140.4;155.4;161.4;185.4;182.4;178.4;175.4;174.4;172.4;170.4;168.4;166.4;164.4;167.4;170.4;194.4;215.4;240.4;241.4;239.4;248.4;247.4;240.4;235.4;230.4;226.4;223.4;221.4,0.6;1.6;0.6;1.6;1.6;1.6;17.4;60.4;69.4;67.4;79.4;74.4;69.4;67.4;66.4;65.4;63.4;62.4;61.4;59.4;59.4;62.4;66.4;82.4;98.4;96.4;90.4;96.4;95.4;93.4;89.4;87.4;83.4;80.4;79.4;77.4
A,20260730_153723,1.0,2026-07-30 15:37:56,120.0,1470.75,210.25,5.0,0.1678187159996014,514.0,928.0,3084.0,,,current pose direct MOVEP lift-hover sample,1739.0,46.0,1241.0,123.0,77.0,0.0,,,,1741.0,-2.0,1405.0,687.0,689.0,1.0,1.184761687007267,1457.0,299.0,1742.0,-17.0,1509.0,259.0,276.0,1.0,1.3525804030068684,1509.0,276.0,1742.0,21.0,1509.0,778.0,757.0,1.0,1.184761687007267,1552.0,174.0,1499.0,0.0,1373.0,928.0,928.0,1.0,1.184761687007267,1365.0,244.0,1049.0,91.0,918.0,448.0,357.0,1.0,1.184761687007267,916.0,172.0,31.0,4.875099420998595,1719.3225806451612,1733.0,5.520560378137137,1714.0,-19.0,3708.0967741935483,3738.0,12.153201725258159,3695.0,-43.0,83.19354838709677,85.0,0.46968450898583985,85.0,2.0,406.1290322580645,407.0,0.9415819044726725,405.0,-2.0,665.3225806451613,672.0,2.9114578631087293,662.0,-10.0,834.1290322580645,843.0,3.299481244503503,829.0,-14.0,1379.1612903225807,1392.0,5.118573227321725,1373.0,-19.0,340.16129032258067,341.0,0.7227534355615509,341.0,0.0,38.0,3.4594786550005665,386.34736842105275,622.5000000000001,605.5000000000001,213.91052631578953,350.30000000000007,341.30000000000007,43.5,9.75,62.102564102564116,4.447368421052632,7.5,5.5,206.33684210526314,340.7,331.7,22.657894736842106,43.5,38.5,149.77894736842111,233.70000000000005,225.70000000000005,148.55789473684212,252.20000000000005,249.20000000000005,65.35263157894738,101.10000000000002,92.10000000000002,1.5;1.5;1.5;1.5;1.5;1.5;9.5;15.5;19.5;17.5;17.5;17.5;17.5;21.5;19.5;19.5;19.5;17.5;17.5;17.5;17.5;17.5;19.5;22.5;24.5;32.5;30.5;30.5;43.5;42.5;41.5;41.5;41.5;41.5;40.5;40.5;38.5;38.5,5.1;5.1;6.1;5.9;6.1;5.9;127.5;262.5;347.5;357.5;355.5;358.5;367.5;391.5;393.5;389.5;387.5;386.5;386.5;385.5;384.5;384.5;404.5;431.5;451.5;518.5;522.5;520.5;603.5;622.5;616.5;616.5;615.5;615.5;614.5;613.5;608.5;605.5,hover_last_10,1.0,661.0,0.0,5.0,1.9;1.9;2.9;2.7;2.9;2.7;54.3;131.3;183.3;197.3;196.3;198.3;203.3;212.3;218.3;215.3;214.3;215.3;215.3;214.3;213.3;213.3;223.3;236.3;249.3;284.3;292.3;291.3;326.3;350.3;347.3;347.3;346.3;346.3;346.3;345.3;344.3;341.3,1.5;1.5;1.5;1.5;1.5;1.5;2.5;2.5;5.5;3.5;4.5;4.5;3.5;5.5;5.5;3.5;5.5;3.5;4.5;5.5;3.5;4.5;3.5;5.5;5.5;5.5;5.5;5.5;6.5;7.5;6.5;6.5;6.5;5.5;5.5;5.5;5.5;5.5,0.7;0.3;0.3;0.7;0.7;1.7;64.7;139.7;188.7;185.7;183.7;185.7;190.7;207.7;204.7;202.7;202.7;202.7;202.7;201.7;201.7;200.7;213.7;231.7;240.7;284.7;281.7;279.7;340.7;335.7;333.7;332.7;333.7;333.7;332.7;331.7;331.7;331.7,1.5;1.5;1.5;1.5;1.5;1.5;9.5;15.5;19.5;17.5;17.5;17.5;17.5;21.5;19.5;19.5;19.5;17.5;17.5;17.5;17.5;17.5;19.5;22.5;24.5;32.5;30.5;30.5;43.5;42.5;41.5;41.5;41.5;41.5;40.5;40.5;38.5;38.5,1.7;1.7;1.7;1.7;1.7;1.7;63.7;115.7;144.7;142.7;141.7;142.7;146.7;157.7;155.7;154.7;153.7;153.7;153.7;153.7;153.7;153.7;161.7;172.7;177.7;201.7;199.7;198.7;233.7;229.7;227.7;227.7;227.7;227.7;227.7;227.7;225.7;225.7,0.8;1.8;1.8;1.8;1.8;1.8;14.2;71.2;115.2;132.2;132.2;132.2;137.2;141.2;149.2;147.2;147.2;147.2;147.2;147.2;147.2;147.2;151.2;160.2;172.2;197.2;207.2;207.2;225.2;252.2;251.2;251.2;251.2;251.2;251.2;251.2;251.2;249.2,1.1;0.1;1.1;0.9;1.1;0.9;40.1;60.1;68.1;65.1;64.1;66.1;66.1;71.1;69.1;68.1;67.1;68.1;68.1;67.1;66.1;66.1;72.1;76.1;77.1;87.1;85.1;84.1;101.1;98.1;96.1;96.1;95.1;95.1;95.1;94.1;93.1;92.1
A,20260730_153723,2.0,2026-07-30 15:38:12,120.0,1473.5,207.5,5.0,0.13506580398825463,654.8333333333334,1381.0,3929.0,,,current pose direct MOVEP lift-hover sample,1739.0,46.0,1252.0,117.0,71.0,0.0,,,,1742.0,-2.0,1411.0,868.0,870.0,1.0,1.2410757670004386,1459.0,125.0,1742.0,-19.0,1492.0,364.0,383.0,1.0,1.106009963012184,1548.0,137.0,1741.0,18.0,1486.0,854.0,836.0,1.0,1.2410757670004386,1515.0,440.0,1499.0,0.0,1374.0,1381.0,1381.0,1.0,1.2410757670004386,1372.0,690.0,1050.0,86.0,916.0,474.0,388.0,1.0,1.2410757670004386,915.0,202.0,32.0,4.914930943006766,1957.375,2033.0,76.08208971236266,2002.0,142.0,3973.59375,4069.0,92.10654814364449,4026.0,166.0,81.8125,83.0,0.9164298936634487,83.0,1.0,824.875,830.0,2.7357585785299112,822.0,-8.0,357.0625,363.0,7.664600038488636,363.0,17.0,752.46875,762.0,8.196738585407003,756.0,14.0,1559.21875,1632.0,74.19262698164488,1603.0,140.0,398.15625,402.0,2.032691795993677,399.0,2.0,37.0,3.430029809998814,781.2783783783783,1063.9,1045.9,242.97297297297297,353.0,347.0,431.0,11.725000000000023,89.2025586353943,2.972972972972973,5.0,5.0,118.2243243243243,227.29999999999995,209.29999999999995,349.8918918918919,431.0,429.0,188.4135135135135,279.9,269.9,178.13513513513513,251.0,251.0,64.83783783783784,102.0,96.0,0.0;0.0;0.0;0.0;0.0;9.0;394.0;419.0;411.0;411.0;408.0;406.0;408.0;408.0;408.0;408.0;408.0;406.0;406.0;406.0;406.0;416.0;415.0;418.0;427.0;426.0;426.0;426.0;431.0;430.0;430.0;430.0;430.0;430.0;430.0;430.0;429.0,3.9;3.9;3.9;5.9;5.9;16.9;519.9;661.9;747.9;827.9;842.9;833.9;849.9;887.9;883.9;883.9;879.9;877.9;877.9;875.9;879.9;958.9;973.9;1004.9;1038.9;1029.9;1028.9;1025.9;1063.9;1057.9;1055.9;1051.9;1051.9;1050.9;1047.9;1047.9;1045.9,hover_last_10,1.0,363.0,0.0,5.0,3.0;3.0;3.0;5.0;5.0;5.0;27.0;111.0;182.0;228.0;250.0;245.0;252.0;275.0;273.0;273.0;271.0;271.0;271.0;269.0;272.0;304.0;325.0;341.0;348.0;344.0;343.0;342.0;353.0;352.0;352.0;350.0;350.0;349.0;348.0;348.0;347.0,0.0;0.0;0.0;0.0;0.0;0.0;0.0;1.0;2.0;2.0;2.0;2.0;2.0;3.0;3.0;2.0;3.0;3.0;3.0;2.0;2.0;4.0;4.0;5.0;5.0;5.0;5.0;5.0;5.0;5.0;5.0;5.0;5.0;5.0;5.0;5.0;5.0,2.7;2.7;2.7;3.7;3.7;5.7;89.7;44.7;5.3;68.3;64.3;61.3;72.3;97.3;95.3;94.3;93.3;93.3;93.3;93.3;95.3;155.3;149.3;171.3;201.3;197.3;194.3;193.3;227.3;219.3;215.3;213.3;213.3;211.3;211.3;209.3;209.3,0.0;0.0;0.0;0.0;0.0;9.0;394.0;419.0;411.0;411.0;408.0;406.0;408.0;408.0;408.0;408.0;408.0;406.0;406.0;406.0;406.0;416.0;415.0;418.0;427.0;426.0;426.0;426.0;431.0;430.0;430.0;430.0;430.0;430.0;430.0;430.0;429.0,0.9;0.9;0.9;0.9;0.9;2.9;98.9;131.9;154.9;188.9;184.9;182.9;189.9;204.9;202.9;202.9;200.9;200.9;200.9;200.9;201.9;238.9;233.9;245.9;263.9;259.9;259.9;257.9;279.9;275.9;273.9;271.9;271.9;271.9;269.9;269.9;269.9,3.0;3.0;3.0;5.0;5.0;5.0;19.0;73.0;134.0;165.0;190.0;186.0;185.0;208.0;206.0;206.0;204.0;204.0;204.0;204.0;203.0;220.0;244.0;249.0;251.0;251.0;251.0;251.0;251.0;251.0;251.0;251.0;251.0;251.0;251.0;251.0;251.0,0.0;0.0;0.0;0.0;0.0;0.0;8.0;38.0;48.0;63.0;60.0;59.0;67.0;67.0;67.0;67.0;67.0;67.0;67.0;65.0;69.0;84.0;81.0;92.0;97.0;93.0;92.0;91.0;102.0;101.0;101.0;99.0;99.0;98.0;97.0;97.0;96.0
A,20260730_153723,3.0,2026-07-30 15:38:28,120.0,1465.0,155.0,2.0,0.0,293.8333333333333,940.0,1763.0,,,current pose direct MOVEP lift-hover sample,1742.0,44.0,1273.0,108.0,64.0,0.0,,,,1742.0,-2.0,1397.0,64.0,66.0,0.0,,,,1742.0,-19.0,1508.0,14.0,33.0,0.0,,,,1741.0,19.0,1528.0,959.0,940.0,1.0,1.135066706003272,1553.0,404.0,1499.0,0.0,1377.0,653.0,653.0,1.0,1.135066706003272,1377.0,201.0,1050.0,82.0,916.0,89.0,7.0,0.0,,,,35.0,4.969989432996954,1040.3428571428572,1049.0,3.4636302767295404,1035.0,-14.0,2359.8,2381.0,9.260669522232181,2348.0,-33.0,82.82857142857142,84.0,0.6540298938434056,83.0,0.0,72.31428571428572,74.0,0.6220440302022069,74.0,2.0,565.8857142857142,578.0,5.873774296804051,557.0,-21.0,598.4285714285714,599.0,0.7284313590846836,599.0,0.0,895.6285714285714,904.0,3.5943265952705783,891.0,-13.0,144.71428571428572,146.0,0.7772268862134539,144.0,-1.0,37.0,3.44497161199979,599.3837837837838,828.8000000000001,666.8000000000001,170.14864864864867,252.70000000000005,175.70000000000005,370.70000000000005,12.0,55.56666666666667,0.9351351351351365,2.4000000000000057,0.5999999999999943,6.905405405405402,12.099999999999994,7.099999999999994,276.71621621621625,370.70000000000005,306.70000000000005,152.5189189189189,205.39999999999998,184.39999999999998,90.21621621621624,137.20000000000005,92.20000000000005,79.93243243243244,118.5,83.5,2.3;2.3;2.3;2.3;4.3;4.3;272.7;313.7;309.7;305.7;303.7;336.7;357.7;367.7;370.7;364.7;360.7;355.7;352.7;348.7;344.7;341.7;338.7;335.7;331.7;329.7;326.7;324.7;321.7;318.7;318.7;316.7;314.7;311.7;309.7;307.7;306.7,5.0;5.0;5.0;5.2;8.2;7.0;468.8;639.8;645.8;635.8;628.8;702.8;776.8;812.8;828.8;812.8;797.8;785.8;777.8;769.8;761.8;752.8;746.8;737.8;731.8;720.8;716.8;713.8;707.8;697.8;697.8;690.8;685.8;680.8;675.8;671.8;666.8,hover_last_10,1.0,557.0,0.0,5.0,2.3;2.3;2.3;2.3;3.3;2.3;95.7;185.7;193.7;189.7;186.7;197.7;232.7;246.7;252.7;245.7;236.7;231.7;226.7;223.7;220.7;216.7;213.7;209.7;207.7;200.7;199.7;198.7;196.7;190.7;190.7;187.7;184.7;182.7;179.7;178.7;175.7,0.6;0.6;0.6;0.6;0.6;0.6;1.4;2.4;2.4;2.4;2.4;2.4;2.4;0.4;0.4;1.4;1.4;0.4;0.4;0.4;0.4;0.4;1.4;0.4;1.4;0.4;0.4;0.6;0.6;0.6;0.6;0.6;0.4;0.4;0.6;0.6;0.6,0.9;0.9;0.9;0.9;0.9;0.9;12.1;9.1;9.1;9.1;9.1;9.1;8.1;8.1;7.1;7.1;7.1;7.1;7.1;9.1;9.1;9.1;8.1;9.1;9.1;8.1;8.1;7.1;7.1;7.1;7.1;7.1;7.1;7.1;7.1;7.1;7.1,2.3;2.3;2.3;2.3;4.3;4.3;272.7;313.7;309.7;305.7;303.7;336.7;357.7;367.7;370.7;364.7;360.7;355.7;352.7;348.7;344.7;341.7;338.7;335.7;331.7;329.7;326.7;324.7;321.7;318.7;318.7;316.7;314.7;311.7;309.7;307.7;306.7,0.4;0.4;0.4;0.6;0.6;0.4;100.4;140.4;142.4;140.4;138.4;168.4;186.4;198.4;205.4;202.4;200.4;198.4;198.4;197.4;196.4;194.4;194.4;192.4;192.4;190.4;190.4;190.4;189.4;188.4;188.4;186.4;186.4;186.4;186.4;185.4;184.4,0.8;0.8;0.8;0.8;0.8;0.8;19.2;92.2;103.2;101.2;99.2;104.2;121.2;128.2;137.2;134.2;130.2;127.2;125.2;123.2;121.2;118.2;116.2;114.2;112.2;109.2;108.2;107.2;105.2;101.2;101.2;99.2;97.2;96.2;94.2;94.2;92.2,1.5;1.5;1.5;1.5;2.5;1.5;76.5;93.5;90.5;88.5;87.5;93.5;111.5;118.5;115.5;111.5;106.5;104.5;101.5;100.5;99.5;98.5;97.5;95.5;95.5;91.5;91.5;91.5;91.5;89.5;89.5;88.5;87.5;86.5;85.5;84.5;83.5
A,20260730_153723,4.0,2026-07-30 15:38:46,120.0,1464.3333333333333,196.33333333333334,4.0,0.48943307099398226,433.1666666666667,992.0,2599.0,,,current pose direct MOVEP lift-hover sample,1739.0,46.0,1258.0,123.0,77.0,0.0,,,,1742.0,-2.0,1393.0,73.0,75.0,0.0,,,,1742.0,-19.0,1466.0,805.0,824.0,1.0,1.5392717299982905,1466.0,824.0,1741.0,19.0,1525.0,416.0,397.0,1.0,1.0498386590043083,1545.0,272.0,1499.0,0.0,1382.0,992.0,992.0,1.0,1.1901052620087285,1382.0,723.0,1049.0,85.0,916.0,319.0,234.0,1.0,1.5392717299982905,916.0,234.0,34.0,4.884957451999071,956.7352941176471,1010.0,25.453890056946932,922.0,-88.0,2013.5294117647059,2122.0,51.096929396702755,1943.0,-179.0,82.52941176470588,84.0,0.8483650059915269,84.0,3.0,80.52941176470588,83.0,0.9466751140841813,83.0,3.0,424.6764705882353,493.0,31.945468783202205,378.0,-115.0,469.05882352941177,476.0,4.981974428291684,476.0,18.0,816.8235294117648,851.0,16.252548376169294,795.0,-56.0,139.91176470588235,159.0,9.217526933411483,127.0,-32.0,36.0,3.499044234995381,471.53333333333336,1090.4,413.8,161.11666666666667,413.2,73.80000000000001,348.6,19.25,21.496103896103897,1.1888888888888844,3.0999999999999943,0.09999999999999432,6.111111111111111,24.5,0.5,124.57222222222224,348.6,157.39999999999998,185.84444444444446,331.6,182.60000000000002,125.19444444444444,338.0,16.0,35.922222222222224,88.19999999999999,57.80000000000001,13.4;15.4;17.4;18.4;20.4;18.4;293.6;348.6;305.6;272.6;244.6;217.6;225.6;261.6;230.6;187.6;159.6;126.6;101.6;75.6;47.6;19.6;0.4;17.4;35.4;50.4;62.4;74.4;90.4;105.4;116.4;126.4;134.4;143.4;148.4;157.4,24.8;27.8;32.8;37.8;38.8;32.0;759.4;1090.4;1045.4;976.4;918.4;862.4;847.4;815.4;721.4;642.4;586.4;522.4;476.4;427.4;384.4;349.0;323.8;335.8;350.8;360.8;370.8;379.8;391.8;398.8;401.8;403.8;404.8;409.8;409.8;413.8,hover_last_10,1.0,376.0,0.0,5.0,8.8;10.8;12.8;16.8;16.8;13.2;165.2;410.2;413.2;381.2;355.2;331.2;341.2;342.2;295.2;255.2;228.2;201.2;181.2;159.2;141.2;130.8;124.8;119.8;115.8;111.8;109.8;106.8;104.8;98.8;92.8;88.8;83.8;80.8;76.8;73.8,0.1;0.1;1.9;0.9;1.9;1.9;2.1;3.1;2.1;2.1;2.1;2.1;2.1;2.1;1.1;0.1;2.1;2.1;2.1;2.1;2.1;2.1;2.1;1.1;0.1;0.1;0.1;0.1;0.1;0.1;0.1;0.1;0.1;0.1;0.1;0.1,1.5;1.5;1.5;1.5;1.5;1.5;24.5;23.5;19.5;17.5;15.5;13.5;12.5;11.5;9.5;7.5;7.5;5.5;5.5;3.5;3.5;3.5;3.5;2.5;1.5;1.5;3.5;3.5;1.5;1.5;1.5;1.5;1.5;1.5;1.5;0.5,13.4;15.4;17.4;18.4;20.4;18.4;293.6;348.6;305.6;272.6;244.6;217.6;225.6;261.6;230.6;187.6;159.6;126.6;101.6;75.6;47.6;19.6;0.4;17.4;35.4;50.4;62.4;74.4;90.4;105.4;116.4;126.4;134.4;143.4;148.4;157.4,2.6;1.6;2.6;2.6;1.6;0.4;300.6;331.6;326.6;322.6;318.6;313.6;280.6;211.6;195.6;199.6;198.6;194.6;193.6;192.6;195.6;198.6;198.6;198.6;199.6;198.6;198.6;198.6;196.6;194.6;192.6;188.6;186.6;185.6;184.6;182.6,6.0;8.0;8.0;10.0;10.0;12.0;95.0;322.0;338.0;315.0;297.0;280.0;269.0;265.0;240.0;214.0;196.0;179.0;165.0;152.0;139.0;126.0;114.0;104.0;95.0;87.0;81.0;74.0;67.0;57.0;47.0;39.0;32.0;27.0;21.0;16.0,2.8;2.8;4.8;6.8;6.8;1.2;70.2;88.2;75.2;66.2;58.2;51.2;72.2;77.2;55.2;41.2;32.2;22.2;16.2;7.2;2.2;4.8;10.8;15.8;20.8;24.8;28.8;32.8;37.8;41.8;45.8;49.8;51.8;53.8;55.8;57.8
A,20260730_153723,5.0,2026-07-30 15:39:03,120.0,1469.0,212.0,5.0,0.16989616099453997,493.3333333333333,1002.0,2960.0,,,current pose direct MOVEP lift-hover sample,1742.0,44.0,1306.0,102.0,58.0,0.0,,,,1742.0,-2.0,1404.0,280.0,282.0,1.0,1.2699943449988496,1404.0,282.0,1742.0,-19.0,1509.0,770.0,789.0,1.0,1.1000981840043096,1548.0,189.0,1741.0,17.0,1529.0,551.0,534.0,1.0,1.1000981840043096,1558.0,504.0,1499.0,0.0,1367.0,1002.0,1002.0,1.0,1.1000981840043096,1366.0,351.0,1050.0,86.0,916.0,381.0,295.0,1.0,1.2699943449988496,916.0,295.0,35.0,4.975231453994638,1527.4857142857143,1548.0,8.633395056643801,1515.0,-33.0,3115.6857142857143,3157.0,16.804372608803643,3092.0,-65.0,66.28571428571429,67.0,0.8806305718527109,67.0,2.0,336.7142857142857,362.0,10.219229572782114,324.0,-38.0,743.1142857142858,746.0,1.3684491445517768,740.0,-6.0,442.0857142857143,446.0,2.567616221561254,446.0,10.0,1187.5714285714287,1202.0,6.339381287005919,1179.0,-23.0,339.9142857142857,346.0,2.358830564634319,336.0,-10.0,35.0,3.4803290000127163,537.0285714285714,653.3999999999999,580.3999999999999,265.67714285714277,374.2999999999999,324.2999999999999,113.70000000000005,12.25,47.37959183673468,0.11428571428571428,2.0,0.0,105.37142857142858,183.8,140.8,69.18571428571434,113.70000000000005,63.700000000000045,202.16571428571427,380.4,192.39999999999998,210.19142857142847,293.0999999999999,260.0999999999999,55.48571428571428,88.19999999999999,64.19999999999999,1.7;1.7;1.7;1.7;101.7;113.7;102.7;97.7;96.7;93.7;93.7;93.7;91.7;90.7;89.7;89.7;86.7;80.7;76.7;70.7;62.7;61.7;61.7;61.7;61.7;61.7;63.7;63.7;63.7;63.7;63.7;63.7;63.7;63.7;63.7,6.0;5.0;5.0;6.0;512.0;653.4;647.4;647.4;639.4;635.4;632.4;629.4;626.4;625.4;623.4;621.4;606.4;611.4;599.4;599.4;601.4;608.4;601.4;597.4;594.4;589.4;592.4;590.4;589.4;586.4;585.4;582.4;581.4;583.4;580.4,hover_last_10,1.0,740.0,0.0,3.0,3.7;2.7;2.7;3.7;29.9;186.3;253.3;267.3;268.3;270.3;267.3;265.3;271.3;270.3;269.3;267.3;283.3;302.3;312.3;338.3;373.3;374.3;364.3;357.3;352.3;345.3;344.3;340.3;338.3;334.3;332.3;328.3;327.3;327.3;324.3,0.0;0.0;0.0;0.0;2.0;0.0;0.0;0.0;0.0;0.0;0.0;0.0;0.0;0.0;0.0;0.0;0.0;0.0;0.0;0.0;1.0;1.0;0.0;0.0;0.0;0.0;0.0;0.0;0.0;0.0;0.0;0.0;0.0;0.0;0.0,3.2;5.2;5.2;5.2;28.2;29.8;73.8;75.8;79.8;79.8;78.8;77.8;82.8;80.8;79.8;78.8;103.8;111.8;127.8;150.8;183.8;173.8;169.8;164.8;160.8;157.8;152.8;152.8;148.8;148.8;146.8;143.8;142.8;140.8;140.8,1.7;1.7;1.7;1.7;101.7;113.7;102.7;97.7;96.7;93.7;93.7;93.7;91.7;90.7;89.7;89.7;86.7;80.7;76.7;70.7;62.7;61.7;61.7;61.7;61.7;61.7;63.7;63.7;63.7;63.7;63.7;63.7;63.7;63.7;63.7,0.6;0.6;0.6;0.6;380.4;353.4;291.4;282.4;274.4;271.4;271.4;270.4;263.4;264.4;264.4;264.4;236.4;228.4;210.4;190.4;165.4;172.4;175.4;178.4;180.4;182.4;184.4;186.4;187.4;188.4;189.4;190.4;190.4;192.4;192.4,1.9;1.9;1.9;1.9;27.1;147.1;196.1;214.1;212.1;216.1;214.1;212.1;216.1;217.1;216.1;214.1;220.1;237.1;241.1;255.1;285.1;293.1;287.1;282.1;279.1;274.1;273.1;271.1;269.1;267.1;265.1;263.1;262.1;262.1;260.1,1.8;0.8;0.8;1.8;2.8;39.2;57.2;53.2;56.2;54.2;53.2;53.2;55.2;53.2;53.2;53.2;63.2;65.2;71.2;83.2;88.2;81.2;77.2;75.2;73.2;71.2;71.2;69.2;69.2;67.2;67.2;65.2;65.2;65.2;64.2
A,20260730_153723,6.0,2026-07-30 15:39:19,120.0,1460.0,221.0,5.0,0.14492549300484825,545.6666666666666,1115.0,3274.0,,,current pose direct MOVEP lift-hover sample,1742.0,44.0,1255.0,114.0,70.0,0.0,,,,1741.0,-4.0,1344.0,472.0,476.0,1.0,1.2299935269984417,1401.0,152.0,1742.0,-19.0,1489.0,671.0,690.0,1.0,1.2299935269984417,1508.0,469.0,1742.0,19.0,1514.0,592.0,573.0,1.0,1.0850680339935934,1557.0,424.0,1499.0,0.0,1377.0,1115.0,1115.0,1.0,1.0850680339935934,1374.0,198.0,1050.0,83.0,916.0,433.0,350.0,1.0,1.2299935269984417,915.0,155.0,35.0,4.939876282005571,1692.5142857142857,1710.0,7.392550028127462,1685.0,-25.0,3576.5142857142855,3615.0,16.280349993730706,3559.0,-56.0,84.02857142857142,85.0,0.8446711713768276,85.0,2.0,264.62857142857143,282.0,7.30591038342329,257.0,-25.0,316.9142857142857,318.0,0.9672177645606147,316.0,0.0,1218.4285714285713,1224.0,2.308811868667077,1216.0,-8.0,1376.5714285714287,1390.0,5.7534373044577904,1370.0,-20.0,315.9428571428571,320.0,1.7228358207635812,315.0,-5.0,37.0,3.495145930995932,964.9513513513515,1251.4,1144.4,270.99999999999994,380.79999999999995,319.79999999999995,518.4,12.25,93.42040816326531,1.0567567567567555,2.299999999999997,2.299999999999997,42.391891891891895,81.5,38.5,424.56216216216217,518.4,503.4,269.3891891891892,354.20000000000005,321.20000000000005,181.47297297297294,257.29999999999995,219.29999999999995,89.52702702702703,128.5,100.5,0.6;0.6;0.6;0.6;0.6;45.4;498.4;487.4;491.4;494.4;497.4;495.4;493.4;493.4;493.4;496.4;505.4;506.4;518.4;516.4;516.4;516.4;514.4;513.4;516.4;514.4;514.4;512.4;510.4;508.4;508.4;506.4;506.4;504.4;503.4;503.4;503.4,5.0;6.0;4.0;5.0;5.0;60.8;854.4;1000.4;1055.4;1090.4;1103.4;1089.4;1082.4;1076.4;1077.4;1112.4;1175.4;1173.4;1251.4;1246.4;1230.4;1227.4;1217.4;1204.4;1236.4;1223.4;1210.4;1198.4;1192.4;1180.4;1175.4;1167.4;1162.4;1157.4;1151.4;1149.4;1144.4,hover_last_10,1.0,316.0,0.0,5.0,3.2;4.2;3.2;3.2;3.2;3.2;125.8;234.8;272.8;290.8;300.8;292.8;289.8;285.8;285.8;303.8;334.8;336.8;378.8;380.8;370.8;367.8;363.8;354.8;371.8;367.8;358.8;350.8;348.8;340.8;337.8;333.8;329.8;327.8;324.8;322.8;319.8,1.3;1.3;0.3;1.3;0.3;0.3;0.7;0.7;0.7;0.7;0.7;0.7;0.7;0.7;0.7;0.7;0.3;0.3;1.3;1.3;0.3;1.3;1.3;1.3;1.3;1.3;1.3;1.3;1.3;1.3;1.3;1.3;2.3;1.3;1.3;2.3;2.3,0.5;2.5;2.5;2.5;2.5;7.5;28.5;22.5;32.5;45.5;42.5;36.5;34.5;32.5;32.5;46.5;63.5;58.5;81.5;76.5;69.5;69.5;64.5;60.5;71.5;63.5;59.5;55.5;53.5;49.5;47.5;46.5;43.5;43.5;41.5;38.5;38.5,0.6;0.6;0.6;0.6;0.6;45.4;498.4;487.4;491.4;494.4;497.4;495.4;493.4;493.4;493.4;496.4;505.4;506.4;518.4;516.4;516.4;516.4;514.4;513.4;516.4;514.4;514.4;512.4;510.4;508.4;508.4;506.4;506.4;504.4;503.4;503.4;503.4,1.2;1.2;0.2;1.2;1.2;12.2;230.2;278.2;291.2;305.2;305.2;301.2;299.2;297.2;298.2;312.2;335.2;330.2;354.2;349.2;343.2;343.2;339.2;336.2;348.2;341.2;337.2;335.2;333.2;331.2;329.2;327.2;326.2;325.2;323.2;323.2;321.2,2.7;2.7;2.7;2.7;2.7;2.7;61.3;139.3;178.3;182.3;201.3;195.3;194.3;192.3;192.3;197.3;218.3;225.3;250.3;257.3;252.3;248.3;248.3;243.3;246.3;248.3;243.3;239.3;237.3;233.3;230.3;228.3;226.3;224.3;223.3;221.3;219.3,0.5;1.5;0.5;0.5;0.5;0.5;64.5;95.5;94.5;108.5;99.5;97.5;95.5;93.5;93.5;106.5;116.5;111.5;128.5;123.5;118.5;119.5;115.5;111.5;125.5;119.5;115.5;111.5;111.5;107.5;107.5;105.5;103.5;103.5;101.5;101.5;100.5
A,20260730_153723,7.0,2026-07-30 15:39:36,120.0,1458.75,222.0,5.0,0.13462645398976747,525.1666666666666,1085.0,3151.0,,,current pose direct MOVEP lift-hover sample,1739.0,44.0,1256.0,114.0,70.0,0.0,,,,1741.0,-2.0,1343.0,347.0,349.0,1.0,1.1997607319935923,1397.0,127.0,1742.0,-18.0,1496.0,607.0,625.0,1.0,1.1997607319935923,1513.0,421.0,1741.0,17.0,1523.0,727.0,710.0,1.0,1.0651342780038249,1553.0,462.0,1499.0,-1.0,1373.0,1084.0,1085.0,1.0,1.0651342780038249,1372.0,245.0,1046.0,84.0,916.0,396.0,312.0,1.0,1.1997607319935923,915.0,128.0,34.0,4.944859526003711,1588.264705882353,1601.0,6.227589579630175,1580.0,-21.0,3406.4117647058824,3438.0,12.626111243019652,3390.0,-48.0,84.67647058823529,85.0,0.7162232742285836,85.0,0.0,211.85294117647058,223.0,4.570573094077426,207.0,-16.0,345.8235294117647,347.0,0.8901615264953857,346.0,-1.0,1175.7941176470588,1182.0,2.336153346154187,1172.0,-10.0,1303.9411764705883,1314.0,4.524061010605589,1298.0,-16.0,284.3235294117647,287.0,1.8426417773737747,282.0,-5.0,37.0,3.4902317530068103,877.0135135135135,1165.9,1063.9,251.2972972972973,364.0,310.0,460.4,12.050000000000011,88.29045643153519,0.7027027027027027,2.0,0.0,40.58108108108108,80.5,43.5,371.13513513513516,460.4,443.4,254.5810810810811,341.5,310.5,162.51351351351352,237.0,205.0,88.78378378378379,133.0,105.0,0.6;1.6;1.6;1.6;1.6;0.6;344.4;436.4;438.4;437.4;435.4;436.4;435.4;434.4;434.4;438.4;443.4;453.4;460.4;458.4;457.4;455.4;455.4;453.4;453.4;451.4;451.4;449.4;449.4;447.4;447.4;445.4;445.4;445.4;443.4;443.4;443.4,3.1;5.1;6.1;6.1;6.1;5.1;546.9;867.9;959.9;971.9;978.9;988.9;982.9;976.9;982.9;1017.9;1051.9;1115.9;1165.9;1153.9;1140.9;1136.9;1134.9;1122.9;1115.9;1107.9;1101.9;1096.9;1093.9;1087.9;1084.9;1078.9;1076.9;1072.9;1069.9;1067.9;1063.9,hover_last_10,1.0,347.0,0.0,5.0,1.0;2.0;3.0;3.0;3.0;3.0;56.0;180.0;242.0;256.0;260.0;266.0;263.0;260.0;263.0;282.0;297.0;335.0;364.0;362.0;353.0;352.0;351.0;345.0;340.0;336.0;330.0;329.0;326.0;324.0;322.0;319.0;318.0;315.0;314.0;313.0;310.0,0.0;0.0;0.0;0.0;1.0;2.0;2.0;2.0;2.0;2.0;2.0;2.0;2.0;2.0;2.0;2.0;2.0;1.0;0.0;0.0;0.0;0.0;0.0;0.0;0.0;0.0;0.0;0.0;0.0;0.0;0.0;0.0;0.0;0.0;0.0;0.0;0.0,0.5;0.5;0.5;0.5;0.5;1.5;26.5;10.5;33.5;33.5;38.5;36.5;34.5;32.5;32.5;43.5;53.5;68.5;80.5;72.5;68.5;67.5;64.5;59.5;57.5;55.5;53.5;51.5;51.5;49.5;48.5;47.5;47.5;45.5;44.5;44.5;43.5,0.6;1.6;1.6;1.6;1.6;0.6;344.4;436.4;438.4;437.4;435.4;436.4;435.4;434.4;434.4;438.4;443.4;453.4;460.4;458.4;457.4;455.4;455.4;453.4;453.4;451.4;451.4;449.4;449.4;447.4;447.4;445.4;445.4;445.4;443.4;443.4;443.4,1.5;1.5;1.5;1.5;1.5;1.5;146.5;251.5;279.5;278.5;283.5;286.5;284.5;282.5;285.5;297.5;311.5;327.5;341.5;333.5;330.5;329.5;328.5;324.5;322.5;320.5;320.5;318.5;318.5;316.5;315.5;314.5;313.5;312.5;312.5;311.5;310.5,1.0;2.0;3.0;3.0;3.0;3.0;15.0;100.0;150.0;163.0;161.0;173.0;170.0;169.0;168.0;179.0;186.0;213.0;231.0;237.0;232.0;230.0;230.0;226.0;223.0;221.0;217.0;216.0;215.0;214.0;212.0;210.0;210.0;208.0;207.0;207.0;205.0,0.0;0.0;0.0;0.0;0.0;0.0;41.0;80.0;92.0;93.0;99.0;93.0;93.0;91.0;95.0;103.0;111.0;122.0;133.0;125.0;121.0;122.0;121.0;119.0;117.0;115.0;113.0;113.0;111.0;110.0;110.0;109.0;108.0;107.0;107.0;106.0;105.0
A,20260730_153723,8.0,2026-07-30 15:39:53,120.0,1456.75,223.5,5.0,0.15022093198786024,556.3333333333334,1216.0,3338.0,,,current pose direct MOVEP lift-hover sample,1739.0,45.0,1247.0,98.0,53.0,0.0,,,,1739.0,0.0,1340.0,386.0,386.0,1.0,1.3349685930006672,1391.0,159.0,1742.0,-17.0,1487.0,809.0,826.0,1.0,1.3349685930006672,1504.0,532.0,1741.0,20.0,1517.0,541.0,521.0,1.0,1.184747661012807,1559.0,331.0,1499.0,-1.0,1375.0,1215.0,1216.0,1.0,1.184747661012807,1373.0,179.0,1046.0,82.0,915.0,418.0,336.0,1.0,1.3349685930006672,915.0,170.0,35.0,4.93013678000716,1466.2857142857142,1475.0,4.837776517435779,1460.0,-15.0,3018.2,3037.0,9.054754078856666,3008.0,-29.0,57.714285714285715,59.0,0.9124982527240749,59.0,2.0,188.11428571428573,196.0,3.7627606018638464,184.0,-12.0,715.9428571428572,720.0,1.49174599796647,714.0,-6.0,590.1428571428571,592.0,0.48655389616932576,591.0,2.0,1159.0285714285715,1165.0,3.31650172221716,1154.0,-11.0,307.25714285714287,310.0,1.662061665399884,306.0,-4.0,38.0,3.4151812800118933,299.5315789473685,479.0000000000001,325.0000000000001,148.2947368421053,244.70000000000005,155.70000000000005,103.70000000000005,9.75,33.33333333333334,2.789473684210526,5.0,3.0,41.90526315789474,82.9,27.900000000000006,68.34736842105266,103.70000000000005,80.70000000000005,82.88947368421054,130.60000000000002,88.60000000000002,86.53157894736846,146.70000000000005,93.70000000000005,61.76315789473684,103.0,62.0,0.3;0.3;0.3;0.3;0.3;1.3;8.7;41.7;62.7;67.7;76.7;74.7;74.7;72.7;72.7;76.7;87.7;95.7;103.7;100.7;99.7;97.7;95.7;93.7;91.7;90.7;88.7;87.7;86.7;85.7;84.7;84.7;82.7;82.7;82.7;80.7;80.7;80.7,5.0;4.0;4.0;4.0;4.0;6.2;76.0;215.0;305.0;318.0;358.0;342.0;331.0;322.0;318.0;358.0;419.0;458.0;479.0;453.0;443.0;427.0;414.0;401.0;387.0;378.0;372.0;366.0;362.0;355.0;351.0;346.0;341.0;339.0;337.0;331.0;328.0;325.0,hover_last_10,1.0,714.0,0.0,5.0,3.3;3.3;3.3;3.3;3.3;3.3;37.7;101.7;150.7;159.7;178.7;171.7;163.7;158.7;156.7;178.7;209.7;232.7;244.7;230.7;223.7;214.7;206.7;199.7;191.7;185.7;182.7;178.7;177.7;173.7;171.7;167.7;164.7;163.7;162.7;160.7;157.7;155.7,0.0;0.0;0.0;0.0;0.0;0.0;0.0;0.0;0.0;2.0;2.0;2.0;2.0;3.0;2.0;3.0;3.0;3.0;3.0;3.0;3.0;3.0;3.0;3.0;4.0;4.0;5.0;5.0;5.0;5.0;5.0;5.0;5.0;5.0;5.0;5.0;5.0;3.0,0.1;0.1;0.1;1.1;2.1;2.1;22.9;48.9;57.9;52.9;59.9;52.9;49.9;46.9;45.9;57.9;74.9;82.9;80.9;70.9;68.9;62.9;58.9;53.9;49.9;47.9;45.9;43.9;41.9;39.9;37.9;37.9;35.9;35.9;31.9;30.9;28.9;27.9,0.3;0.3;0.3;0.3;0.3;1.3;8.7;41.7;62.7;67.7;76.7;74.7;74.7;72.7;72.7;76.7;87.7;95.7;103.7;100.7;99.7;97.7;95.7;93.7;91.7;90.7;88.7;87.7;86.7;85.7;84.7;84.7;82.7;82.7;82.7;80.7;80.7;80.7,1.4;0.4;0.4;0.4;0.4;1.6;29.6;71.6;91.6;90.6;102.6;95.6;92.6;90.6;88.6;102.6;121.6;129.6;130.6;121.6;119.6;114.6;111.6;107.6;103.6;101.6;100.6;99.6;97.6;95.6;94.6;93.6;93.6;92.6;91.6;89.6;89.6;88.6,1.3;1.3;1.3;1.3;1.3;1.3;4.7;38.7;78.7;90.7;102.7;100.7;96.7;93.7;91.7;99.7;116.7;129.7;146.7;140.7;135.7;129.7;124.7;120.7;115.7;111.7;109.7;107.7;106.7;104.7;102.7;100.7;98.7;98.7;97.7;95.7;93.7;93.7,2.0;2.0;2.0;2.0;2.0;2.0;33.0;63.0;72.0;69.0;76.0;71.0;67.0;65.0;65.0;79.0;93.0;103.0;98.0;90.0;88.0;85.0;82.0;79.0;76.0;74.0;73.0;71.0;71.0;69.0;69.0;67.0;66.0;65.0;65.0;65.0;64.0;62.0
A,20260730_153723,9.0,2026-07-30 15:40:09,120.0,1465.75,215.0,5.0,0.14510938299645204,554.0,1147.0,3324.0,,,current pose direct MOVEP lift-hover sample,1742.0,44.0,1310.0,100.0,56.0,0.0,,,,1741.0,-2.0,1399.0,440.0,442.0,1.0,1.2952838689961936,1399.0,442.0,1742.0,-19.0,1510.0,825.0,844.0,1.0,1.1501744859997416,1549.0,190.0,1741.0,19.0,1532.0,522.0,503.0,1.0,1.1501744859997416,1555.0,581.0,1499.0,-1.0,1363.0,1146.0,1147.0,1.0,1.1501744859997416,1360.0,471.0,1047.0,84.0,913.0,416.0,332.0,1.0,1.2952838689961936,913.0,332.0,35.0,4.914923349992023,1666.3428571428572,1689.0,9.573603164484123,1654.0,-35.0,3354.3142857142857,3402.0,19.75531961425136,3329.0,-73.0,66.48571428571428,67.0,0.8060991988380506,67.0,1.0,364.45714285714286,395.0,13.169972029784503,348.0,-47.0,779.8857142857142,782.0,0.9493284414763514,778.0,-4.0,477.14285714285717,482.0,3.7731597758215263,482.0,12.0,1311.7714285714285,1327.0,6.62499903735072,1304.0,-23.0,354.57142857142856,362.0,3.0074736838721754,350.0,-12.0,37.0,3.4652577539964113,542.5999999999999,672.4,631.4,280.00000000000006,391.80000000000007,353.80000000000007,119.79999999999995,13.0,48.56923076923077,0.16216216216216217,2.0,0.0,103.27027027027027,167.0,132.0,51.962162162162116,119.79999999999995,49.799999999999955,210.63783783783785,465.8,227.8,223.6486486486487,308.20000000000005,286.20000000000005,56.35135135135136,92.60000000000002,67.60000000000002,0.8;0.8;0.8;1.8;1.8;2.8;119.8;99.8;92.8;81.8;79.8;78.8;79.8;77.8;76.8;68.8;62.8;55.8;51.8;51.8;51.8;51.8;51.8;51.8;47.8;45.8;46.8;45.8;47.8;47.8;47.8;49.8;49.8;49.8;49.8;49.8;49.8,5.8;6.8;6.8;6.8;6.8;9.8;660.4;672.4;671.4;653.4;656.4;652.4;649.4;643.4;644.4;638.4;639.4;633.4;658.4;655.4;651.4;649.4;646.4;643.4;646.4;649.4;646.4;643.4;641.4;639.4;638.4;638.4;636.4;635.4;633.4;634.4;631.4,hover_last_10,1.0,778.0,0.0,5.0,4.2;4.2;4.2;4.2;4.2;4.2;74.8;224.8;248.8;281.8;285.8;281.8;277.8;273.8;283.8;309.8;329.8;368.8;390.8;387.8;379.8;375.8;370.8;366.8;389.8;391.8;385.8;381.8;375.8;371.8;368.8;364.8;362.8;359.8;357.8;356.8;353.8,0.0;0.0;0.0;0.0;0.0;0.0;0.0;0.0;0.0;1.0;1.0;1.0;0.0;0.0;0.0;0.0;0.0;0.0;2.0;1.0;0.0;0.0;0.0;0.0;0.0;0.0;0.0;0.0;0.0;0.0;0.0;0.0;0.0;0.0;0.0;0.0;0.0,3.0;3.0;4.0;5.0;5.0;5.0;14.0;53.0;58.0;90.0;85.0;83.0;81.0;80.0;88.0;107.0;119.0;167.0;160.0;157.0;153.0;150.0;147.0;144.0;160.0;155.0;153.0;149.0;147.0;143.0;141.0;139.0;137.0;136.0;135.0;133.0;132.0,0.8;0.8;0.8;1.8;1.8;2.8;119.8;99.8;92.8;81.8;79.8;78.8;79.8;77.8;76.8;68.8;62.8;55.8;51.8;51.8;51.8;51.8;51.8;51.8;47.8;45.8;46.8;45.8;47.8;47.8;47.8;49.8;49.8;49.8;49.8;49.8;49.8,0.8;1.8;1.8;0.8;0.8;2.8;465.8;347.8;329.8;289.8;290.8;291.8;291.8;291.8;283.8;259.8;246.8;208.8;215.8;215.8;219.8;221.8;223.8;224.8;208.8;211.8;213.8;215.8;217.8;219.8;221.8;223.8;223.8;225.8;225.8;227.8;227.8,2.8;2.8;2.8;2.8;2.8;2.8;68.2;180.2;206.2;224.2;232.2;230.2;228.2;226.2;227.2;244.2;261.2;276.2;307.2;306.2;302.2;299.2;297.2;295.2;303.2;308.2;304.2;302.2;299.2;297.2;295.2;293.2;291.2;290.2;288.2;288.2;286.2,1.4;1.4;1.4;1.4;1.4;1.4;6.6;44.6;42.6;57.6;53.6;51.6;49.6;47.6;56.6;65.6;68.6;92.6;83.6;81.6;77.6;76.6;73.6;71.6;86.6;83.6;81.6;79.6;76.6;74.6;73.6;71.6;71.6;69.6;69.6;68.6;67.6
B,20260730_154045,0.0,2026-07-30 15:41:03,120.0,1441.3333333333333,219.66666666666666,4.0,0.1549569920025533,582.1666666666666,1198.0,3493.0,,,current pose direct MOVEP lift-hover sample,1739.0,49.0,1215.0,113.0,64.0,0.0,,,,1741.0,0.0,1268.0,85.0,85.0,0.0,,,,1742.0,-17.0,1455.0,997.0,1014.0,1.0,1.7878836050076643,1467.0,663.0,1742.0,23.0,1461.0,880.0,857.0,1.0,1.632926613005111,1496.0,194.0,1499.0,-1.0,1363.0,1197.0,1198.0,1.0,1.7878836050076643,1361.0,593.0,1050.0,86.0,913.0,361.0,275.0,1.0,1.7878836050076643,913.0,181.0,36.0,4.987619010003982,1458.5277777777778,1465.0,3.1840410305067706,1454.0,-11.0,3405.6944444444443,3418.0,6.113825154900274,3397.0,-21.0,62.94444444444444,64.0,0.8801655287641589,64.0,2.0,78.55555555555556,81.0,0.8314794192830981,78.0,0.0,975.5277777777778,980.0,1.9505855404511958,973.0,-7.0,830.1388888888889,833.0,1.7021681888726146,828.0,-5.0,1187.0833333333333,1192.0,2.5317429218272185,1183.0,-9.0,271.44444444444446,273.0,0.7617394000445604,271.0,-2.0,38.0,3.4901405179989524,553.2526315789472,732.2999999999998,701.2999999999998,191.83157894736837,256.5999999999999,244.5999999999999,311.29999999999995,10.399999999999977,67.43269230769243,8.794736842105259,14.099999999999994,13.099999999999994,15.947368421052632,22.0,21.0,232.81052631578945,311.29999999999995,293.29999999999995,128.61052631578946,168.39999999999998,163.39999999999998,163.85789473684204,220.5999999999999,213.5999999999999,27.973684210526315,37.0,31.0,0.7;0.7;0.7;0.7;0.7;1.7;87.3;174.3;212.3;200.3;204.3;222.3;282.3;302.3;295.3;311.3;307.3;304.3;302.3;302.3;301.3;300.3;299.3;298.3;297.3;297.3;297.3;297.3;295.3;295.3;295.3;295.3;295.3;294.3;294.3;293.3;293.3;293.3,3.5;3.5;3.5;3.5;4.5;4.5;156.3;367.3;496.3;498.3;502.3;537.3;657.3;714.3;705.3;732.3;731.3;724.3;720.3;720.3;719.3;715.3;714.3;712.3;709.3;709.3;709.3;707.3;705.3;705.3;705.3;705.3;705.3;704.3;703.3;702.3;703.3;701.3,hover_last_10,1.0,974.0,0.0,5.0,1.4;1.4;1.4;1.4;1.4;1.4;32.6;98.6;161.6;179.6;178.6;186.6;219.6;248.6;248.6;252.6;256.6;254.6;252.6;252.6;252.6;250.6;250.6;249.6;248.6;248.6;248.6;246.6;246.6;246.6;246.6;246.6;246.6;246.6;245.6;245.6;246.6;244.6,0.1;0.1;0.1;0.1;0.1;0.1;0.1;0.1;0.1;0.1;0.1;5.9;5.9;1.9;13.1;11.1;14.1;14.1;14.1;13.1;13.1;14.1;13.1;13.1;13.1;14.1;14.1;13.1;12.1;13.1;14.1;13.1;12.1;13.1;14.1;14.1;13.1;13.1,0.0;0.0;0.0;0.0;0.0;0.0;2.0;2.0;2.0;2.0;11.0;18.0;20.0;22.0;22.0;22.0;22.0;22.0;22.0;22.0;22.0;22.0;22.0;22.0;22.0;22.0;22.0;22.0;22.0;22.0;22.0;22.0;22.0;22.0;22.0;22.0;22.0;21.0,0.7;0.7;0.7;0.7;0.7;1.7;87.3;174.3;212.3;200.3;204.3;222.3;282.3;302.3;295.3;311.3;307.3;304.3;302.3;302.3;301.3;300.3;299.3;298.3;297.3;297.3;297.3;297.3;295.3;295.3;295.3;295.3;295.3;294.3;294.3;293.3;293.3;293.3,1.4;1.4;1.4;1.4;2.4;1.4;36.4;94.4;122.4;118.4;119.4;128.4;155.4;163.4;161.4;168.4;167.4;165.4;165.4;165.4;165.4;164.4;164.4;164.4;163.4;163.4;163.4;163.4;163.4;163.4;163.4;163.4;163.4;163.4;163.4;163.4;163.4;163.4,1.4;1.4;1.4;1.4;1.4;1.4;11.6;66.6;128.6;148.6;147.6;155.6;182.6;211.6;213.6;215.6;220.6;219.6;217.6;217.6;217.6;215.6;215.6;215.6;215.6;215.6;215.6;213.6;213.6;213.6;213.6;213.6;213.6;213.6;213.6;213.6;213.6;213.6,0.0;0.0;0.0;0.0;0.0;0.0;21.0;32.0;33.0;31.0;31.0;31.0;37.0;37.0;35.0;37.0;36.0;35.0;35.0;35.0;35.0;35.0;35.0;34.0;33.0;33.0;33.0;33.0;33.0;33.0;33.0;33.0;33.0;33.0;32.0;32.0;33.0;31.0
B,20260730_154045,1.0,2026-07-30 15:41:19,120.0,1435.0,185.0,2.0,0.159970879991306,285.3333333333333,955.0,1712.0,,,current pose direct MOVEP lift-hover sample,1742.0,44.0,1256.0,115.0,71.0,0.0,,,,1742.0,-4.0,1347.0,77.0,81.0,0.0,,,,1742.0,-19.0,1453.0,92.0,111.0,0.0,,,,1741.0,19.0,1471.0,974.0,955.0,1.0,1.2599105350091122,1499.0,149.0,1499.0,-1.0,1371.0,453.0,454.0,1.0,1.4198814150004182,1371.0,454.0,1050.0,84.0,915.0,124.0,40.0,0.0,,,,33.0,4.880102366994834,1112.6969696969697,1118.0,3.138083264484756,1109.0,-9.0,2637.030303030303,2649.0,6.999934408718017,2627.0,-22.0,82.21212121212122,83.0,1.0077750998979327,82.0,1.0,79.93939393939394,80.0,0.2386062992124791,79.0,-1.0,650.2121212121212,658.0,3.5141064277149634,646.0,-12.0,711.969696969697,713.0,0.7581815759513214,711.0,-1.0,918.060606060606,921.0,1.8412675795107045,916.0,-5.0,194.63636363636363,197.0,1.4103122761478906,193.0,-4.0,34.0,3.5052238239877624,579.6588235294117,788.6999999999999,750.6999999999999,208.4823529411765,278.6,265.6,325.79999999999995,10.75,69.83255813953488,1.070588235294122,1.4000000000000057,1.4000000000000057,5.988235294117652,7.900000000000006,6.900000000000006,236.0647058823529,325.79999999999995,308.79999999999995,135.11176470588234,184.29999999999995,176.29999999999995,130.26470588235293,179.0,171.0,78.21764705882354,101.60000000000002,94.60000000000002,0.2;0.2;0.2;0.2;0.2;3.8;156.8;188.8;188.8;195.8;192.8;206.8;295.8;325.8;320.8;318.8;318.8;316.8;315.8;314.8;314.8;313.8;313.8;312.8;312.8;311.8;311.8;310.8;310.8;310.8;310.8;310.8;309.8;308.8,1.5;1.5;2.5;3.1;3.5;21.7;369.7;497.7;503.7;517.7;515.7;542.7;718.7;788.7;780.7;775.7;772.7;767.7;765.7;764.7;764.7;763.7;762.7;758.7;757.7;755.7;755.7;754.7;754.7;754.7;754.7;752.7;751.7;750.7,hover_last_10,1.0,646.0,0.0,5.0,0.6;0.6;1.6;2.6;2.6;15.6;123.6;196.6;200.6;202.6;204.6;209.6;251.6;278.6;277.6;276.6;273.6;272.6;271.6;271.6;271.6;271.6;270.6;268.6;268.6;267.6;267.6;267.6;267.6;267.6;267.6;265.6;265.6;265.6,0.6;1.4;0.4;0.6;0.6;1.4;0.6;0.4;0.4;0.4;1.4;1.4;1.4;0.4;0.4;0.4;0.4;1.4;1.4;1.4;1.4;1.4;1.4;1.4;1.4;1.4;1.4;1.4;1.4;1.4;1.4;1.4;1.4;1.4,1.9;1.9;1.9;1.9;1.9;1.9;4.9;3.9;3.9;3.9;3.9;3.9;6.9;7.9;7.9;7.9;7.9;7.9;7.9;7.9;7.9;7.9;7.9;7.9;7.9;7.9;7.9;7.9;7.9;6.9;6.9;6.9;6.9;6.9,0.2;0.2;0.2;0.2;0.2;3.8;156.8;188.8;188.8;195.8;192.8;206.8;295.8;325.8;320.8;318.8;318.8;316.8;315.8;314.8;314.8;313.8;313.8;312.8;312.8;311.8;311.8;310.8;310.8;310.8;310.8;310.8;309.8;308.8,0.7;0.7;0.7;0.3;0.7;2.3;89.3;112.3;114.3;119.3;118.3;126.3;171.3;184.3;182.3;180.3;180.3;178.3;178.3;178.3;178.3;178.3;178.3;177.3;176.3;176.3;176.3;176.3;176.3;176.3;176.3;176.3;176.3;176.3,0.0;0.0;1.0;2.0;2.0;1.0;41.0;108.0;114.0;115.0;118.0;119.0;150.0;178.0;179.0;178.0;176.0;176.0;175.0;175.0;175.0;175.0;174.0;173.0;173.0;173.0;173.0;173.0;173.0;173.0;173.0;171.0;171.0;171.0,0.6;0.6;0.6;0.6;0.6;14.6;82.6;88.6;86.6;87.6;86.6;90.6;101.6;100.6;98.6;98.6;97.6;96.6;96.6;96.6;96.6;96.6;96.6;95.6;95.6;94.6;94.6;94.6;94.6;94.6;94.6;94.6;94.6;94.6
B,20260730_154045,2.0,2026-07-30 15:41:36,120.0,1430.3333333333333,230.33333333333334,4.0,0.0,532.3333333333334,1073.0,3194.0,,,current pose direct MOVEP lift-hover sample,1739.0,44.0,1226.0,120.0,76.0,0.0,,,,1740.0,-2.0,1295.0,83.0,85.0,0.0,,,,1742.0,-19.0,1445.0,819.0,838.0,1.0,1.334977851001895,1459.0,492.0,1741.0,19.0,1442.0,884.0,865.0,1.0,1.334977851001895,1458.0,492.0,1499.0,0.0,1376.0,1073.0,1073.0,1.0,1.334977851001895,1374.0,251.0,1049.0,84.0,916.0,341.0,257.0,1.0,1.334977851001895,916.0,139.0,33.0,4.905122205993393,1303.030303030303,1325.0,10.986175468438693,1286.0,-39.0,3044.909090909091,3093.0,26.593874478526335,3002.0,-91.0,54.21212121212121,56.0,0.945726456625893,54.0,-1.0,83.48484848484848,85.0,0.9884549351697024,85.0,3.0,818.9090909090909,821.0,1.5640591394622958,820.0,4.0,785.2727272727273,815.0,17.522751837423336,757.0,-58.0,1046.8181818181818,1066.0,9.696780301180716,1031.0,-35.0,256.2121212121212,260.0,1.4090094469772934,255.0,-4.0,38.0,3.49925064999843,577.4157894736841,765.1999999999998,742.1999999999998,228.72631578947366,312.0999999999999,302.0999999999999,300.79999999999995,10.0,74.21999999999998,0.5789473684210527,2.0,0.0,19.04736842105263,26.799999999999997,26.799999999999997,225.15263157894734,300.79999999999995,284.79999999999995,123.5368421052631,159.29999999999995,155.29999999999995,170.22631578947363,230.0999999999999,225.0999999999999,58.5,83.0,77.0,0.2;0.2;0.2;0.2;0.2;0.2;155.8;201.8;207.8;201.8;201.8;201.8;201.8;244.8;278.8;300.8;295.8;293.8;293.8;291.8;291.8;290.8;289.8;289.8;289.8;289.8;288.8;287.8;287.8;287.8;287.8;287.8;286.8;285.8;285.8;284.8;284.8;284.8,14.4;14.4;16.4;17.4;18.4;21.4;329.2;480.2;507.2;499.2;497.2;495.2;498.2;594.2;688.2;754.2;757.2;761.2;765.2;760.2;756.2;755.2;753.2;751.2;749.2;750.2;747.2;746.2;746.2;747.2;746.2;746.2;745.2;743.2;743.2;742.2;742.2;742.2,hover_last_10,1.0,820.0,0.0,5.0,4.9;4.9;5.9;5.9;5.9;7.9;91.1;169.1;186.1;186.1;184.1;184.1;186.1;216.1;260.1;294.1;304.1;308.1;312.1;311.1;307.1;307.1;306.1;304.1;303.1;304.1;303.1;303.1;303.1;303.1;303.1;303.1;303.1;302.1;302.1;302.1;302.1;302.1,0.0;0.0;0.0;0.0;0.0;1.0;2.0;2.0;2.0;2.0;2.0;0.0;0.0;0.0;1.0;2.0;2.0;2.0;1.0;0.0;0.0;0.0;0.0;0.0;0.0;1.0;1.0;0.0;0.0;0.0;0.0;1.0;0.0;0.0;0.0;0.0;0.0;0.0,0.2;0.2;0.2;0.2;0.2;0.2;2.8;4.8;4.8;4.8;15.8;24.8;24.8;19.8;18.8;22.8;24.8;22.8;24.8;24.8;25.8;26.8;26.8;26.8;26.8;26.8;26.8;26.8;26.8;26.8;26.8;26.8;26.8;26.8;26.8;26.8;26.8;26.8,0.2;0.2;0.2;0.2;0.2;0.2;155.8;201.8;207.8;201.8;201.8;201.8;201.8;244.8;278.8;300.8;295.8;293.8;293.8;291.8;291.8;290.8;289.8;289.8;289.8;289.8;288.8;287.8;287.8;287.8;287.8;287.8;286.8;285.8;285.8;284.8;284.8;284.8,9.3;9.3;10.3;11.3;12.3;13.3;82.3;109.3;113.3;111.3;111.3;109.3;110.3;133.3;149.3;159.3;157.3;159.3;159.3;157.3;157.3;157.3;157.3;157.3;156.3;156.3;155.3;155.3;155.3;156.3;155.3;155.3;155.3;155.3;155.3;155.3;155.3;155.3,4.9;4.9;5.9;5.9;5.9;7.9;49.1;126.1;143.1;145.1;143.1;143.1;143.1;157.1;187.1;215.1;225.1;225.1;230.1;230.1;228.1;228.1;228.1;226.1;226.1;226.1;226.1;226.1;226.1;226.1;226.1;226.1;226.1;225.1;225.1;225.1;225.1;225.1,0.0;0.0;0.0;0.0;0.0;0.0;42.0;43.0;43.0;41.0;41.0;41.0;43.0;59.0;73.0;79.0;79.0;83.0;82.0;81.0;79.0;79.0;78.0;78.0;77.0;78.0;77.0;77.0;77.0;77.0;77.0;77.0;77.0;77.0;77.0;77.0;77.0;77.0
B,20260730_154045,3.0,2026-07-30 15:41:52,120.0,1433.3333333333333,227.33333333333334,4.0,0.0,598.0,1221.0,3588.0,,,current pose direct MOVEP lift-hover sample,1739.0,45.0,1240.0,103.0,58.0,0.0,,,,1741.0,-2.0,1244.0,85.0,87.0,0.0,,,,1742.0,-19.0,1452.0,1102.0,1121.0,1.0,1.530188285993063,1465.0,567.0,1741.0,19.0,1465.0,834.0,815.0,1.0,1.530188285993063,1474.0,886.0,1499.0,0.0,1364.0,1221.0,1221.0,1.0,1.530188285993063,1361.0,497.0,1050.0,84.0,915.0,370.0,286.0,1.0,1.530188285993063,915.0,155.0,30.0,4.278328027998214,1515.8333333333333,1521.0,2.0669354663903325,1514.0,-7.0,3526.2,3536.0,3.893584466786357,3525.0,-11.0,55.86666666666667,57.0,0.9568466729604883,57.0,0.0,83.36666666666666,85.0,0.6574360974438673,85.0,2.0,1075.6333333333334,1078.0,1.5162087220725546,1074.0,-4.0,795.5,797.0,0.806225774829855,795.0,-2.0,1233.1,1237.0,1.5989579940281942,1231.0,-6.0,282.73333333333335,284.0,0.7272474743090476,283.0,-1.0,34.0,3.440316346997861,543.1176470588234,741.5999999999999,701.5999999999999,192.52941176470586,260.59999999999997,248.59999999999997,316.0,10.25,68.44878048780487,1.6294117647058766,2.0999999999999943,2.0999999999999943,3.3823529411764706,6.0,6.0,227.3235294117647,316.0,293.0,123.26470588235294,167.0,160.0,168.04705882352937,229.29999999999995,220.29999999999995,24.48235294117648,35.30000000000001,28.30000000000001,0.0;0.0;0.0;1.0;0.0;0.0;126.0;192.0;199.0;195.0;218.0;241.0;282.0;316.0;307.0;306.0;304.0;303.0;302.0;299.0;299.0;298.0;297.0;297.0;297.0;296.0;295.0;295.0;295.0;295.0;295.0;293.0;293.0;293.0,2.0;2.4;2.0;3.4;2.0;2.4;237.6;452.6;493.6;485.6;534.6;589.6;673.6;741.6;731.6;727.6;724.6;721.6;718.6;713.6;713.6;712.6;711.6;710.6;710.6;707.6;707.6;707.6;706.6;704.6;704.6;703.6;702.6;701.6,hover_last_10,1.0,1074.0,0.0,5.0,2.0;2.4;2.0;2.4;2.0;2.4;50.6;154.6;182.6;180.6;193.6;213.6;239.6;258.6;260.6;258.6;258.6;256.6;254.6;252.6;252.6;252.6;252.6;252.6;252.6;251.6;251.6;251.6;251.6;249.6;249.6;250.6;249.6;248.6,0.1;0.1;0.1;0.1;0.1;0.1;0.1;1.1;1.1;2.1;2.1;2.1;2.1;2.1;2.1;2.1;2.1;2.1;2.1;2.1;2.1;2.1;2.1;2.1;2.1;2.1;2.1;2.1;2.1;2.1;2.1;2.1;2.1;2.1,1.0;1.0;1.0;1.0;1.0;1.0;2.0;1.0;1.0;1.0;2.0;1.0;4.0;4.0;4.0;4.0;4.0;4.0;4.0;4.0;4.0;4.0;4.0;4.0;4.0;4.0;4.0;6.0;5.0;6.0;6.0;6.0;6.0;6.0,0.0;0.0;0.0;1.0;0.0;0.0;126.0;192.0;199.0;195.0;218.0;241.0;282.0;316.0;307.0;306.0;304.0;303.0;302.0;299.0;299.0;298.0;297.0;297.0;297.0;296.0;295.0;295.0;295.0;295.0;295.0;293.0;293.0;293.0,0.0;0.0;0.0;0.0;0.0;0.0;61.0;106.0;112.0;110.0;123.0;135.0;152.0;167.0;164.0;163.0;162.0;162.0;162.0;162.0;162.0;162.0;162.0;161.0;161.0;160.0;161.0;161.0;160.0;160.0;160.0;160.0;160.0;160.0,1.7;1.7;1.7;1.7;1.7;1.7;26.3;126.3;154.3;154.3;161.3;179.3;204.3;225.3;229.3;227.3;227.3;225.3;225.3;223.3;223.3;223.3;223.3;223.3;223.3;222.3;222.3;222.3;222.3;222.3;222.3;222.3;221.3;220.3,0.3;0.7;0.3;0.7;0.3;0.7;24.3;28.3;28.3;26.3;32.3;34.3;35.3;33.3;31.3;31.3;31.3;31.3;29.3;29.3;29.3;29.3;29.3;29.3;29.3;29.3;29.3;29.3;29.3;27.3;27.3;28.3;28.3;28.3
B,20260730_154045,4.0,2026-07-30 15:42:09,120.0,1435.0,225.66666666666666,4.0,0.1299519289896125,538.6666666666666,1029.0,3232.0,,,current pose direct MOVEP lift-hover sample,1742.0,43.0,1214.0,126.0,83.0,0.0,,,,1741.0,-2.0,1340.0,74.0,76.0,0.0,,,,1742.0,-17.0,1439.0,991.0,1008.0,1.0,1.342100826004753,1463.0,234.0,1741.0,19.0,1449.0,773.0,754.0,1.0,1.342100826004753,1466.0,662.0,1499.0,-3.0,1379.0,1026.0,1029.0,1.0,1.342100826004753,1376.0,274.0,1050.0,82.0,915.0,364.0,282.0,1.0,1.4720527549943654,915.0,282.0,36.0,4.9097487250110134,1396.75,1402.0,2.553592241007427,1393.0,-8.0,3243.222222222222,3257.0,6.807312698329606,3234.0,-23.0,84.80555555555556,86.0,1.5423547013224157,84.0,-2.0,78.0,78.0,0.0,78.0,0.0,950.9444444444445,956.0,1.8847994948541527,948.0,-8.0,732.7222222222222,736.0,1.4065543223524626,731.0,-5.0,1117.5277777777778,1122.0,2.5219713531626087,1114.0,-8.0,279.22222222222223,280.0,0.41573970964154905,279.0,0.0,35.0,3.5099482200021157,545.7,742.6999999999999,706.6999999999999,194.52857142857138,263.69999999999993,251.69999999999993,319.79999999999995,10.600000000000023,66.66981132075456,1.0,1.0,1.0,3.8,6.0,6.0,232.7428571428571,319.79999999999995,300.79999999999995,118.42857142857149,159.20000000000005,154.20000000000005,168.69999999999996,229.0999999999999,223.0999999999999,25.82857142857145,37.60000000000002,28.600000000000023,0.2;1.2;1.2;1.2;1.2;6.8;159.8;190.8;197.8;192.8;193.8;222.8;266.8;277.8;319.8;313.8;311.8;311.8;309.8;308.8;307.8;306.8;306.8;304.8;304.8;303.8;302.8;302.8;302.8;302.8;302.8;301.8;302.8;301.8;300.8,1.9;2.9;5.9;4.9;2.9;20.7;314.7;448.7;479.7;474.7;476.7;532.7;617.7;656.7;742.7;733.7;729.7;727.7;723.7;721.7;717.7;716.7;717.7;714.7;714.7;710.7;710.7;710.7;710.7;710.7;710.7;709.7;709.7;707.7;706.7,hover_last_10,1.0,949.0,0.0,5.0,1.5;1.5;2.5;1.5;1.5;9.7;78.7;157.7;177.7;179.7;179.7;191.7;213.7;236.7;263.7;263.7;261.7;259.7;257.7;258.7;255.7;255.7;255.7;255.7;255.7;252.7;253.7;253.7;253.7;253.7;253.7;253.7;252.7;251.7;251.7,1.0;1.0;1.0;1.0;1.0;1.0;1.0;1.0;1.0;1.0;1.0;1.0;1.0;1.0;1.0;1.0;1.0;1.0;1.0;1.0;1.0;1.0;1.0;1.0;1.0;1.0;1.0;1.0;1.0;1.0;1.0;1.0;1.0;1.0;1.0,0.0;0.0;1.0;1.0;1.0;0.0;2.0;2.0;2.0;2.0;2.0;2.0;4.0;4.0;6.0;6.0;5.0;5.0;4.0;4.0;4.0;4.0;4.0;4.0;5.0;6.0;5.0;6.0;6.0;6.0;6.0;6.0;6.0;6.0;6.0,0.2;1.2;1.2;1.2;1.2;6.8;159.8;190.8;197.8;192.8;193.8;222.8;266.8;277.8;319.8;313.8;311.8;311.8;309.8;308.8;307.8;306.8;306.8;304.8;304.8;303.8;302.8;302.8;302.8;302.8;302.8;301.8;302.8;301.8;300.8,0.2;0.2;2.2;2.2;0.2;4.2;76.2;100.2;104.2;102.2;103.2;118.2;137.2;142.2;159.2;156.2;156.2;156.2;156.2;154.2;154.2;154.2;155.2;154.2;154.2;154.2;154.2;154.2;154.2;154.2;154.2;154.2;154.2;154.2;154.2,0.9;0.9;0.9;0.9;0.9;0.1;52.1;129.1;149.1;152.1;152.1;160.1;181.1;199.1;229.1;229.1;229.1;227.1;227.1;227.1;225.1;225.1;225.1;225.1;225.1;223.1;223.1;223.1;223.1;223.1;223.1;223.1;223.1;223.1;223.1,0.6;0.6;1.6;0.6;0.6;9.6;26.6;28.6;28.6;27.6;27.6;31.6;32.6;37.6;34.6;34.6;32.6;32.6;30.6;31.6;30.6;30.6;30.6;30.6;30.6;29.6;30.6;30.6;30.6;30.6;30.6;30.6;29.6;28.6;28.6
B,20260730_154045,5.0,2026-07-30 15:42:26,120.0,1432.6666666666667,228.0,4.0,0.13008900100248866,581.0,1062.0,3486.0,,,current pose direct MOVEP lift-hover sample,1742.0,42.0,1212.0,124.0,82.0,0.0,,,,1741.0,-2.0,1245.0,83.0,85.0,0.0,,,,1742.0,-19.0,1444.0,947.0,966.0,1.0,1.4548919660010142,1463.0,403.0,1741.0,17.0,1441.0,1022.0,1005.0,1.0,1.4548919660010142,1465.0,389.0,1499.0,0.0,1374.0,1062.0,1062.0,1.0,1.4548919660010142,1370.0,229.0,1050.0,84.0,916.0,370.0,286.0,1.0,1.5849809670035029,916.0,286.0,35.0,4.990472018995206,1501.4285714285713,1512.0,4.512115210571356,1494.0,-18.0,3535.657142857143,3556.0,9.665676702768874,3522.0,-34.0,65.17142857142858,67.0,0.6963461489687965,65.0,0.0,83.25714285714285,85.0,0.4981598792617913,83.0,0.0,933.6,935.0,0.834950811211569,933.0,-2.0,952.2,961.0,4.281521758840958,947.0,-14.0,1217.5714285714287,1228.0,4.383643066059581,1212.0,-16.0,283.85714285714283,284.0,0.4237827706911807,282.0,-2.0,38.0,3.4650963979947846,595.0578947368421,804.8999999999999,778.8999999999999,197.15789473684202,267.4999999999999,256.4999999999999,351.0,10.25,75.990243902439,0.405263157894734,2.299999999999997,0.29999999999999716,3.3473684210526335,5.200000000000003,5.200000000000003,252.97368421052633,351.0,334.0,144.92631578947365,192.39999999999998,188.39999999999998,171.38421052631574,233.0999999999999,226.0999999999999,25.7736842105263,35.39999999999998,30.399999999999977,0.0;0.0;0.0;0.0;0.0;0.0;133.0;208.0;213.0;208.0;206.0;213.0;211.0;227.0;260.0;307.0;351.0;347.0;344.0;342.0;340.0;340.0;338.0;338.0;337.0;336.0;336.0;336.0;336.0;335.0;334.0;334.0;334.0;334.0;334.0;334.0;333.0;334.0,3.9;3.9;4.9;4.9;4.9;4.9;253.9;490.9;529.9;524.9;521.9;533.9;531.9;561.9;626.9;715.9;804.9;804.9;796.9;793.9;789.9;788.9;786.9;786.9;784.9;782.9;782.9;782.9;781.9;781.9;780.9;780.9;780.9;780.9;780.9;780.9;777.9;778.9,hover_last_10,1.0,933.0,0.0,5.0,2.5;2.5;2.5;2.5;2.5;2.5;52.5;152.5;182.5;183.5;183.5;184.5;185.5;192.5;210.5;234.5;261.5;267.5;263.5;263.5;261.5;260.5;260.5;260.5;259.5;258.5;258.5;258.5;258.5;258.5;258.5;258.5;258.5;258.5;258.5;258.5;256.5;256.5,0.3;0.3;0.3;0.3;0.3;0.3;0.3;2.3;2.3;0.3;0.3;0.3;0.3;0.3;0.3;0.3;0.3;0.3;0.3;0.3;0.3;0.3;0.3;0.3;0.3;0.3;0.3;0.3;0.3;0.3;0.3;0.3;0.3;0.3;0.3;0.3;0.3;0.3,0.8;0.8;0.8;1.8;0.8;1.8;1.2;0.2;0.2;0.2;0.2;0.2;0.2;1.2;3.2;4.2;5.2;5.2;5.2;5.2;5.2;5.2;5.2;5.2;5.2;5.2;5.2;5.2;4.2;4.2;4.2;4.2;5.2;5.2;5.2;4.2;5.2;5.2,0.0;0.0;0.0;0.0;0.0;0.0;133.0;208.0;213.0;208.0;206.0;213.0;211.0;227.0;260.0;307.0;351.0;347.0;344.0;342.0;340.0;340.0;338.0;338.0;337.0;336.0;336.0;336.0;336.0;335.0;334.0;334.0;334.0;334.0;334.0;334.0;333.0;334.0,1.4;1.4;2.4;2.4;2.4;2.4;68.4;130.4;134.4;133.4;132.4;136.4;135.4;142.4;156.4;174.4;192.4;190.4;189.4;188.4;188.4;188.4;188.4;188.4;188.4;188.4;188.4;188.4;187.4;188.4;188.4;188.4;188.4;188.4;188.4;188.4;188.4;188.4,0.9;0.9;0.9;0.9;0.9;0.9;29.1;124.1;154.1;156.1;155.1;157.1;159.1;160.1;180.1;199.1;227.1;233.1;231.1;231.1;230.1;230.1;230.1;230.1;229.1;228.1;228.1;228.1;228.1;228.1;228.1;228.1;228.1;228.1;228.1;228.1;226.1;226.1,1.6;1.6;1.6;1.6;1.6;1.6;23.4;28.4;28.4;27.4;28.4;27.4;26.4;32.4;30.4;35.4;34.4;34.4;32.4;32.4;31.4;30.4;30.4;30.4;30.4;30.4;30.4;30.4;30.4;30.4;30.4;30.4;30.4;30.4;30.4;30.4;30.4;30.4
B,20260730_154045,6.0,2026-07-30 15:42:41,120.0,1422.5,197.5,2.0,0.0,247.5,910.0,1485.0,,,current pose direct MOVEP lift-hover sample,1742.0,44.0,1214.0,128.0,84.0,0.0,,,,1739.0,-2.0,1350.0,77.0,79.0,0.0,,,,1742.0,-18.0,1453.0,20.0,38.0,0.0,,,,1741.0,18.0,1471.0,928.0,910.0,1.0,1.4599872510007117,1471.0,910.0,1499.0,0.0,1374.0,364.0,364.0,1.0,1.4599872510007117,1374.0,364.0,1050.0,84.0,913.0,94.0,10.0,0.0,,,,35.0,4.899792550000711,810.5428571428571,814.0,0.9053131153002777,810.0,-4.0,2145.4,2156.0,3.4159290725323075,2142.0,-14.0,83.34285714285714,85.0,0.8599952539024235,83.0,0.0,85.0,85.0,0.0,85.0,0.0,38.65714285714286,39.0,0.5827450872677469,39.0,0.0,1127.857142857143,1135.0,2.8996833043120627,1125.0,-10.0,798.0857142857143,802.0,1.2955181770005295,797.0,-5.0,12.457142857142857,13.0,0.6904597699196898,13.0,1.0,14.0,1.3500521009991644,711.4285714285714,1813.0,1813.0,222.0,703.0,703.0,369.0,31.725000000000023,57.14736012608349,1.5142857142857136,3.0999999999999943,1.9000000000000057,9.357142857142858,14.0,12.0,124.57142857142857,369.0,19.0,364.85714285714283,1091.0,1091.0,167.07142857142858,678.0,678.0,54.92857142857143,182.0,25.0,128.0;125.0;126.0;145.0;183.0;291.0;369.0;135.0;101.0;61.0;25.0;17.0;19.0;19.0,251.0;251.0;256.0;289.0;360.0;593.0;967.0;790.0;822.0;815.0;786.0;835.0;1132.0;1813.0,hover_last_10,1.0,168.0,3.0,5.0,66.0;69.0;71.0;78.0;93.0;157.0;253.0;207.0;234.0;251.0;262.0;281.0;383.0;703.0,1.1;0.1;0.1;1.1;0.1;3.1;3.1;0.1;1.9;1.9;1.9;1.9;2.9;1.9,7.0;7.0;7.0;8.0;10.0;14.0;5.0;8.0;10.0;10.0;10.0;10.0;13.0;12.0,128.0;125.0;126.0;145.0;183.0;291.0;369.0;135.0;101.0;61.0;25.0;17.0;19.0;19.0,57.0;57.0;59.0;66.0;84.0;145.0;345.0;448.0;487.0;503.0;499.0;537.0;730.0;1091.0,21.0;23.0;23.0;25.0;29.0;43.0;71.0;140.0;169.0;217.0;248.0;281.0;371.0;678.0,45.0;46.0;48.0;53.0;64.0;114.0;182.0;67.0;65.0;34.0;14.0;0.0;12.0;25.0
B,20260730_154045,7.0,2026-07-30 15:42:58,120.0,1401.25,279.0,5.0,0.1604753199935658,654.0,1293.0,3924.0,,,current pose direct MOVEP lift-hover sample,1742.0,44.0,1211.0,124.0,80.0,0.0,,,,1739.0,-2.0,1329.0,632.0,634.0,1.0,1.5703284500050358,1346.0,682.0,1742.0,-12.0,1429.0,468.0,480.0,1.0,1.40985313001147,1458.0,525.0,1741.0,19.0,1413.0,988.0,969.0,1.0,1.5703284500050358,1424.0,599.0,1499.0,0.0,1381.0,1293.0,1293.0,1.0,1.40985313001147,1377.0,132.0,1050.0,86.0,918.0,554.0,468.0,1.0,1.40985313001147,915.0,142.0,34.0,4.939908068001387,1969.5294117647059,1975.0,2.4998269836324445,1966.0,-9.0,4345.5,4362.0,7.448845153286989,4333.0,-29.0,65.58823529411765,67.0,1.0323487514578966,63.0,-2.0,381.55882352941177,382.0,0.6941425718356439,382.0,0.0,1248.4117647058824,1257.0,3.812654217199718,1243.0,-14.0,680.4117647058823,683.0,1.262994738446111,679.0,-4.0,1493.5882352941176,1499.0,2.4267825111454435,1490.0,-9.0,475.94117647058823,476.0,0.23529411764705882,476.0,0.0,38.0,3.4351289409969468,205.61578947368423,282.9,253.89999999999998,166.50526315789477,223.20000000000005,210.20000000000005,18.59999999999991,1.625,156.24615384615385,9.468421052631578,13.299999999999997,13.299999999999997,78.13157894736842,109.0,97.0,8.35263157894731,18.59999999999991,7.599999999999909,30.75789473684213,47.10000000000002,36.10000000000002,115.47368421052632,154.0,148.0,51.031578947368466,73.20000000000005,62.200000000000045,1.4;1.4;1.4;1.4;1.4;1.4;1.4;3.6;11.6;18.6;15.6;14.6;13.6;12.6;11.6;11.6;11.6;10.6;10.6;9.6;9.6;9.6;9.6;9.6;9.6;9.6;9.6;7.6;8.6;7.6;7.6;7.6;7.6;7.6;7.6;7.6;7.6;7.6,2.7;2.7;2.7;2.7;2.7;2.7;3.3;32.9;120.9;247.9;282.9;278.9;276.9;270.9;269.9;269.9;269.9;268.9;266.9;265.9;263.9;261.9;261.9;261.9;261.9;261.9;261.9;259.9;259.9;258.9;258.9;258.9;257.9;257.9;258.9;255.9;254.9;253.9,hover_last_10,1.0,1243.0,0.0,5.0,1.2;1.2;1.2;1.2;1.2;1.2;1.8;22.2;84.2;182.2;223.2;222.2;221.2;218.2;218.2;218.2;218.2;218.2;216.2;217.2;216.2;214.2;214.2;214.2;214.2;214.2;214.2;214.2;213.2;213.2;213.2;213.2;212.2;212.2;213.2;212.2;210.2;210.2,1.7;1.7;1.7;1.7;0.7;1.7;1.7;0.3;1.7;1.7;4.7;5.7;4.3;11.3;13.3;13.3;13.3;13.3;13.3;13.3;13.3;13.3;13.3;13.3;13.3;13.3;13.3;13.3;13.3;13.3;13.3;13.3;13.3;13.3;13.3;13.3;13.3;13.3,0.0;0.0;0.0;0.0;0.0;1.0;2.0;15.0;47.0;109.0;107.0;106.0;102.0;102.0;102.0;102.0;102.0;101.0;101.0;100.0;99.0;100.0;99.0;99.0;99.0;99.0;99.0;99.0;99.0;99.0;99.0;98.0;97.0;97.0;97.0;97.0;97.0;97.0,1.4;1.4;1.4;1.4;1.4;1.4;1.4;3.6;11.6;18.6;15.6;14.6;13.6;12.6;11.6;11.6;11.6;10.6;10.6;9.6;9.6;9.6;9.6;9.6;9.6;9.6;9.6;7.6;8.6;7.6;7.6;7.6;7.6;7.6;7.6;7.6;7.6;7.6,0.1;0.1;0.1;0.1;0.1;0.1;0.1;7.1;25.1;47.1;44.1;42.1;42.1;40.1;40.1;40.1;40.1;40.1;40.1;39.1;38.1;38.1;38.1;38.1;38.1;38.1;38.1;38.1;38.1;38.1;38.1;38.1;38.1;38.1;38.1;36.1;37.1;36.1,1.0;1.0;1.0;1.0;1.0;1.0;1.0;3.0;46.0;109.0;154.0;154.0;153.0;152.0;152.0;152.0;152.0;152.0;152.0;152.0;152.0;150.0;150.0;150.0;150.0;150.0;150.0;150.0;150.0;150.0;150.0;150.0;150.0;150.0;150.0;150.0;148.0;148.0,0.2;0.2;0.2;0.2;0.2;0.2;0.8;19.2;38.2;73.2;69.2;68.2;68.2;66.2;66.2;66.2;66.2;66.2;64.2;65.2;64.2;64.2;64.2;64.2;64.2;64.2;64.2;64.2;63.2;63.2;63.2;63.2;62.2;62.2;63.2;62.2;62.2;62.2
B,20260730_154045,8.0,2026-07-30 15:43:14,120.0,1420.5,260.0,5.0,0.1450369719968876,673.1666666666666,1234.0,4039.0,,,current pose direct MOVEP lift-hover sample,1742.0,44.0,1211.0,118.0,74.0,0.0,,,,1740.0,-2.0,1328.0,573.0,575.0,1.0,1.3900021879962878,1395.0,215.0,1742.0,-19.0,1441.0,729.0,748.0,1.0,1.5350391599931754,1463.0,301.0,1741.0,18.0,1434.0,984.0,966.0,1.0,1.5350391599931754,1459.0,258.0,1499.0,0.0,1369.0,1234.0,1234.0,1.0,1.5350391599931754,1365.0,491.0,1050.0,84.0,918.0,526.0,442.0,1.0,1.3900021879962878,915.0,128.0,36.0,4.894836217004922,1735.5277777777778,1740.0,2.3861418313893608,1733.0,-6.0,3685.25,3694.0,4.4682522061515035,3680.0,-13.0,65.69444444444444,67.0,0.9073601650589487,66.0,1.0,92.66666666666667,94.0,0.7453559924999299,94.0,3.0,847.0277777777778,850.0,1.499742776299232,845.0,-5.0,944.3333333333334,948.0,1.9148542155126762,942.0,-6.0,1348.5555555555557,1353.0,2.431785403137699,1346.0,-7.0,386.97222222222223,387.0,0.16433554953054488,387.0,1.0,38.0,3.4846782769891433,491.90000000000003,791.8000000000001,775.8000000000001,308.57894736842104,503.0,494.0,262.6,9.0,86.2,9.257894736842102,13.099999999999994,13.099999999999994,25.952631578947365,41.099999999999994,35.099999999999994,159.35789473684213,262.6,251.60000000000002,23.963157894736888,36.200000000000045,30.200000000000045,215.3421052631579,356.0,351.0,93.23684210526316,151.0,143.0,0.6;0.4;1.4;1.4;0.4;1.4;0.4;72.6;113.6;141.6;148.6;144.6;143.6;162.6;159.6;157.6;155.6;155.6;155.6;155.6;156.6;158.6;183.6;199.6;218.6;215.6;262.6;257.6;255.6;255.6;253.6;253.6;253.6;251.6;251.6;251.6;251.6;251.6,0.8;0.6;3.6;1.6;1.6;5.6;5.6;191.8;333.8;415.8;438.8;437.8;444.8;491.8;495.8;493.8;491.8;490.8;497.8;499.8;511.8;527.8;575.8;608.8;656.8;680.8;789.8;791.8;788.8;786.8;782.8;782.8;779.8;777.8;777.8;776.8;775.8;775.8,hover_last_10,1.0,845.0,0.0,5.0,0.0;0.0;2.0;0.0;0.0;2.0;3.0;104.0;200.0;252.0;268.0;271.0;276.0;301.0;308.0;308.0;308.0;307.0;312.0;314.0;322.0;333.0;357.0;377.0;406.0;430.0;495.0;503.0;502.0;500.0;498.0;497.0;496.0;496.0;496.0;494.0;494.0;494.0,1.9;1.9;1.9;1.9;1.9;1.9;3.9;1.9;0.1;1.1;6.9;7.9;10.1;10.1;12.1;12.1;12.1;11.1;12.1;13.1;11.1;12.1;12.1;11.1;11.1;11.1;13.1;13.1;13.1;13.1;13.1;13.1;13.1;13.1;13.1;13.1;13.1;13.1,0.1;0.1;0.1;0.1;0.9;1.9;1.9;0.1;6.1;14.1;41.1;41.1;41.1;37.1;37.1;36.1;35.1;35.1;33.1;33.1;30.1;25.1;28.1;31.1;31.1;25.1;35.1;35.1;34.1;35.1;35.1;35.1;35.1;35.1;35.1;35.1;35.1;35.1,0.6;0.4;1.4;1.4;0.4;1.4;0.4;72.6;113.6;141.6;148.6;144.6;143.6;162.6;159.6;157.6;155.6;155.6;155.6;155.6;156.6;158.6;183.6;199.6;218.6;215.6;262.6;257.6;255.6;255.6;253.6;253.6;253.6;251.6;251.6;251.6;251.6;251.6,0.2;0.2;0.2;0.2;1.2;2.2;2.2;15.2;20.2;22.2;22.2;22.2;25.2;28.2;28.2;28.2;28.2;28.2;30.2;30.2;33.2;36.2;35.2;32.2;32.2;35.2;32.2;31.2;31.2;31.2;31.2;32.2;30.2;30.2;30.2;31.2;30.2;30.2,0.0;0.0;2.0;0.0;0.0;2.0;0.0;52.0;125.0;166.0;183.0;186.0;187.0;207.0;215.0;215.0;215.0;215.0;217.0;220.0;222.0;229.0;250.0;264.0;285.0;298.0;344.0;356.0;355.0;355.0;353.0;353.0;353.0;353.0;353.0;351.0;351.0;351.0,0.0;0.0;0.0;0.0;0.0;0.0;3.0;52.0;75.0;86.0;85.0;85.0;89.0;94.0;93.0;93.0;93.0;92.0;95.0;94.0;100.0;104.0;107.0;113.0;121.0;132.0;151.0;147.0;147.0;145.0;145.0;144.0;143.0;143.0;143.0;143.0;143.0;143.0
B,20260730_154045,9.0,2026-07-30 15:43:32,120.0,1432.0,228.66666666666666,4.0,0.14019523399474565,551.6666666666666,1110.0,3310.0,,,current pose direct MOVEP lift-hover sample,1742.0,46.0,1214.0,125.0,79.0,0.0,,,,1740.0,-3.0,1288.0,78.0,81.0,0.0,,,,1742.0,-19.0,1446.0,908.0,927.0,1.0,1.3548596299951896,1459.0,383.0,1741.0,18.0,1459.0,880.0,862.0,1.0,1.3548596299951896,1469.0,789.0,1499.0,0.0,1371.0,1110.0,1110.0,1.0,1.3548596299951896,1368.0,380.0,1050.0,83.0,915.0,334.0,251.0,1.0,1.4950548639899353,915.0,251.0,32.0,4.895145831993432,1373.6875,1378.0,2.3510303592255033,1372.0,-6.0,3254.625,3263.0,3.9429525738968763,3250.0,-13.0,81.4375,83.0,0.8267972847076845,82.0,1.0,79.21875,81.0,0.4831132760543846,80.0,1.0,880.9375,884.0,1.3678792892649556,878.0,-6.0,839.34375,842.0,1.2147369828485506,838.0,-3.0,1126.78125,1130.0,1.8154609435347266,1124.0,-6.0,246.90625,248.0,0.878897569401577,248.0,0.0,34.0,3.388126611986081,554.9117647058823,708.7,677.7,192.68823529411767,246.10000000000002,234.10000000000002,311.6,10.5,64.54285714285714,1.5588235294117647,3.5,1.5,14.005882352941178,18.700000000000003,16.700000000000003,235.6058823529412,311.6,287.6,126.61764705882354,165.0,156.0,152.52941176470588,198.0,190.0,40.15882352941179,51.10000000000002,44.10000000000002,0.4;0.4;0.4;1.4;101.6;179.6;177.6;178.6;178.6;217.6;243.6;311.6;302.6;300.6;298.6;296.6;294.6;294.6;292.6;291.6;291.6;291.6;290.6;289.6;289.6;289.6;289.6;289.6;287.6;287.6;287.6;287.6;287.6;287.6,1.5;1.5;1.5;4.5;202.7;411.7;441.7;444.7;444.7;515.7;578.7;708.7;708.7;704.7;699.7;696.7;693.7;691.7;688.7;686.7;685.7;685.7;684.7;682.7;682.7;683.7;681.7;682.7;678.7;677.7;678.7;678.7;677.7;677.7,hover_last_10,1.0,879.0,0.0,3.0,1.1;1.1;1.1;3.1;55.1;136.1;167.1;168.1;168.1;177.1;201.1;232.1;246.1;244.1;242.1;242.1;241.1;240.1;240.1;238.1;238.1;238.1;238.1;237.1;237.1;238.1;236.1;237.1;234.1;234.1;235.1;235.1;234.1;234.1,0.5;0.5;1.5;1.5;1.5;1.5;1.5;1.5;1.5;1.5;1.5;1.5;1.5;1.5;1.5;1.5;1.5;1.5;1.5;1.5;1.5;1.5;1.5;0.5;1.5;1.5;0.5;3.5;1.5;2.5;2.5;2.5;2.5;1.5,1.3;1.3;1.3;1.3;0.7;1.7;0.7;0.7;14.7;15.7;16.7;18.7;17.7;18.7;16.7;16.7;18.7;18.7;18.7;18.7;18.7;18.7;18.7;18.7;18.7;18.7;18.7;17.7;18.7;17.7;18.7;18.7;17.7;16.7,0.4;0.4;0.4;1.4;101.6;179.6;177.6;178.6;178.6;217.6;243.6;311.6;302.6;300.6;298.6;296.6;294.6;294.6;292.6;291.6;291.6;291.6;290.6;289.6;289.6;289.6;289.6;289.6;287.6;287.6;287.6;287.6;287.6;287.6,0.0;0.0;0.0;0.0;46.0;96.0;97.0;98.0;98.0;121.0;134.0;165.0;160.0;160.0;159.0;158.0;158.0;157.0;156.0;157.0;156.0;156.0;156.0;156.0;156.0;156.0;156.0;156.0;157.0;156.0;156.0;156.0;156.0;156.0,1.0;1.0;1.0;1.0;16.0;90.0;123.0;126.0;125.0;133.0;154.0;181.0;198.0;196.0;196.0;194.0;194.0;194.0;194.0;192.0;192.0;192.0;192.0;192.0;192.0;192.0;192.0;192.0;190.0;190.0;190.0;190.0;190.0;190.0,0.1;0.1;0.1;2.1;39.1;46.1;44.1;42.1;43.1;44.1;47.1;51.1;48.1;48.1;46.1;48.1;47.1;46.1;46.1;46.1;46.1;46.1;46.1;45.1;45.1;46.1;44.1;45.1;44.1;44.1;45.1;45.1;44.1;44.1
C,20260730_154355,0.0,2026-07-30 15:44:15,120.0,1401.6666666666667,259.0,4.0,0.0,511.8333333333333,931.0,3071.0,,,current pose direct MOVEP lift-hover sample,1742.0,46.0,1211.0,124.0,78.0,0.0,,,,1740.0,-2.0,1233.0,82.0,84.0,0.0,,,,1742.0,-18.0,1402.0,752.0,770.0,1.0,1.6297799790045246,1424.0,414.0,1741.0,21.0,1390.0,952.0,931.0,1.0,1.6297799790045246,1420.0,146.0,1499.0,-3.0,1363.0,915.0,918.0,1.0,1.6297799790045246,1361.0,128.0,1050.0,84.0,915.0,374.0,290.0,1.0,1.6297799790045246,914.0,134.0,35.0,4.914914761000546,54.285714285714285,57.0,1.057528887046957,54.0,-3.0,288.74285714285713,292.0,1.76218787944106,289.0,-2.0,62.885714285714286,63.0,0.39795395077668916,63.0,0.0,92.6,95.0,1.8079190879493,91.0,-3.0,43.628571428571426,45.0,0.7959079015533783,45.0,2.0,35.34285714285714,36.0,0.8925999629607605,36.0,2.0,24.114285714285714,26.0,0.4642307659791977,24.0,-2.0,30.17142857142857,31.0,0.8446711713768276,30.0,-1.0,36.0,3.4647743460081983,58.20555555555555,67.39999999999999,59.39999999999999,33.71111111111111,44.099999999999994,39.099999999999994,43.3,50.94999999999999,1.165848871442591,13.38888888888889,15.0,14.0,2.25,4.0,2.0,11.355555555555556,43.3,4.300000000000001,13.13888888888889,16.0,16.0,23.47222222222222,31.0,28.0,10.238888888888884,14.099999999999994,11.099999999999994,38.3;37.3;43.3;41.3;41.3;36.3;12.3;8.3;9.3;9.3;9.3;9.3;9.3;7.3;6.3;4.3;4.3;4.3;4.3;4.3;4.3;4.3;4.3;4.3;4.3;4.3;4.3;4.3;4.3;4.3;4.3;4.3;4.3;4.3;4.3;4.3,42.4;41.4;48.4;46.4;46.4;50.4;48.4;62.4;59.4;64.4;66.4;65.4;67.4;65.4;65.4;62.4;61.4;61.4;62.4;60.4;60.4;61.4;59.4;59.4;59.4;57.4;58.4;57.4;58.4;58.4;59.4;60.4;60.4;58.4;59.4;59.4,hover_last_10,1.0,83.0,9.0,5.0,0.1;0.1;1.1;1.1;1.1;8.1;25.1;42.1;36.1;39.1;41.1;42.1;43.1;44.1;44.1;42.1;42.1;42.1;42.1;41.1;41.1;41.1;41.1;40.1;39.1;39.1;39.1;39.1;39.1;39.1;39.1;40.1;41.1;39.1;39.1;39.1,15.0;15.0;13.0;13.0;13.0;13.0;13.0;13.0;13.0;13.0;13.0;13.0;13.0;13.0;13.0;13.0;13.0;13.0;14.0;14.0;13.0;13.0;14.0;14.0;14.0;13.0;13.0;15.0;13.0;13.0;14.0;13.0;13.0;14.0;13.0;14.0,4.0;4.0;4.0;4.0;4.0;3.0;2.0;2.0;2.0;2.0;2.0;2.0;2.0;2.0;2.0;2.0;2.0;2.0;2.0;2.0;2.0;2.0;1.0;2.0;2.0;2.0;2.0;2.0;1.0;2.0;2.0;2.0;2.0;2.0;2.0;2.0,38.3;37.3;43.3;41.3;41.3;36.3;12.3;8.3;9.3;9.3;9.3;9.3;9.3;7.3;6.3;4.3;4.3;4.3;4.3;4.3;4.3;4.3;4.3;4.3;4.3;4.3;4.3;4.3;4.3;4.3;4.3;4.3;4.3;4.3;4.3;4.3,4.0;4.0;4.0;4.0;4.0;6.0;11.0;12.0;14.0;16.0;16.0;14.0;15.0;14.0;15.0;16.0;15.0;15.0;16.0;15.0;15.0;16.0;14.0;15.0;16.0;14.0;15.0;14.0;15.0;15.0;16.0;16.0;15.0;15.0;16.0;16.0,0.0;0.0;0.0;0.0;0.0;0.0;16.0;28.0;26.0;26.0;29.0;31.0;31.0;31.0;31.0;29.0;29.0;29.0;29.0;29.0;29.0;29.0;29.0;28.0;28.0;28.0;28.0;28.0;28.0;28.0;28.0;28.0;28.0;28.0;28.0;28.0,0.1;0.1;1.1;1.1;1.1;8.1;9.1;14.1;10.1;13.1;12.1;11.1;12.1;13.1;13.1;13.1;13.1;13.1;13.1;12.1;12.1;12.1;12.1;12.1;11.1;11.1;11.1;11.1;11.1;11.1;11.1;12.1;13.1;11.1;11.1;11.1
C,20260730_154355,1.0,2026-07-30 15:44:31,120.0,1402.6666666666667,257.3333333333333,4.0,0.12519619399972726,556.5,1096.0,3339.0,,,current pose direct MOVEP lift-hover sample,1742.0,44.0,1212.0,122.0,78.0,0.0,,,,1741.0,-4.0,1233.0,76.0,80.0,0.0,,,,1739.0,-18.0,1379.0,980.0,998.0,1.0,1.5301381619938184,1409.0,138.0,1742.0,17.0,1395.0,788.0,771.0,1.0,1.5301381619938184,1420.0,324.0,1499.0,-1.0,1379.0,1095.0,1096.0,1.0,1.6553343559935456,1379.0,800.0,1050.0,86.0,917.0,402.0,316.0,1.0,1.6553343559935456,916.0,300.0,35.0,4.945422769000288,1400.6285714285714,1406.0,2.2562385168456722,1397.0,-9.0,3288.885714285714,3304.0,6.576023238451417,3281.0,-23.0,76.85714285714286,78.0,0.9604420750840921,76.0,-2.0,83.02857142857142,85.0,1.1080411102665895,84.0,1.0,968.9714285714285,975.0,2.591036354001059,966.0,-9.0,759.4,762.0,1.126308762538687,758.0,-4.0,1088.4857142857143,1092.0,1.9179070224958183,1085.0,-7.0,312.14285714285717,314.0,0.5924697529522206,312.0,-2.0,38.0,3.4152278719993774,404.4736842105263,513.7,487.70000000000005,162.11578947368426,207.4000000000001,196.4000000000001,206.89999999999998,5.300000000000011,92.01886792452811,1.5105263157894686,2.5999999999999943,1.5999999999999943,1.6421052631578987,1.9000000000000057,1.9000000000000057,159.01052631578946,206.89999999999998,189.89999999999998,83.34736842105261,104.39999999999998,101.39999999999998,133.4052631578948,169.4000000000001,164.4000000000001,28.710526315789473,41.0,32.0,0.1;0.1;0.1;0.1;0.1;0.1;55.9;181.9;206.9;202.9;200.9;199.9;197.9;196.9;195.9;195.9;195.9;194.9;193.9;192.9;192.9;191.9;191.9;191.9;191.9;190.9;189.9;189.9;189.9;189.9;189.9;189.9;189.9;189.9;189.9;189.9;188.9;189.9,3.1;3.1;3.1;3.1;3.1;2.1;104.7;404.7;506.7;513.7;508.7;506.7;504.7;503.7;500.7;498.7;498.7;496.7;495.7;494.7;494.7;493.7;493.7;493.7;491.7;489.7;489.7;488.7;489.7;488.7;488.7;488.7;486.7;486.7;486.7;487.7;486.7;487.7,hover_last_10,1.0,966.0,0.0,5.0,1.6;1.6;1.6;1.6;1.6;1.6;27.4;133.4;195.4;207.4;204.4;204.4;203.4;203.4;202.4;201.4;201.4;200.4;200.4;200.4;200.4;200.4;200.4;200.4;198.4;197.4;198.4;197.4;198.4;197.4;198.4;197.4;196.4;197.4;196.4;197.4;196.4;196.4,1.6;1.6;1.6;1.6;1.6;1.6;1.6;1.6;1.6;1.6;1.6;1.6;1.6;1.6;1.6;1.6;1.6;1.6;1.6;1.6;1.6;1.6;1.6;1.6;1.6;1.6;1.6;1.6;1.6;1.6;2.6;2.6;0.4;0.4;0.6;0.6;0.6;1.6,0.1;1.1;1.1;1.1;1.1;1.1;1.9;1.9;1.9;1.9;1.9;1.9;1.9;1.9;1.9;1.9;1.9;1.9;1.9;1.9;1.9;1.9;1.9;1.9;1.9;1.9;1.9;0.9;1.9;0.9;0.9;1.9;1.9;1.9;1.9;1.9;0.9;1.9,0.1;0.1;0.1;0.1;0.1;0.1;55.9;181.9;206.9;202.9;200.9;199.9;197.9;196.9;195.9;195.9;195.9;194.9;193.9;192.9;192.9;191.9;191.9;191.9;191.9;190.9;189.9;189.9;189.9;189.9;189.9;189.9;189.9;189.9;189.9;189.9;188.9;189.9,1.4;1.4;1.4;1.4;1.4;0.4;21.4;89.4;104.4;103.4;103.4;102.4;103.4;103.4;102.4;101.4;101.4;101.4;101.4;101.4;101.4;101.4;101.4;101.4;101.4;101.4;101.4;101.4;101.4;101.4;100.4;101.4;100.4;99.4;100.4;100.4;101.4;101.4,1.6;1.6;1.6;1.6;1.6;1.6;7.4;93.4;154.4;169.4;167.4;167.4;167.4;167.4;166.4;166.4;166.4;166.4;166.4;166.4;166.4;166.4;166.4;166.4;164.4;164.4;164.4;164.4;164.4;164.4;164.4;164.4;164.4;164.4;164.4;164.4;164.4;164.4,0.0;0.0;0.0;0.0;0.0;0.0;20.0;40.0;41.0;38.0;37.0;37.0;36.0;36.0;36.0;35.0;35.0;34.0;34.0;34.0;34.0;34.0;34.0;34.0;34.0;33.0;34.0;33.0;34.0;33.0;34.0;33.0;32.0;33.0;32.0;33.0;32.0;32.0
C,20260730_154355,2.0,2026-07-30 15:44:50,120.0,0.0,0.0,0.0,0.0,52.333333333333336,94.0,314.0,,,current pose direct MOVEP lift-hover sample,1742.0,44.0,1210.0,109.0,65.0,0.0,,,,1742.0,-4.0,1233.0,90.0,94.0,0.0,,,,1742.0,-19.0,1368.0,35.0,54.0,0.0,,,,1742.0,17.0,1366.0,55.0,38.0,0.0,,,,1499.0,-1.0,1355.0,32.0,33.0,0.0,,,,1050.0,85.0,916.0,115.0,30.0,0.0,,,,35.0,4.978123371009133,60.714285714285715,62.0,0.8131571126147261,62.0,1.0,309.0571428571429,312.0,1.7228358207635812,310.0,4.0,65.05714285714286,67.0,1.0125740083811057,64.0,-3.0,93.97142857142858,95.0,0.9406901504659616,95.0,2.0,49.94285714285714,51.0,0.4100771455544949,51.0,2.0,39.371428571428574,40.0,0.9587406706035725,38.0,2.0,32.65714285714286,33.0,0.7537660547584526,33.0,0.0,28.057142857142857,29.0,0.23211538298959886,29.0,1.0,37.0,3.3698397620028118,45.291891891891886,49.39999999999999,43.39999999999999,26.021621621621616,34.199999999999996,27.199999999999996,38.8,37.77499999999998,1.1489080079417608,11.278378378378383,11.900000000000006,11.900000000000006,15.513513513513514,19.0,18.0,7.864864864864863,38.8,3.1999999999999993,11.405405405405405,15.0,13.0,16.45405405405405,22.4,18.4,9.567567567567565,12.799999999999997,8.799999999999997,35.8;36.8;38.8;38.8;33.8;2.8;0.2;0.2;0.2;0.2;2.2;2.2;3.2;4.2;4.2;4.2;4.2;4.2;4.2;4.2;4.2;4.2;4.2;4.2;4.2;4.2;4.2;3.2;4.2;3.2;4.2;4.2;4.2;3.2;4.2;3.2;3.2,39.2;39.6;42.2;42.2;46.2;36.0;39.4;43.4;43.4;47.4;48.4;47.4;48.4;49.4;49.4;47.4;47.4;47.4;46.4;46.4;45.4;47.4;46.4;46.4;46.4;46.4;47.4;45.4;46.4;45.4;46.4;47.4;47.4;43.4;44.4;43.4;43.4,hover_last_10,1.0,84.0,7.0,4.0,2.4;1.8;2.4;2.4;10.4;22.2;26.2;30.2;30.2;34.2;33.2;32.2;32.2;32.2;30.2;30.2;30.2;30.2;29.2;29.2;28.2;30.2;29.2;29.2;29.2;29.2;30.2;29.2;29.2;29.2;29.2;30.2;30.2;27.2;27.2;27.2;27.2,9.9;9.9;9.9;9.9;9.9;9.9;9.9;9.9;9.9;10.9;11.9;11.9;9.9;11.9;10.9;11.9;11.9;11.9;10.9;11.9;11.9;11.9;11.9;11.9;11.9;11.9;11.9;11.9;11.9;11.9;11.9;11.9;11.9;11.9;11.9;11.9;11.9,4.0;4.0;3.0;4.0;5.0;3.0;3.0;4.0;16.0;19.0;19.0;19.0;19.0;19.0;19.0;19.0;19.0;19.0;19.0;18.0;19.0;19.0;19.0;19.0;19.0;19.0;19.0;19.0;19.0;19.0;19.0;19.0;19.0;18.0;19.0;18.0;18.0,35.8;36.8;38.8;38.8;33.8;2.8;0.2;0.2;0.2;0.2;2.2;2.2;3.2;4.2;4.2;4.2;4.2;4.2;4.2;4.2;4.2;4.2;4.2;4.2;4.2;4.2;4.2;3.2;4.2;3.2;4.2;4.2;4.2;3.2;4.2;3.2;3.2,1.0;1.0;1.0;1.0;2.0;11.0;13.0;13.0;13.0;13.0;13.0;13.0;13.0;13.0;15.0;13.0;13.0;13.0;13.0;13.0;13.0;13.0;13.0;13.0;13.0;13.0;13.0;13.0;13.0;13.0;13.0;13.0;13.0;13.0;13.0;13.0;13.0,1.6;1.6;1.6;1.6;1.6;17.4;17.4;17.4;18.4;22.4;22.4;20.4;20.4;20.4;19.4;18.4;18.4;18.4;18.4;18.4;18.4;18.4;18.4;18.4;18.4;18.4;18.4;18.4;18.4;18.4;18.4;18.4;18.4;18.4;18.4;18.4;18.4,0.8;0.2;0.8;0.8;8.8;4.8;8.8;12.8;11.8;11.8;10.8;11.8;11.8;11.8;10.8;11.8;11.8;11.8;10.8;10.8;9.8;11.8;10.8;10.8;10.8;10.8;11.8;10.8;10.8;10.8;10.8;11.8;11.8;8.8;8.8;8.8;8.8
C,20260730_154355,3.0,2026-07-30 15:45:08,120.0,1414.0,328.0,1.0,0.0,54.5,91.0,327.0,,,current pose direct MOVEP lift-hover sample,1742.0,43.0,1211.0,127.0,84.0,0.0,,,,1741.0,-4.0,1233.0,87.0,91.0,0.0,,,,1742.0,-21.0,1371.0,31.0,52.0,1.0,1.9100243779976154,1414.0,126.0,1741.0,15.0,1370.0,51.0,36.0,0.0,,,,1499.0,-1.0,1362.0,30.0,31.0,0.0,,,,1048.0,86.0,899.0,119.0,33.0,0.0,,,,36.0,4.985407438012771,61.02777777777778,62.0,0.49922779876698414,61.0,0.0,312.5,317.0,1.6072751268321592,315.0,5.0,65.72222222222223,67.0,0.6916610887771518,64.0,-2.0,93.30555555555556,95.0,0.6155144390600095,95.0,2.0,52.416666666666664,54.0,0.7949493345141213,54.0,3.0,40.02777777777778,41.0,0.28733556757746115,41.0,2.0,30.0,30.0,0.0,30.0,0.0,31.02777777777778,32.0,0.49922779876698414,31.0,0.0,37.0,3.4352495730126975,41.4081081081081,50.3,42.3,23.64864864864865,33.0,28.0,30.5,38.32499999999999,1.1037181996086107,4.654054054054049,6.599999999999994,4.599999999999994,0.9270270270270281,2.0999999999999943,0.9000000000000057,6.851351351351352,30.5,1.5,10.908108108108106,14.799999999999997,12.799999999999997,15.486486486486486,23.0,18.0,8.162162162162161,11.0,10.0,26.5;28.5;28.5;28.5;30.5;28.5;0.5;3.5;3.5;3.5;3.5;3.5;3.5;3.5;3.5;3.5;3.5;3.5;3.5;3.5;2.5;2.5;3.5;2.5;2.5;2.5;2.5;1.5;1.5;2.5;1.5;2.5;2.5;1.5;1.5;1.5;1.5,26.7;28.7;28.7;28.7;30.7;29.3;21.3;42.3;40.3;41.3;45.3;50.3;50.3;47.3;48.3;46.3;46.3;46.3;47.3;47.3;45.3;45.3;45.3;45.3;43.3;42.3;43.3;43.3;41.3;43.3;42.3;44.3;44.3;43.3;42.3;42.3;42.3,hover_last_10,1.0,80.0,6.0,5.0,0.0;0.0;0.0;0.0;0.0;0.0;12.0;27.0;22.0;24.0;28.0;33.0;33.0;30.0;31.0;30.0;30.0;30.0;30.0;30.0;30.0;30.0;30.0;30.0;29.0;28.0;28.0;28.0;28.0;28.0;28.0;28.0;28.0;28.0;28.0;28.0;28.0,4.6;6.6;4.6;4.6;4.6;4.6;4.6;4.6;4.6;4.6;4.6;4.6;4.6;4.6;4.6;4.6;4.6;4.6;4.6;4.6;4.6;4.6;4.6;4.6;4.6;4.6;4.6;4.6;4.6;4.6;4.6;4.6;4.6;4.6;4.6;4.6;4.6,1.1;2.1;2.1;2.1;2.1;1.1;0.9;0.1;0.1;0.1;1.1;1.1;0.1;0.1;0.9;0.9;1.1;0.1;0.9;0.9;0.9;0.9;0.9;0.9;0.9;0.9;0.9;0.9;0.9;0.9;0.9;0.9;0.9;0.9;0.9;0.9;0.9,26.5;28.5;28.5;28.5;30.5;28.5;0.5;3.5;3.5;3.5;3.5;3.5;3.5;3.5;3.5;3.5;3.5;3.5;3.5;3.5;2.5;2.5;3.5;2.5;2.5;2.5;2.5;1.5;1.5;2.5;1.5;2.5;2.5;1.5;1.5;1.5;1.5,0.2;0.2;0.2;0.2;0.2;0.8;8.8;11.8;14.8;13.8;13.8;13.8;13.8;13.8;13.8;12.8;12.8;12.8;13.8;13.8;12.8;12.8;11.8;12.8;11.8;11.8;12.8;13.8;11.8;12.8;12.8;13.8;13.8;13.8;12.8;12.8;12.8,0.0;0.0;0.0;0.0;0.0;0.0;6.0;18.0;16.0;14.0;18.0;23.0;23.0;20.0;20.0;20.0;20.0;20.0;20.0;20.0;20.0;20.0;20.0;20.0;19.0;18.0;18.0;18.0;18.0;18.0;18.0;18.0;18.0;18.0;18.0;18.0;18.0,0.0;0.0;0.0;0.0;0.0;0.0;6.0;9.0;6.0;10.0;10.0;10.0;10.0;10.0;11.0;10.0;10.0;10.0;10.0;10.0;10.0;10.0;10.0;10.0;10.0;10.0;10.0;10.0;10.0;10.0;10.0;10.0;10.0;10.0;10.0;10.0;10.0
C,20260730_154355,4.0,2026-07-30 15:45:25,120.0,1392.0,268.3333333333333,4.0,0.14019134000409395,408.0,754.0,2448.0,,,current pose direct MOVEP lift-hover sample,1739.0,44.0,1240.0,100.0,56.0,0.0,,,,1739.0,-4.0,1245.0,85.0,89.0,0.0,,,,1741.0,-21.0,1383.0,567.0,588.0,1.0,1.741422457009321,1383.0,588.0,1741.0,17.0,1402.0,766.0,749.0,1.0,1.6012311170052271,1419.0,545.0,1499.0,-1.0,1374.0,753.0,754.0,1.0,1.6012311170052271,1374.0,146.0,1050.0,86.0,916.0,298.0,212.0,1.0,1.741422457009321,916.0,212.0,35.0,4.874948513999698,1188.8,1195.0,2.8364968333693388,1185.0,-10.0,2710.2571428571428,2724.0,6.339638823163609,2701.0,-23.0,60.02857142857143,63.0,0.9995917534020515,58.0,-2.0,87.85714285714286,89.0,0.8989790127172728,89.0,2.0,741.5714285714286,749.0,3.5398604838182477,737.0,-12.0,632.0,633.0,0.7559289460184544,632.0,-1.0,906.9142857142857,912.0,2.6335356849835225,903.0,-9.0,281.8857142857143,283.0,0.39795395077668916,282.0,-1.0,40.0,3.4750892629963346,423.875,735.0,408.99999999999994,138.445,251.09999999999997,123.09999999999997,331.4,10.349999999999994,39.5169082125604,3.9650000000000025,5.200000000000003,5.200000000000003,4.1,7.0,4.0,185.72999999999996,331.4,178.39999999999998,99.7,166.5,107.5,118.23499999999997,208.79999999999995,113.79999999999995,20.210000000000008,51.30000000000001,9.300000000000011,0.6;2.6;2.6;2.6;2.6;1.6;95.4;175.4;198.4;184.4;178.4;190.4;255.4;331.4;318.4;304.4;291.4;280.4;272.4;262.4;255.4;248.4;242.4;233.4;225.4;220.4;213.4;206.4;202.4;197.4;193.4;189.4;185.4;183.4;182.4;181.4;180.4;180.4;178.4;178.4,5.0;6.0;6.0;7.0;6.0;4.0;184.0;376.0;460.0;444.0;430.0;453.0;582.0;735.0;728.0;694.0;663.0;638.0;619.0;596.0;581.0;565.0;550.0;530.0;513.0;503.0;487.0;473.0;462.0;453.0;444.0;433.0;426.0;420.0;417.0;416.0;413.0;414.0;410.0;409.0,hover_last_10,1.0,737.0,0.0,5.0,2.9;2.9;2.9;2.9;2.9;1.9;40.1;112.1;159.1;165.1;159.1;163.1;195.1;237.1;251.1;239.1;227.1;217.1;209.1;200.1;194.1;187.1;181.1;173.1;166.1;163.1;156.1;151.1;146.1;143.1;139.1;134.1;131.1;129.1;127.1;127.1;125.1;126.1;124.1;123.1,1.2;1.2;1.2;1.2;1.2;1.2;1.2;1.2;0.2;0.8;1.2;3.2;5.2;5.2;5.2;5.2;5.2;5.2;5.2;5.2;5.2;5.2;5.2;5.2;5.2;5.2;5.2;5.2;5.2;5.2;5.2;5.2;5.2;5.2;5.2;5.2;5.2;4.2;4.2;5.2,0.0;0.0;0.0;0.0;0.0;0.0;4.0;5.0;4.0;4.0;4.0;3.0;4.0;7.0;7.0;7.0;7.0;7.0;7.0;7.0;6.0;6.0;5.0;6.0;4.0;4.0;4.0;4.0;4.0;4.0;4.0;4.0;4.0;4.0;4.0;4.0;4.0;4.0;4.0;4.0,0.6;2.6;2.6;2.6;2.6;1.6;95.4;175.4;198.4;184.4;178.4;190.4;255.4;331.4;318.4;304.4;291.4;280.4;272.4;262.4;255.4;248.4;242.4;233.4;225.4;220.4;213.4;206.4;202.4;197.4;193.4;189.4;185.4;183.4;182.4;181.4;180.4;180.4;178.4;178.4,1.5;0.5;0.5;1.5;0.5;0.5;48.5;88.5;102.5;94.5;92.5;99.5;131.5;166.5;158.5;150.5;144.5;140.5;137.5;133.5;131.5;129.5;126.5;123.5;121.5;119.5;117.5;115.5;113.5;112.5;111.5;109.5;109.5;107.5;107.5;107.5;107.5;107.5;107.5;107.5,1.2;1.2;1.2;1.2;1.2;1.2;15.8;74.8;120.8;130.8;126.8;127.8;149.8;185.8;208.8;200.8;191.8;184.8;178.8;171.8;167.8;162.8;157.8;151.8;146.8;144.8;139.8;135.8;131.8;129.8;126.8;122.8;120.8;118.8;116.8;116.8;115.8;115.8;115.8;113.8,1.7;1.7;1.7;1.7;1.7;0.7;24.3;37.3;38.3;34.3;32.3;35.3;45.3;51.3;42.3;38.3;35.3;32.3;30.3;28.3;26.3;24.3;23.3;21.3;19.3;18.3;16.3;15.3;14.3;13.3;12.3;11.3;10.3;10.3;10.3;10.3;9.3;10.3;8.3;9.3
C,20260730_154355,5.0,2026-07-30 15:45:43,120.0,1386.3333333333333,274.3333333333333,3.0,0.14463667199015617,374.6666666666667,971.0,2248.0,,,current pose direct MOVEP lift-hover sample,1742.0,44.0,1211.0,124.0,80.0,0.0,,,,1741.0,-4.0,1291.0,82.0,86.0,0.0,,,,1742.0,-20.0,1371.0,246.0,266.0,1.0,1.7798321769951144,1371.0,266.0,1741.0,15.0,1410.0,986.0,971.0,1.0,1.6351955050049582,1424.0,590.0,1499.0,-1.0,1364.0,752.0,753.0,1.0,1.6351955050049582,1364.0,215.0,1050.0,87.0,914.0,179.0,92.0,0.0,,,,34.0,4.864196663998882,555.6764705882352,922.0,307.4143324559022,86.0,-836.0,1354.1176470588234,2155.0,649.1393290443206,390.0,-1765.0,68.61764705882354,72.0,1.9854575096161966,71.0,6.0,95.88235294117646,100.0,2.5640582020827494,99.0,8.0,143.41176470588235,294.0,74.54257277361268,64.0,-230.0,490.52941176470586,783.0,280.6183545309429,70.0,-713.0,468.29411764705884,753.0,265.1254452709204,55.0,-698.0,87.38235294117646,169.0,45.26978911181688,31.0,-138.0,39.0,3.439937234012177,101.10256410256412,130.4,93.20000000000002,44.80512820512821,58.0,41.80000000000001,19.5,35.52499999999998,2.623504574243493,0.6128205128205071,2.0999999999999943,0.09999999999999432,16.484615384615378,22.099999999999994,21.099999999999994,14.679487179487179,19.5,13.5,41.61794871794872,53.900000000000006,37.900000000000006,39.784615384615385,56.400000000000006,37.400000000000006,5.020512820512825,7.400000000000006,4.400000000000006,14.5;15.5;16.5;19.5;18.5;18.5;13.5;16.5;15.5;15.5;15.5;15.5;15.5;14.5;14.5;15.5;14.5;14.5;15.5;14.5;13.5;13.5;13.5;14.5;14.5;13.5;14.5;13.5;14.5;13.5;13.5;13.5;12.5;12.5;13.5;13.5;13.5;13.5;13.5,124.4;126.4;128.4;130.4;129.4;130.4;105.2;97.2;101.2;101.2;96.2;96.2;96.2;96.2;95.2;98.2;97.2;97.2;98.2;95.2;96.2;96.2;94.2;96.2;94.2;95.2;95.2;94.2;96.2;94.2;96.2;96.2;94.2;92.2;95.2;96.2;94.2;93.2;93.2,hover_last_10,1.0,80.0,6.0,5.0,56.0;57.0;58.0;57.0;57.0;58.0;51.8;40.8;47.8;47.8;42.8;42.8;42.8;40.8;40.8;42.8;42.8;42.8;42.8;42.8;42.8;42.8;40.8;41.8;40.8;41.8;40.8;41.8;41.8;40.8;42.8;42.8;41.8;40.8;41.8;42.8;40.8;40.8;41.8,2.1;2.1;2.1;2.1;2.1;2.1;2.1;2.1;2.1;2.1;0.1;0.1;0.1;0.1;0.1;0.1;0.1;0.1;0.1;0.1;0.1;0.1;0.1;0.1;0.1;0.1;0.1;0.1;0.1;0.1;0.1;0.1;0.1;0.1;0.1;0.1;0.1;0.1;0.1,4.1;4.1;4.1;4.1;4.1;4.1;2.1;2.1;2.1;3.1;18.1;20.1;21.1;21.1;21.1;21.1;21.1;21.1;21.1;21.1;21.1;21.1;21.1;21.1;21.1;21.1;21.1;21.1;22.1;21.1;21.1;21.1;21.1;21.1;21.1;21.1;21.1;21.1;21.1,14.5;15.5;16.5;19.5;18.5;18.5;13.5;16.5;15.5;15.5;15.5;15.5;15.5;14.5;14.5;15.5;14.5;14.5;15.5;14.5;13.5;13.5;13.5;14.5;14.5;13.5;14.5;13.5;14.5;13.5;13.5;13.5;12.5;12.5;13.5;13.5;13.5;13.5;13.5,53.9;53.9;53.9;53.9;53.9;53.9;39.9;39.9;37.9;37.9;37.9;37.9;37.9;40.9;39.9;39.9;39.9;39.9;39.9;37.9;39.9;39.9;39.9;39.9;38.9;39.9;39.9;38.9;39.9;39.9;39.9;39.9;39.9;38.9;39.9;39.9;39.9;38.9;37.9,54.4;54.4;56.4;55.4;55.4;56.4;47.4;38.4;40.4;40.4;36.4;36.4;36.4;34.4;34.4;36.4;36.4;36.4;36.4;36.4;36.4;36.4;36.4;36.4;36.4;36.4;36.4;36.4;36.4;36.4;36.4;36.4;36.4;36.4;36.4;36.4;36.4;36.4;37.4,1.6;2.6;1.6;1.6;1.6;1.6;4.4;2.4;7.4;7.4;6.4;6.4;6.4;6.4;6.4;6.4;6.4;6.4;6.4;6.4;6.4;6.4;4.4;5.4;4.4;5.4;4.4;5.4;5.4;4.4;6.4;6.4;5.4;4.4;5.4;6.4;4.4;4.4;4.4
C,20260730_154355,6.0,2026-07-30 15:45:58,120.0,1396.0,224.5,2.0,0.0,368.5,1182.0,2211.0,,,current pose direct MOVEP lift-hover sample,1742.0,46.0,1210.0,124.0,78.0,0.0,,,,1741.0,-4.0,1286.0,83.0,87.0,0.0,,,,1742.0,-23.0,1380.0,28.0,51.0,0.0,,,,1742.0,17.0,1414.0,1199.0,1182.0,1.0,1.6000449739949545,1429.0,691.0,1499.0,0.0,1364.0,782.0,782.0,1.0,1.6000449739949545,1363.0,284.0,1050.0,86.0,915.0,117.0,31.0,0.0,,,,31.0,4.985328604991082,820.9677419354839,825.0,2.0237918892074998,818.0,-7.0,2166.064516129032,2176.0,4.478878631770116,2162.0,-14.0,63.225806451612904,65.0,0.8691737796972567,65.0,3.0,87.2258064516129,89.0,0.48921777058397103,88.0,1.0,51.54838709677419,53.0,0.87394949575123,52.0,2.0,1143.0967741935483,1152.0,3.9132103700956775,1139.0,-13.0,790.483870967742,795.0,2.270014462678604,787.0,-8.0,30.483870967741936,31.0,0.6154446460754488,31.0,1.0,19.0,1.67021894500067,644.4999999999999,1482.4999999999998,1482.4999999999998,201.1263157894737,515.6,515.6,228.3,22.5,65.88888888888889,6.052631578947368,12.0,6.0,13.805263157894741,21.700000000000003,7.700000000000003,94.72105263157896,228.3,15.3,348.65263157894725,951.5999999999999,951.5999999999999,131.70526315789473,514.4,514.4,69.42105263157895,190.2,1.2000000000000028,124.3;129.3;156.3;126.3;117.3;114.3;196.3;228.3;202.3;99.3;87.3;66.3;44.3;31.3;21.3;14.3;12.3;13.3;15.3,289.7;309.7;378.7;348.7;328.7;322.7;591.7;685.7;629.7;464.5;565.5;590.5;643.5;694.5;778.5;902.5;1033.1;1205.1;1482.5,hover_last_10,1.0,185.0,2.0,5.0,88.8;95.8;114.8;113.8;104.8;100.8;217.8;241.8;181.8;106.6;165.6;157.6;177.6;194.6;226.6;277.6;335.2;404.2;515.6,0.0;1.0;1.0;4.0;3.0;2.0;12.0;12.0;11.0;12.0;7.0;6.0;6.0;6.0;8.0;6.0;6.0;6.0;6.0,3.7;2.7;17.7;15.7;15.7;16.7;21.7;21.7;19.7;15.7;13.7;13.7;13.7;13.7;13.7;13.7;11.7;9.7;7.7,124.3;129.3;156.3;126.3;117.3;114.3;196.3;228.3;202.3;99.3;87.3;66.3;44.3;31.3;21.3;14.3;12.3;13.3;15.3,76.6;84.6;107.6;108.6;106.6;107.6;177.6;215.6;245.6;258.6;312.6;366.6;421.6;468.6;530.6;610.6;685.6;787.6;951.6,24.6;28.6;30.6;29.6;22.6;19.6;35.6;51.6;30.6;19.4;65.4;90.4;138.4;173.4;215.4;275.4;333.4;403.4;514.4,64.2;67.2;84.2;84.2;82.2;81.2;182.2;190.2;151.2;87.2;100.2;67.2;39.2;21.2;11.2;2.2;1.8;0.8;1.2
C,20260730_154355,7.0,2026-07-30 15:46:16,120.0,0.0,0.0,0.0,0.0,53.833333333333336,98.0,323.0,,,current pose direct MOVEP lift-hover sample,1742.0,44.0,1212.0,124.0,80.0,0.0,,,,1742.0,-5.0,1245.0,93.0,98.0,0.0,,,,1742.0,-21.0,1362.0,30.0,51.0,0.0,,,,1740.0,16.0,1360.0,53.0,37.0,0.0,,,,1499.0,0.0,1372.0,30.0,30.0,0.0,,,,1050.0,87.0,915.0,114.0,27.0,0.0,,,,33.0,4.923706551009673,54.18181818181818,55.0,0.7959954870644664,55.0,1.0,311.1515151515151,314.0,2.618364191179145,313.0,6.0,77.75757575757575,78.0,0.6527472493496368,78.0,0.0,93.21212121212122,94.0,0.945726456625893,94.0,2.0,49.39393939393939,50.0,0.8142441722754183,50.0,2.0,36.60606060606061,37.0,0.7360580485752194,36.0,1.0,27.0,27.0,0.0,27.0,0.0,27.181818181818183,28.0,0.7959954870644664,28.0,1.0,33.0,3.3312125759985065,40.196969696969695,45.300000000000004,39.300000000000004,21.909090909090914,29.400000000000006,24.400000000000006,39.0,40.72500000000002,0.9650092081031303,0.030303030303030304,1.0,0.0,0.30303030303030304,2.0,0.0,5.636363636363637,39.0,0.0,12.65151515151515,14.899999999999999,14.899999999999999,14.424242424242424,20.0,16.0,7.484848484848489,10.400000000000006,8.400000000000006,36.0;38.0;39.0;39.0;22.0;1.0;0.0;0.0;0.0;0.0;0.0;1.0;1.0;1.0;2.0;1.0;0.0;1.0;1.0;0.0;0.0;1.0;1.0;1.0;0.0;0.0;0.0;0.0;0.0;0.0;0.0;0.0;0.0,39.7;40.7;41.7;41.7;36.3;26.3;33.3;38.3;39.3;41.3;40.3;45.3;42.3;42.3;43.3;41.3;41.3;41.3;42.3;41.3;41.3;42.3;41.3;40.3;41.3;41.3;41.3;41.3;39.3;39.3;39.3;39.3;39.3,hover_last_10,1.0,84.0,8.0,4.0,1.6;1.6;1.6;1.6;9.4;15.4;20.4;23.4;24.4;26.4;26.4;29.4;26.4;26.4;26.4;26.4;26.4;26.4;26.4;26.4;26.4;26.4;25.4;24.4;26.4;26.4;26.4;26.4;24.4;24.4;24.4;24.4;24.4,0.0;0.0;0.0;0.0;0.0;0.0;0.0;0.0;0.0;0.0;0.0;0.0;0.0;0.0;0.0;0.0;0.0;0.0;0.0;0.0;0.0;0.0;0.0;0.0;0.0;0.0;0.0;0.0;0.0;0.0;0.0;1.0;0.0,1.0;1.0;1.0;1.0;0.0;0.0;0.0;0.0;0.0;1.0;0.0;0.0;2.0;2.0;0.0;1.0;0.0;0.0;0.0;0.0;0.0;0.0;0.0;0.0;0.0;0.0;0.0;0.0;0.0;0.0;0.0;0.0;0.0,36.0;38.0;39.0;39.0;22.0;1.0;0.0;0.0;0.0;0.0;0.0;1.0;1.0;1.0;2.0;1.0;0.0;1.0;1.0;0.0;0.0;1.0;1.0;1.0;0.0;0.0;0.0;0.0;0.0;0.0;0.0;0.0;0.0,2.1;1.1;1.1;1.1;4.9;9.9;12.9;14.9;14.9;14.9;13.9;14.9;14.9;14.9;14.9;13.9;14.9;13.9;14.9;14.9;14.9;14.9;14.9;14.9;14.9;14.9;14.9;14.9;14.9;14.9;14.9;14.9;14.9,0.0;0.0;0.0;0.0;0.0;11.0;16.0;14.0;14.0;18.0;18.0;20.0;18.0;18.0;18.0;18.0;18.0;18.0;18.0;18.0;18.0;18.0;17.0;16.0;18.0;18.0;18.0;18.0;16.0;16.0;16.0;16.0;16.0,1.6;1.6;1.6;1.6;9.4;4.4;4.4;9.4;10.4;8.4;8.4;9.4;8.4;8.4;8.4;8.4;8.4;8.4;8.4;8.4;8.4;8.4;8.4;8.4;8.4;8.4;8.4;8.4;8.4;8.4;8.4;8.4;8.4
C,20260730_154355,8.0,2026-07-30 15:46:34,120.0,0.0,0.0,0.0,0.0,53.0,92.0,318.0,,,current pose direct MOVEP lift-hover sample,1742.0,45.0,1213.0,127.0,82.0,0.0,,,,1742.0,-4.0,1234.0,88.0,92.0,0.0,,,,1742.0,-23.0,1377.0,30.0,53.0,0.0,,,,1741.0,17.0,1370.0,52.0,35.0,0.0,,,,1499.0,0.0,1377.0,29.0,29.0,0.0,,,,1050.0,88.0,915.0,115.0,27.0,0.0,,,,35.0,4.884941338998033,51.65714285714286,53.0,0.7148569144683888,52.0,-1.0,299.2857142857143,303.0,1.4846149779161804,299.0,0.0,63.4,64.0,0.834950811211569,64.0,0.0,92.57142857142857,93.0,0.7284313590846836,93.0,2.0,52.8,54.0,0.8211490207542808,52.0,-1.0,38.857142857142854,40.0,0.8666143364630343,38.0,0.0,25.2,27.0,0.5237229365663817,25.0,-2.0,26.457142857142856,27.0,0.6020373573058708,27.0,1.0,38.0,3.434876824991079,38.16842105263158,42.900000000000006,37.900000000000006,21.826315789473686,28.400000000000006,24.400000000000006,31.0,38.32499999999999,0.9889106327462496,0.8421052631578947,1.5,0.5,0.5526315789473685,2.0,0.0,5.657894736842105,31.0,1.0,10.68421052631579,13.5,12.5,14.578947368421053,20.0,16.0,7.247368421052635,10.400000000000006,8.400000000000006,27.0;29.0;29.0;31.0;31.0;31.0;1.0;1.0;1.0;1.0;0.0;1.0;1.0;0.0;1.0;2.0;2.0;1.0;2.0;2.0;2.0;2.0;2.0;1.0;1.0;1.0;1.0;1.0;1.0;1.0;1.0;1.0;1.0;1.0;1.0;1.0;1.0;1.0,31.1;33.1;33.1;35.1;35.1;33.1;18.9;37.9;31.9;38.9;37.9;41.9;39.9;36.9;41.9;42.9;42.9;39.9;40.9;40.9;40.9;40.9;40.9;39.9;39.9;39.9;39.9;39.9;39.9;39.9;39.9;39.9;39.9;39.9;39.9;38.9;37.9;37.9,hover_last_10,1.0,80.0,6.0,5.0,0.6;1.6;1.6;1.6;1.6;0.6;11.4;26.4;20.4;25.4;25.4;28.4;26.4;24.4;28.4;28.4;28.4;26.4;26.4;26.4;26.4;26.4;26.4;26.4;26.4;26.4;26.4;26.4;26.4;26.4;26.4;26.4;26.4;26.4;26.4;24.4;24.4;24.4,0.5;0.5;0.5;0.5;0.5;1.5;1.5;1.5;1.5;1.5;0.5;1.5;1.5;0.5;1.5;1.5;0.5;1.5;1.5;0.5;1.5;0.5;0.5;1.5;0.5;0.5;0.5;0.5;0.5;0.5;0.5;0.5;0.5;0.5;0.5;0.5;0.5;0.5,0.0;0.0;0.0;0.0;1.0;0.0;0.0;1.0;2.0;1.0;1.0;2.0;2.0;2.0;1.0;2.0;2.0;2.0;2.0;0.0;0.0;0.0;0.0;0.0;0.0;0.0;0.0;0.0;0.0;0.0;0.0;0.0;0.0;0.0;0.0;0.0;0.0;0.0,27.0;29.0;29.0;31.0;31.0;31.0;1.0;1.0;1.0;1.0;0.0;1.0;1.0;0.0;1.0;2.0;2.0;1.0;2.0;2.0;2.0;2.0;2.0;1.0;1.0;1.0;1.0;1.0;1.0;1.0;1.0;1.0;1.0;1.0;1.0;1.0;1.0;1.0,3.5;2.5;2.5;2.5;2.5;1.5;6.5;10.5;10.5;12.5;12.5;12.5;12.5;12.5;12.5;12.5;12.5;12.5;12.5;12.5;12.5;12.5;12.5;12.5;12.5;12.5;12.5;12.5;12.5;12.5;12.5;12.5;12.5;12.5;12.5;13.5;12.5;12.5,0.0;0.0;0.0;0.0;0.0;0.0;7.0;16.0;15.0;15.0;16.0;19.0;18.0;16.0;20.0;20.0;20.0;18.0;18.0;18.0;18.0;18.0;18.0;18.0;18.0;18.0;18.0;18.0;18.0;18.0;18.0;18.0;18.0;18.0;18.0;16.0;16.0;16.0,0.6;1.6;1.6;1.6;1.6;0.6;4.4;10.4;5.4;10.4;9.4;9.4;8.4;8.4;8.4;8.4;8.4;8.4;8.4;8.4;8.4;8.4;8.4;8.4;8.4;8.4;8.4;8.4;8.4;8.4;8.4;8.4;8.4;8.4;8.4;8.4;8.4;8.4
C,20260730_154355,9.0,2026-07-30 15:46:53,120.0,0.0,0.0,0.0,0.0,52.333333333333336,93.0,314.0,,,current pose direct MOVEP lift-hover sample,1742.0,45.0,1212.0,124.0,79.0,0.0,,,,1741.0,-4.0,1233.0,89.0,93.0,0.0,,,,1742.0,-22.0,1370.0,29.0,51.0,0.0,,,,1741.0,17.0,1369.0,51.0,34.0,0.0,,,,1499.0,0.0,1377.0,29.0,29.0,0.0,,,,1050.0,87.0,915.0,115.0,28.0,0.0,,,,35.0,4.929681303008692,52.08571428571429,53.0,0.8741176309016202,53.0,2.0,299.6857142857143,303.0,1.8939215336201771,303.0,6.0,62.77142857142857,64.0,0.8647283400240889,64.0,2.0,94.94285714285714,96.0,0.33319725113401716,96.0,1.0,51.4,53.0,0.7250615737399726,52.0,1.0,38.48571428571429,40.0,0.7317856271351827,38.0,0.0,25.0,25.0,0.0,25.0,0.0,27.085714285714285,28.0,0.8741176309016202,28.0,2.0,32.0,3.410078868007986,40.46875,45.7,41.7,22.46875,32.0,28.0,38.6,38.625,1.079611650485437,0.587499999999995,0.5999999999999943,0.4000000000000057,0.18749999999999467,2.0999999999999943,0.09999999999999432,7.21875,38.6,0.6000000000000014,10.78125,15.100000000000001,13.100000000000001,14.40625,22.0,18.0,8.0625,11.0,10.0,33.6;34.6;35.6;38.6;36.6;36.6;2.6;0.4;0.6;0.6;0.6;0.6;0.6;0.6;0.6;1.4;0.4;0.4;0.4;0.4;0.4;0.4;0.4;0.4;0.4;0.4;0.4;0.4;0.4;0.4;0.6;0.6,36.5;36.5;38.5;42.5;39.5;37.5;24.7;38.5;37.7;37.7;39.7;43.7;41.7;41.7;45.7;44.5;43.5;44.5;43.5;41.5;41.5;40.5;41.5;40.5;40.5;41.5;41.5;41.5;41.5;41.5;41.7;41.7,hover_last_10,1.0,83.0,7.0,5.0,2.0;1.0;2.0;2.0;1.0;0.0;13.0;27.0;23.0;24.0;26.0;30.0;28.0;28.0;32.0;30.0;30.0;29.0;30.0;28.0;28.0;27.0;28.0;27.0;27.0;28.0;28.0;28.0;28.0;28.0;28.0;28.0,0.6;0.6;0.6;0.6;0.6;0.6;0.6;0.6;0.6;0.6;0.6;0.6;0.6;0.6;0.6;0.6;0.6;0.6;0.6;0.6;0.6;0.6;0.6;0.6;0.6;0.6;0.6;0.6;0.6;0.6;0.4;0.4,0.1;0.1;0.1;0.1;0.1;2.1;0.1;0.1;0.1;0.1;0.1;0.1;0.1;0.1;0.1;0.1;0.1;0.1;0.1;0.1;0.1;0.1;0.1;0.1;0.1;0.1;0.1;0.1;0.1;0.1;0.9;0.1,33.6;34.6;35.6;38.6;36.6;36.6;2.6;0.4;0.6;0.6;0.6;0.6;0.6;0.6;0.6;1.4;0.4;0.4;0.4;0.4;0.4;0.4;0.4;0.4;0.4;0.4;0.4;0.4;0.4;0.4;0.6;0.6,0.9;0.9;0.9;1.9;1.9;0.9;9.1;11.1;14.1;13.1;13.1;13.1;13.1;13.1;13.1;13.1;13.1;15.1;13.1;13.1;13.1;13.1;13.1;13.1;13.1;13.1;13.1;13.1;13.1;13.1;13.1;13.1,0.0;0.0;0.0;0.0;0.0;0.0;8.0;16.0;15.0;14.0;16.0;20.0;18.0;18.0;22.0;20.0;20.0;20.0;20.0;18.0;18.0;18.0;18.0;18.0;18.0;18.0;18.0;18.0;18.0;18.0;18.0;18.0,2.0;1.0;2.0;2.0;1.0;0.0;5.0;11.0;8.0;10.0;10.0;10.0;10.0;10.0;10.0;10.0;10.0;9.0;10.0;10.0;10.0;9.0;10.0;9.0;9.0;10.0;10.0;10.0;10.0;10.0;10.0;10.0
