timestamp,csv,result
2026-07-26T18:20:12,hand_grasp_probe_fast_threshold300_001.csv,success
2026-07-26T18:20:54,hand_grasp_probe_fast_threshold300_002.csv,success
2026-07-26T18:21:40,hand_grasp_probe_fast_threshold300_003.csv,success
2026-07-26T18:22:20,hand_grasp_probe_fast_threshold300_004.csv,success
2026-07-26T18:23:18,hand_grasp_probe_fast_threshold300_005.csv,success
2026-07-26T18:23:58,hand_grasp_probe_fast_threshold300_006.csv,fail
2026-07-26T18:24:37,hand_grasp_probe_fast_threshold300_007.csv,fail
2026-07-26T18:26:43,hand_grasp_probe_fast_threshold300_008.csv,fail
"{'little': 896.0, 'ring': 896.0, 'middle': 897.0, 'index': 896.0, 'thumb_bend': 1451.0, 'thumb_swing': 1713.0}","{'little': 327.0, 'ring': 261.0, 'middle': 285.0, 'index': 267.0, 'thumb_bend': 0.0, 'thumb_swing': 0.0}","[0.089, 46.493, -45.697, 0.0, 44.029, 10.701]","{""ee.x"": 160.976, ""ee.y"": 0.25, ""ee.z"": 333.382, ""ee.rx"": 167.447, ""ee.ry"": 48.993, ""ee.rz"": 163.65}","{""label"": ""unknown"", ""trial_id"": ""20260814_211824"", ""repeat_index"": 0, ""baseline_angles"": {""little"": 1599.0, ""ring"": 1598.0, ""middle"": 1598.0, ""index"": 1599.0, ""thumb_bend"": 1468.0, ""thumb_swing"": 1050.0}, ""baseline_forces"": {""little"": 62.0, ""ring"": 16.0, ""middle"": 63.0, ""index"": 31.0, ""thumb_bend"": -7.0, ""thumb_swing"": 54.0}, ""frames"": [""TouchFrame(elapsed_s=0.18104725100056385, angles={'little': 1591.0, 'ring': 1598.0, 'middle': 1599.0, 'index': 1599.0, 'thumb_bend': 1468.0, 'thumb_swing': 1029.0}, forces={'little': 70.0, 'ring': 18.0, 'middle': 64.0, 'index': 31.0, 'thumb_bend': -5.0, 'thumb_swing': 61.0}, tactile={'fingers': {'little': {'normal': 0.0, 'tangential': 0.0, 'angle': 65535.0, 'proximity': 0.0}, 'ring': {'normal': 17.0, 'tangential': 48.0, 'angle': 84.0, 'proximity': 0.0}, 'middle': {'normal': 0.0, 'tangential': 0.0, 'angle': 65535.0, 'proximity': 0.0}, 'index': {'normal': 0.0, 'tangential': 0.0, 'angle': 65535.0, 'proximity': 196608.0}, 'thumb': {'normal': 0.0, 'tangential': 0.0, 'angle': 65535.0, 'proximity': 0.0}}, 'palm': {'palm_1': 0.0, 'palm_2': 0.0, 'palm_3': 65535.0, 'palm_4': 0.0, 'palm_5': 0.0, 'palm_6': 65535.0, 'palm_7': 0.0, 'palm_8': 0.0, 'palm_9': 65535.0}})"", ""TouchFrame(elapsed_s=0.3641603320002105, angles={'little': 1524.0, 'ring': 1591.0, 'middle': 1599.0, 'index': 1599.0, 'thumb_bend': 1466.0, 'thumb_swing': 980.0}, forces={'little': 77.0, 'ring': 104.0, 'middle': 55.0, 'index': 26.0, 'thumb_bend': -4.0, 'thumb_swing': 79.0}, tactile={'fingers': {'little': {'normal': 0.0, 'tangential': 0.0, 'angle': 65535.0, 'proximity': 0.0}, 'ring': {'normal': 17.0, 'tangential': 48.0, 'angle': 85.0, 'proximity': 0.0}, 'middle': {'normal': 0.0, 'tangential': 0.0, 'angle': 65535.0, 'proximity': 0.0}, 'index': {'normal': 0.0, 'tangential': 0.0, 'angle': 65535.0, 'proximity': 524288.0}, 'thumb': {'normal': 0.0, 'tangential': 0.0, 'angle': 65535.0, 'proximity': 0.0}}, 'palm': {'palm_1': 0.0, 'palm_2': 0.0, 'palm_3': 65535.0, 'palm_4': 0.0, 'palm_5': 0.0, 'palm_6': 65535.0, 'palm_7': 0.0, 'palm_8': 0.0, 'palm_9': 65535.0}})"", ""TouchFrame(elapsed_s=0.5456386810001277, angles={'little': 1464.0, 'ring': 1525.0, 'middle': 1588.0, 'index': 1588.0, 'thumb_bend': 1430.0, 'thumb_swing': 928.0}, forces={'little': 82.0, 'ring': 42.0, 'middle': 245.0, 'index': 44.0, 'thumb_bend': 11.0, 'thumb_swing': 81.0}, tactile={'fingers': {'little': {'normal': 0.0, 'tangential': 0.0, 'angle': 65535.0, 'proximity': 0.0}, 'ring': {'normal': 18.0, 'tangential': 49.0, 'angle': 85.0, 'proximity': 0.0}, 'middle': {'normal': 0.0, 'tangential': 0.0, 'angle': 65535.0, 'proximity': 0.0}, 'index': {'normal': 0.0, 'tangential': 0.0, 'angle': 65535.0, 'proximity': 0.0}, 'thumb': {'normal': 0.0, 'tangential': 0.0, 'angle': 65535.0, 'proximity': 65536.0}}, 'palm': {'palm_1': 0.0, 'palm_2': 0.0, 'palm_3': 65535.0, 'palm_4': 0.0, 'palm_5': 0.0, 'palm_6': 65535.0, 'palm_7': 0.0, 'palm_8': 0.0, 'palm_9': 65535.0}})"", ""TouchFrame(elapsed_s=0.7285892950003472, angles={'little': 1406.0, 'ring': 1472.0, 'middle': 1549.0, 'index': 1545.0, 'thumb_bend': 1405.0, 'thumb_swing': 913.0}, forces={'little': 90.0, 'ring': 45.0, 'middle': 542.0, 'index': 30.0, 'thumb_bend': 40.0, 'thumb_swing': 90.0}, tactile={'fingers': {'little': {'normal': 0.0, 'tangential': 0.0, 'angle': 65535.0, 'proximity': 0.0}, 'ring': {'normal': 17.0, 'tangential': 49.0, 'angle': 86.0, 'proximity': 0.0}, 'middle': {'normal': 0.0, 'tangential': 0.0, 'angle': 65535.0, 'proximity': 0.0}, 'index': {'normal': 0.0, 'tangential': 0.0, 'angle': 65535.0, 'proximity': 262144.0}, 'thumb': {'normal': 0.0, 'tangential': 0.0, 'angle': 65535.0, 'proximity': 131072.0}}, 'palm': {'palm_1': 0.0, 'palm_2': 0.0, 'palm_3': 65535.0, 'palm_4': 0.0, 'palm_5': 0.0, 'palm_6': 65535.0, 'palm_7': 0.0, 'palm_8': 0.0, 'palm_9': 65535.0}})"", ""TouchFrame(elapsed_s=0.910147421000147, angles={'little': 1350.0, 'ring': 1417.0, 'middle': 1505.0, 'index': 1517.0, 'thumb_bend': 1380.0, 'thumb_swing': 913.0}, forces={'little': 96.0, 'ring': 51.0, 'middle': 546.0, 'index': 1110.0, 'thumb_bend': 701.0, 'thumb_swing': 72.0}, tactile={'fingers': {'little': {'normal': 0.0, 'tangential': 0.0, 'angle': 65535.0, 'proximity': 0.0}, 'ring': {'normal': 17.0, 'tangential': 49.0, 'angle': 85.0, 'proximity': 0.0}, 'middle': {'normal': 0.0, 'tangential': 0.0, 'angle': 65535.0, 'proximity': 0.0}, 'index': {'normal': 728.0, 'tangential': 198.0, 'angle': 40.0, 'proximity': 1245184.0}, 'thumb': {'normal': 2.0, 'tangential': 4.0, 'angle': 187.0, 'proximity': 393216.0}}, 'palm': {'palm_1': 0.0, 'palm_2': 0.0, 'palm_3': 65535.0, 'palm_4': 0.0, 'palm_5': 0.0, 'palm_6': 65535.0, 'palm_7': 0.0, 'palm_8': 0.0, 'palm_9': 65535.0}})""], ""hover_frames"": [""TouchFrame(elapsed_s=0.06057871000029991, angles={'little': 1302.0, 'ring': 1379.0, 'middle': 1482.0, 'index': 1511.0, 'thumb_bend': 1369.0, 'thumb_swing': 913.0}, forces={'little': 104.0, 'ring': 51.0, 'middle': 494.0, 'index': 1265.0, 'thumb_bend': 1677.0, 'thumb_swing': 153.0}, tactile={'fingers': {'little': {'normal': 0.0, 'tangential': 0.0, 'angle': 65535.0, 'proximity': 0.0}, 'ring': {'normal': 18.0, 'tangential': 49.0, 'angle': 84.0, 'proximity': 0.0}, 'middle': {'normal': 33.0, 'tangential': 18.0, 'angle': 348.0, 'proximity': 65536.0}, 'index': {'normal': 1264.0, 'tangential': 159.0, 'angle': 115.0, 'proximity': 2818048.0}, 'thumb': {'normal': 11.0, 'tangential': 18.0, 'angle': 156.0, 'proximity': 851968.0}}, 'palm': {'palm_1': 0.0, 'palm_2': 0.0, 'palm_3': 65535.0, 'palm_4': 0.0, 'palm_5': 0.0, 'palm_6': 65535.0, 'palm_7': 1.0, 'palm_8': 6.0, 'palm_9': 32.0}})"", ""TouchFrame(elapsed_s=0.24334413100041274, angles={'little': 1303.0, 'ring': 1380.0, 'middle': 1482.0, 'index': 1511.0, 'thumb_bend': 1369.0, 'thumb_swing': 913.0}, forces={'little': 103.0, 'ring': 51.0, 'middle': 493.0, 'index': 1262.0, 'thumb_bend': 1676.0, 'thumb_swing': 153.0}, tactile={'fingers': {'little': {'normal': 0.0, 'tangential': 0.0, 'angle': 65535.0, 'proximity': 0.0}, 'ring': {'normal': 17.0, 'tangential': 49.0, 'angle': 84.0, 'proximity': 0.0}, 'middle': {'normal': 33.0, 'tangential': 18.0, 'angle': 352.0, 'proximity': 65536.0}, 'index': {'normal': 1265.0, 'tangential': 159.0, 'angle': 115.0, 'proximity': 2818048.0}, 'thumb': {'normal': 11.0, 'tangential': 18.0, 'angle': 156.0, 'proximity': 851968.0}}, 'palm': {'palm_1': 0.0, 'palm_2': 0.0, 'palm_3': 65535.0, 'palm_4': 0.0, 'palm_5': 0.0, 'palm_6': 65535.0, 'palm_7': 1.0, 'palm_8': 6.0, 'palm_9': 32.0}})"", ""TouchFrame(elapsed_s=0.4251800069996534, angles={'little': 1302.0, 'ring': 1379.0, 'middle': 1482.0, 'index': 1511.0, 'thumb_bend': 1369.0, 'thumb_swing': 913.0}, forces={'little': 104.0, 'ring': 51.0, 'middle': 493.0, 'index': 1262.0, 'thumb_bend': 1674.0, 'thumb_swing': 153.0}, tactile={'fingers': {'little': {'normal': 0.0, 'tangential': 0.0, 'angle': 65535.0, 'proximity': 0.0}, 'ring': {'normal': 18.0, 'tangential': 49.0, 'angle': 84.0, 'proximity': 0.0}, 'middle': {'normal': 33.0, 'tangential': 19.0, 'angle': 351.0, 'proximity': 65536.0}, 'index': {'normal': 1265.0, 'tangential': 160.0, 'angle': 114.0, 'proximity': 3014656.0}, 'thumb': {'normal': 11.0, 'tangential': 18.0, 'angle': 157.0, 'proximity': 851968.0}}, 'palm': {'palm_1': 0.0, 'palm_2': 0.0, 'palm_3': 65535.0, 'palm_4': 0.0, 'palm_5': 0.0, 'palm_6': 65535.0, 'palm_7': 1.0, 'palm_8': 6.0, 'palm_9': 33.0}})"", ""TouchFrame(elapsed_s=0.6077929849998327, angles={'little': 1303.0, 'ring': 1379.0, 'middle': 1482.0, 'index': 1511.0, 'thumb_bend': 1369.0, 'thumb_swing': 913.0}, forces={'little': 104.0, 'ring': 51.0, 'middle': 493.0, 'index': 1261.0, 'thumb_bend': 1672.0, 'thumb_swing': 152.0}, tactile={'fingers': {'little': {'normal': 0.0, 'tangential': 0.0, 'angle': 65535.0, 'proximity': 0.0}, 'ring': {'normal': 18.0, 'tangential': 49.0, 'angle': 84.0, 'proximity': 0.0}, 'middle': {'normal': 34.0, 'tangential': 19.0, 'angle': 350.0, 'proximity': 65536.0}, 'index': {'normal': 1266.0, 'tangential': 160.0, 'angle': 115.0, 'proximity': 2949120.0}, 'thumb': {'normal': 11.0, 'tangential': 18.0, 'angle': 156.0, 'proximity': 851968.0}}, 'palm': {'palm_1': 0.0, 'palm_2': 0.0, 'palm_3': 65535.0, 'palm_4': 0.0, 'palm_5': 0.0, 'palm_6': 65535.0, 'palm_7': 1.0, 'palm_8': 6.0, 'palm_9': 32.0}})"", ""TouchFrame(elapsed_s=0.790093108000292, angles={'little': 1302.0, 'ring': 1379.0, 'middle': 1482.0, 'index': 1511.0, 'thumb_bend': 1369.0, 'thumb_swing': 913.0}, forces={'little': 104.0, 'ring': 51.0, 'middle': 493.0, 'index': 1261.0, 'thumb_bend': 1672.0, 'thumb_swing': 153.0}, tactile={'fingers': {'little': {'normal': 0.0, 'tangential': 0.0, 'angle': 65535.0, 'proximity': 0.0}, 'ring': {'normal': 18.0, 'tangential': 49.0, 'angle': 85.0, 'proximity': 0.0}, 'middle': {'normal': 34.0, 'tangential': 19.0, 'angle': 349.0, 'proximity': 65536.0}, 'index': {'normal': 1266.0, 'tangential': 159.0, 'angle': 114.0, 'proximity': 3014656.0}, 'thumb': {'normal': 11.0, 'tangential': 18.0, 'angle': 157.0, 'proximity': 851968.0}}, 'palm': {'palm_1': 0.0, 'palm_2': 0.0, 'palm_3': 65535.0, 'palm_4': 0.0, 'palm_5': 0.0, 'palm_6': 65535.0, 'palm_7': 1.0, 'palm_8': 6.0, 'palm_9': 32.0}})"", ""TouchFrame(elapsed_s=0.9712861480002175, angles={'little': 1302.0, 'ring': 1380.0, 'middle': 1482.0, 'index': 1511.0, 'thumb_bend': 1369.0, 'thumb_swing': 913.0}, forces={'little': 104.0, 'ring': 51.0, 'middle': 493.0, 'index': 1260.0, 'thumb_bend': 1670.0, 'thumb_swing': 153.0}, tactile={'fingers': {'little': {'normal': 0.0, 'tangential': 0.0, 'angle': 65535.0, 'proximity': 0.0}, 'ring': {'normal': 18.0, 'tangential': 49.0, 'angle': 84.0, 'proximity': 0.0}, 'middle': {'normal': 34.0, 'tangential': 18.0, 'angle': 350.0, 'proximity': 65536.0}, 'index': {'normal': 1267.0, 'tangential': 160.0, 'angle': 114.0, 'proximity': 2883584.0}, 'thumb': {'normal': 11.0, 'tangential': 18.0, 'angle': 156.0, 'proximity': 851968.0}}, 'palm': {'palm_1': 0.0, 'palm_2': 0.0, 'palm_3': 65535.0, 'palm_4': 0.0, 'palm_5': 0.0, 'palm_6': 65535.0, 'palm_7': 1.0, 'palm_8': 6.0, 'palm_9': 32.0}})"", ""TouchFrame(elapsed_s=1.154088323999531, angles={'little': 1302.0, 'ring': 1379.0, 'middle': 1482.0, 'index': 1511.0, 'thumb_bend': 1369.0, 'thumb_swing': 913.0}, forces={'little': 104.0, 'ring': 51.0, 'middle': 493.0, 'index': 1259.0, 'thumb_bend': 1668.0, 'thumb_swing': 152.0}, tactile={'fingers': {'little': {'normal': 0.0, 'tangential': 0.0, 'angle': 65535.0, 'proximity': 0.0}, 'ring': {'normal': 18.0, 'tangential': 49.0, 'angle': 84.0, 'proximity': 0.0}, 'middle': {'normal': 34.0, 'tangential': 19.0, 'angle': 350.0, 'proximity': 65536.0}, 'index': {'normal': 1267.0, 'tangential': 160.0, 'angle': 114.0, 'proximity': 2686976.0}, 'thumb': {'normal': 11.0, 'tangential': 18.0, 'angle': 156.0, 'proximity': 851968.0}}, 'palm': {'palm_1': 0.0, 'palm_2': 0.0, 'palm_3': 65535.0, 'palm_4': 0.0, 'palm_5': 0.0, 'palm_6': 65535.0, 'palm_7': 1.0, 'palm_8': 6.0, 'palm_9': 32.0}})"", ""TouchFrame(elapsed_s=1.3353417329999502, angles={'little': 1302.0, 'ring': 1379.0, 'middle': 1482.0, 'index': 1511.0, 'thumb_bend': 1369.0, 'thumb_swing': 913.0}, forces={'little': 104.0, 'ring': 51.0, 'middle': 493.0, 'index': 1259.0, 'thumb_bend': 1668.0, 'thumb_swing': 153.0}, tactile={'fingers': {'little': {'normal': 0.0, 'tangential': 0.0, 'angle': 65535.0, 'proximity': 0.0}, 'ring': {'normal': 17.0, 'tangential': 48.0, 'angle': 86.0, 'proximity': 0.0}, 'middle': {'normal': 34.0, 'tangential': 19.0, 'angle': 351.0, 'proximity': 65536.0}, 'index': {'normal': 1267.0, 'tangential': 159.0, 'angle': 114.0, 'proximity': 3014656.0}, 'thumb': {'normal': 11.0, 'tangential': 18.0, 'angle': 155.0, 'proximity': 851968.0}}, 'palm': {'palm_1': 0.0, 'palm_2': 0.0, 'palm_3': 65535.0, 'palm_4': 0.0, 'palm_5': 0.0, 'palm_6': 65535.0, 'palm_7': 1.0, 'palm_8': 6.0, 'palm_9': 32.0}})"", ""TouchFrame(elapsed_s=1.5175467660001232, angles={'little': 1302.0, 'ring': 1379.0, 'middle': 1482.0, 'index': 1511.0, 'thumb_bend': 1369.0, 'thumb_swing': 913.0}, forces={'little': 104.0, 'ring': 51.0, 'middle': 492.0, 'index': 1258.0, 'thumb_bend': 1666.0, 'thumb_swing': 153.0}, tactile={'fingers': {'little': {'normal': 0.0, 'tangential': 0.0, 'angle': 65535.0, 'proximity': 0.0}, 'ring': {'normal': 18.0, 'tangential': 49.0, 'angle': 85.0, 'proximity': 0.0}, 'middle': {'normal': 34.0, 'tangential': 20.0, 'angle': 352.0, 'proximity': 65536.0}, 'index': {'normal': 1268.0, 'tangential': 159.0, 'angle': 114.0, 'proximity': 3080192.0}, 'thumb': {'normal': 11.0, 'tangential': 18.0, 'angle': 156.0, 'proximity': 851968.0}}, 'palm': {'palm_1': 0.0, 'palm_2': 0.0, 'palm_3': 65535.0, 'palm_4': 0.0, 'palm_5': 0.0, 'palm_6': 65535.0, 'palm_7': 1.0, 'palm_8': 6.0, 'palm_9': 32.0}})"", ""TouchFrame(elapsed_s=1.699780087000363, angles={'little': 1303.0, 'ring': 1380.0, 'middle': 1482.0, 'index': 1511.0, 'thumb_bend': 1369.0, 'thumb_swing': 913.0}, forces={'little': 104.0, 'ring': 51.0, 'middle': 491.0, 'index': 1257.0, 'thumb_bend': 1666.0, 'thumb_swing': 153.0}, tactile={'fingers': {'little': {'normal': 0.0, 'tangential': 0.0, 'angle': 65535.0, 'proximity': 0.0}, 'ring': {'normal': 18.0, 'tangential': 49.0, 'angle': 84.0, 'proximity': 0.0}, 'middle': {'normal': 35.0, 'tangential': 19.0, 'angle': 352.0, 'proximity': 65536.0}, 'index': {'normal': 1268.0, 'tangential': 160.0, 'angle': 114.0, 'proximity': 2815991.0}, 'thumb': {'normal': 11.0, 'tangential': 19.0, 'angle': 156.0, 'proximity': 851968.0}}, 'palm': {'palm_1': 0.0, 'palm_2': 0.0, 'palm_3': 65535.0, 'palm_4': 0.0, 'palm_5': 0.0, 'palm_6': 65535.0, 'palm_7': 1.0, 'palm_8': 6.0, 'palm_9': 32.0}})"", ""TouchFrame(elapsed_s=1.8807681389998834, angles={'little': 1302.0, 'ring': 1379.0, 'middle': 1482.0, 'index': 1511.0, 'thumb_bend': 1369.0, 'thumb_swing': 913.0}, forces={'little': 104.0, 'ring': 52.0, 'middle': 492.0, 'index': 1257.0, 'thumb_bend': 1665.0, 'thumb_swing': 152.0}, tactile={'fingers': {'little': {'normal': 0.0, 'tangential': 0.0, 'angle': 65535.0, 'proximity': 0.0}, 'ring': {'normal': 18.0, 'tangential': 49.0, 'angle': 85.0, 'proximity': 0.0}, 'middle': {'normal': 35.0, 'tangential': 20.0, 'angle': 350.0, 'proximity': 65536.0}, 'index': {'normal': 1269.0, 'tangential': 160.0, 'angle': 114.0, 'proximity': 3014656.0}, 'thumb': {'normal': 11.0, 'tangential': 19.0, 'angle': 154.0, 'proximity': 851968.0}}, 'palm': {'palm_1': 0.0, 'palm_2': 0.0, 'palm_3': 65535.0, 'palm_4': 0.0, 'palm_5': 0.0, 'palm_6': 65535.0, 'palm_7': 1.0, 'palm_8': 6.0, 'palm_9': 32.0}})"", ""TouchFrame(elapsed_s=2.0635261670004184, angles={'little': 1302.0, 'ring': 1379.0, 'middle': 1482.0, 'index': 1511.0, 'thumb_bend': 1369.0, 'thumb_swing': 913.0}, forces={'little': 104.0, 'ring': 51.0, 'middle': 491.0, 'index': 1257.0, 'thumb_bend': 1665.0, 'thumb_swing': 152.0}, tactile={'fingers': {'little': {'normal': 0.0, 'tangential': 0.0, 'angle': 65535.0, 'proximity': 0.0}, 'ring': {'normal': 18.0, 'tangential': 49.0, 'angle': 84.0, 'proximity': 0.0}, 'middle': {'normal': 35.0, 'tangential': 20.0, 'angle': 351.0, 'proximity': 65536.0}, 'index': {'normal': 1269.0, 'tangential': 160.0, 'angle': 114.0, 'proximity': 3014656.0}, 'thumb': {'normal': 11.0, 'tangential': 18.0, 'angle': 156.0, 'proximity': 851968.0}}, 'palm': {'palm_1': 0.0, 'palm_2': 0.0, 'palm_3': 65535.0, 'palm_4': 0.0, 'palm_5': 0.0, 'palm_6': 65535.0, 'palm_7': 1.0, 'palm_8': 6.0, 'palm_9': 31.0}})"", ""TouchFrame(elapsed_s=2.24515801599955, angles={'little': 1302.0, 'ring': 1379.0, 'middle': 1482.0, 'index': 1511.0, 'thumb_bend': 1369.0, 'thumb_swing': 913.0}, forces={'little': 104.0, 'ring': 52.0, 'middle': 491.0, 'index': 1257.0, 'thumb_bend': 1663.0, 'thumb_swing': 152.0}, tactile={'fingers': {'little': {'normal': 0.0, 'tangential': 0.0, 'angle': 65535.0, 'proximity': 0.0}, 'ring': {'normal': 18.0, 'tangential': 49.0, 'angle': 85.0, 'proximity': 0.0}, 'middle': {'normal': 35.0, 'tangential': 19.0, 'angle': 350.0, 'proximity': 65536.0}, 'index': {'normal': 1269.0, 'tangential': 160.0, 'angle': 113.0, 'proximity': 2818048.0}, 'thumb': {'normal': 11.0, 'tangential': 19.0, 'angle': 155.0, 'proximity': 851968.0}}, 'palm': {'palm_1': 0.0, 'palm_2': 0.0, 'palm_3': 65535.0, 'palm_4': 0.0, 'palm_5': 0.0, 'palm_6': 65535.0, 'palm_7': 1.0, 'palm_8': 6.0, 'palm_9': 31.0}})"", ""TouchFrame(elapsed_s=2.426626768999995, angles={'little': 1302.0, 'ring': 1379.0, 'middle': 1482.0, 'index': 1511.0, 'thumb_bend': 1369.0, 'thumb_swing': 914.0}, forces={'little': 104.0, 'ring': 51.0, 'middle': 489.0, 'index': 1256.0, 'thumb_bend': 1663.0, 'thumb_swing': 151.0}, tactile={'fingers': {'little': {'normal': 0.0, 'tangential': 0.0, 'angle': 65535.0, 'proximity': 0.0}, 'ring': {'normal': 17.0, 'tangential': 49.0, 'angle': 85.0, 'proximity': 0.0}, 'middle': {'normal': 35.0, 'tangential': 19.0, 'angle': 351.0, 'proximity': 65536.0}, 'index': {'normal': 1269.0, 'tangential': 160.0, 'angle': 114.0, 'proximity': 3211264.0}, 'thumb': {'normal': 11.0, 'tangential': 19.0, 'angle': 156.0, 'proximity': 851968.0}}, 'palm': {'palm_1': 0.0, 'palm_2': 0.0, 'palm_3': 65535.0, 'palm_4': 0.0, 'palm_5': 0.0, 'palm_6': 65535.0, 'palm_7': 1.0, 'palm_8': 6.0, 'palm_9': 32.0}})"", ""TouchFrame(elapsed_s=2.6098684279995723, angles={'little': 1302.0, 'ring': 1379.0, 'middle': 1482.0, 'index': 1511.0, 'thumb_bend': 1369.0, 'thumb_swing': 913.0}, forces={'little': 104.0, 'ring': 52.0, 'middle': 490.0, 'index': 1255.0, 'thumb_bend': 1661.0, 'thumb_swing': 152.0}, tactile={'fingers': {'little': {'normal': 0.0, 'tangential': 0.0, 'angle': 65535.0, 'proximity': 0.0}, 'ring': {'normal': 18.0, 'tangential': 49.0, 'angle': 84.0, 'proximity': 0.0}, 'middle': {'normal': 35.0, 'tangential': 20.0, 'angle': 350.0, 'proximity': 65536.0}, 'index': {'normal': 1270.0, 'tangential': 160.0, 'angle': 113.0, 'proximity': 2933797.0}, 'thumb': {'normal': 11.0, 'tangential': 19.0, 'angle': 155.0, 'proximity': 851968.0}}, 'palm': {'palm_1': 0.0, 'palm_2': 0.0, 'palm_3': 65535.0, 'palm_4': 0.0, 'palm_5': 0.0, 'palm_6': 65535.0, 'palm_7': 1.0, 'palm_8': 6.0, 'palm_9': 31.0}})"", ""TouchFrame(elapsed_s=2.79089845100043, angles={'little': 1302.0, 'ring': 1380.0, 'middle': 1482.0, 'index': 1511.0, 'thumb_bend': 1369.0, 'thumb_swing': 913.0}, forces={'little': 104.0, 'ring': 52.0, 'middle': 489.0, 'index': 1255.0, 'thumb_bend': 1661.0, 'thumb_swing': 153.0}, tactile={'fingers': {'little': {'normal': 0.0, 'tangential': 0.0, 'angle': 65535.0, 'proximity': 0.0}, 'ring': {'normal': 18.0, 'tangential': 49.0, 'angle': 84.0, 'proximity': 0.0}, 'middle': {'normal': 35.0, 'tangential': 20.0, 'angle': 351.0, 'proximity': 65536.0}, 'index': {'normal': 1270.0, 'tangential': 160.0, 'angle': 113.0, 'proximity': 3014656.0}, 'thumb': {'normal': 11.0, 'tangential': 19.0, 'angle': 156.0, 'proximity': 851968.0}}, 'palm': {'palm_1': 0.0, 'palm_2': 0.0, 'palm_3': 65535.0, 'palm_4': 0.0, 'palm_5': 0.0, 'palm_6': 65535.0, 'palm_7': 1.0, 'palm_8': 6.0, 'palm_9': 33.0}})"", ""TouchFrame(elapsed_s=2.9739546939999855, angles={'little': 1302.0, 'ring': 1379.0, 'middle': 1482.0, 'index': 1511.0, 'thumb_bend': 1369.0, 'thumb_swing': 913.0}, forces={'little': 104.0, 'ring': 52.0, 'middle': 489.0, 'index': 1255.0, 'thumb_bend': 1659.0, 'thumb_swing': 152.0}, tactile={'fingers': {'little': {'normal': 0.0, 'tangential': 0.0, 'angle': 65535.0, 'proximity': 0.0}, 'ring': {'normal': 18.0, 'tangential': 49.0, 'angle': 85.0, 'proximity': 0.0}, 'middle': {'normal': 35.0, 'tangential': 20.0, 'angle': 352.0, 'proximity': 65536.0}, 'index': {'normal': 1270.0, 'tangential': 160.0, 'angle': 113.0, 'proximity': 2883584.0}, 'thumb': {'normal': 11.0, 'tangential': 19.0, 'angle': 156.0, 'proximity': 851968.0}}, 'palm': {'palm_1': 0.0, 'palm_2': 0.0, 'palm_3': 65535.0, 'palm_4': 0.0, 'palm_5': 0.0, 'palm_6': 65535.0, 'palm_7': 1.0, 'palm_8': 6.0, 'palm_9': 32.0}})"", ""TouchFrame(elapsed_s=3.1548768980001114, angles={'little': 1302.0, 'ring': 1380.0, 'middle': 1482.0, 'index': 1511.0, 'thumb_bend': 1369.0, 'thumb_swing': 913.0}, forces={'little': 104.0, 'ring': 53.0, 'middle': 489.0, 'index': 1255.0, 'thumb_bend': 1659.0, 'thumb_swing': 153.0}, tactile={'fingers': {'little': {'normal': 0.0, 'tangential': 0.0, 'angle': 65535.0, 'proximity': 0.0}, 'ring': {'normal': 18.0, 'tangential': 49.0, 'angle': 85.0, 'proximity': 0.0}, 'middle': {'normal': 36.0, 'tangential': 20.0, 'angle': 350.0, 'proximity': 65536.0}, 'index': {'normal': 1271.0, 'tangential': 160.0, 'angle': 113.0, 'proximity': 3145728.0}, 'thumb': {'normal': 11.0, 'tangential': 19.0, 'angle': 155.0, 'proximity': 851968.0}}, 'palm': {'palm_1': 0.0, 'palm_2': 0.0, 'palm_3': 65535.0, 'palm_4': 0.0, 'palm_5': 0.0, 'palm_6': 65535.0, 'palm_7': 1.0, 'palm_8': 6.0, 'palm_9': 31.0}})"", ""TouchFrame(elapsed_s=3.336083543999848, angles={'little': 1302.0, 'ring': 1379.0, 'middle': 1482.0, 'index': 1511.0, 'thumb_bend': 1369.0, 'thumb_swing': 913.0}, forces={'little': 104.0, 'ring': 51.0, 'middle': 489.0, 'index': 1255.0, 'thumb_bend': 1659.0, 'thumb_swing': 153.0}, tactile={'fingers': {'little': {'normal': 0.0, 'tangential': 0.0, 'angle': 65535.0, 'proximity': 0.0}, 'ring': {'normal': 17.0, 'tangential': 48.0, 'angle': 85.0, 'proximity': 0.0}, 'middle': {'normal': 35.0, 'tangential': 19.0, 'angle': 351.0, 'proximity': 65536.0}, 'index': {'normal': 1271.0, 'tangential': 160.0, 'angle': 113.0, 'proximity': 3145728.0}, 'thumb': {'normal': 11.0, 'tangential': 19.0, 'angle': 154.0, 'proximity': 851968.0}}, 'palm': {'palm_1': 0.0, 'palm_2': 0.0, 'palm_3': 65535.0, 'palm_4': 0.0, 'palm_5': 0.0, 'palm_6': 65535.0, 'palm_7': 1.0, 'palm_8': 6.0, 'palm_9': 31.0}})"", ""TouchFrame(elapsed_s=3.5193219610000597, angles={'little': 1302.0, 'ring': 1379.0, 'middle': 1482.0, 'index': 1511.0, 'thumb_bend': 1369.0, 'thumb_swing': 913.0}, forces={'little': 104.0, 'ring': 53.0, 'middle': 489.0, 'index': 1254.0, 'thumb_bend': 1657.0, 'thumb_swing': 152.0}, tactile={'fingers': {'little': {'normal': 0.0, 'tangential': 0.0, 'angle': 65535.0, 'proximity': 0.0}, 'ring': {'normal': 18.0, 'tangential': 49.0, 'angle': 84.0, 'proximity': 0.0}, 'middle': {'normal': 36.0, 'tangential': 20.0, 'angle': 350.0, 'proximity': 65536.0}, 'index': {'normal': 1271.0, 'tangential': 160.0, 'angle': 113.0, 'proximity': 2949120.0}, 'thumb': {'normal': 11.0, 'tangential': 19.0, 'angle': 154.0, 'proximity': 851968.0}}, 'palm': {'palm_1': 0.0, 'palm_2': 0.0, 'palm_3': 65535.0, 'palm_4': 0.0, 'palm_5': 0.0, 'palm_6': 65535.0, 'palm_7': 1.0, 'palm_8': 6.0, 'palm_9': 31.0}})"", ""TouchFrame(elapsed_s=3.701047159999689, angles={'little': 1302.0, 'ring': 1380.0, 'middle': 1482.0, 'index': 1511.0, 'thumb_bend': 1369.0, 'thumb_swing': 913.0}, forces={'little': 104.0, 'ring': 52.0, 'middle': 489.0, 'index': 1253.0, 'thumb_bend': 1657.0, 'thumb_swing': 152.0}, tactile={'fingers': {'little': {'normal': 0.0, 'tangential': 0.0, 'angle': 65535.0, 'proximity': 0.0}, 'ring': {'normal': 18.0, 'tangential': 49.0, 'angle': 84.0, 'proximity': 0.0}, 'middle': {'normal': 36.0, 'tangential': 20.0, 'angle': 349.0, 'proximity': 65536.0}, 'index': {'normal': 1271.0, 'tangential': 160.0, 'angle': 113.0, 'proximity': 3001229.0}, 'thumb': {'normal': 11.0, 'tangential': 19.0, 'angle': 154.0, 'proximity': 851968.0}}, 'palm': {'palm_1': 0.0, 'palm_2': 0.0, 'palm_3': 65535.0, 'palm_4': 0.0, 'palm_5': 0.0, 'palm_6': 65535.0, 'palm_7': 1.0, 'palm_8': 6.0, 'palm_9': 32.0}})"", ""TouchFrame(elapsed_s=3.8842918970003666, angles={'little': 1302.0, 'ring': 1379.0, 'middle': 1482.0, 'index': 1511.0, 'thumb_bend': 1369.0, 'thumb_swing': 913.0}, forces={'little': 104.0, 'ring': 54.0, 'middle': 489.0, 'index': 1253.0, 'thumb_bend': 1657.0, 'thumb_swing': 152.0}, tactile={'fingers': {'little': {'normal': 0.0, 'tangential': 0.0, 'angle': 65535.0, 'proximity': 0.0}, 'ring': {'normal': 18.0, 'tangential': 49.0, 'angle': 84.0, 'proximity': 0.0}, 'middle': {'normal': 36.0, 'tangential': 20.0, 'angle': 351.0, 'proximity': 65536.0}, 'index': {'normal': 1271.0, 'tangential': 160.0, 'angle': 113.0, 'proximity': 3145728.0}, 'thumb': {'normal': 11.0, 'tangential': 19.0, 'angle': 155.0, 'proximity': 851968.0}}, 'palm': {'palm_1': 0.0, 'palm_2': 0.0, 'palm_3': 65535.0, 'palm_4': 0.0, 'palm_5': 0.0, 'palm_6': 65535.0, 'palm_7': 1.0, 'palm_8': 6.0, 'palm_9': 32.0}})"", ""TouchFrame(elapsed_s=4.065481196000292, angles={'little': 1302.0, 'ring': 1379.0, 'middle': 1482.0, 'index': 1511.0, 'thumb_bend': 1369.0, 'thumb_swing': 913.0}, forces={'little': 104.0, 'ring': 53.0, 'middle': 489.0, 'index': 1253.0, 'thumb_bend': 1656.0, 'thumb_swing': 151.0}, tactile={'fingers': {'little': {'normal': 0.0, 'tangential': 0.0, 'angle': 65535.0, 'proximity': 0.0}, 'ring': {'normal': 18.0, 'tangential': 49.0, 'angle': 84.0, 'proximity': 0.0}, 'middle': {'normal': 36.0, 'tangential': 20.0, 'angle': 351.0, 'proximity': 65536.0}, 'index': {'normal': 1272.0, 'tangential': 160.0, 'angle': 113.0, 'proximity': 3014656.0}, 'thumb': {'normal': 11.0, 'tangential': 19.0, 'angle': 154.0, 'proximity': 851968.0}}, 'palm': {'palm_1': 0.0, 'palm_2': 0.0, 'palm_3': 65535.0, 'palm_4': 0.0, 'palm_5': 0.0, 'palm_6': 65535.0, 'palm_7': 1.0, 'palm_8': 6.0, 'palm_9': 32.0}})"", ""TouchFrame(elapsed_s=4.248017746999722, angles={'little': 1302.0, 'ring': 1380.0, 'middle': 1482.0, 'index': 1511.0, 'thumb_bend': 1369.0, 'thumb_swing': 913.0}, forces={'little': 104.0, 'ring': 53.0, 'middle': 489.0, 'index': 1253.0, 'thumb_bend': 1656.0, 'thumb_swing': 151.0}, tactile={'fingers': {'little': {'normal': 0.0, 'tangential': 0.0, 'angle': 65535.0, 'proximity': 0.0}, 'ring': {'normal': 18.0, 'tangential': 49.0, 'angle': 85.0, 'proximity': 0.0}, 'middle': {'normal': 36.0, 'tangential': 20.0, 'angle': 349.0, 'proximity': 65536.0}, 'index': {'normal': 1272.0, 'tangential': 160.0, 'angle': 113.0, 'proximity': 3137375.0}, 'thumb': {'normal': 11.0, 'tangential': 19.0, 'angle': 155.0, 'proximity': 851968.0}}, 'palm': {'palm_1': 0.0, 'palm_2': 0.0, 'palm_3': 65535.0, 'palm_4': 0.0, 'palm_5': 0.0, 'palm_6': 65535.0, 'palm_7': 1.0, 'palm_8': 6.0, 'palm_9': 32.0}})"", ""TouchFrame(elapsed_s=4.430000156999995, angles={'little': 1303.0, 'ring': 1379.0, 'middle': 1482.0, 'index': 1511.0, 'thumb_bend': 1369.0, 'thumb_swing': 913.0}, forces={'little': 104.0, 'ring': 53.0, 'middle': 489.0, 'index': 1253.0, 'thumb_bend': 1656.0, 'thumb_swing': 151.0}, tactile={'fingers': {'little': {'normal': 0.0, 'tangential': 0.0, 'angle': 65535.0, 'proximity': 0.0}, 'ring': {'normal': 18.0, 'tangential': 49.0, 'angle': 84.0, 'proximity': 0.0}, 'middle': {'normal': 36.0, 'tangential': 20.0, 'angle': 350.0, 'proximity': 65536.0}, 'index': {'normal': 1272.0, 'tangential': 160.0, 'angle': 113.0, 'proximity': 2680717.0}, 'thumb': {'normal': 11.0, 'tangential': 19.0, 'angle': 156.0, 'proximity': 851968.0}}, 'palm': {'palm_1': 0.0, 'palm_2': 0.0, 'palm_3': 65535.0, 'palm_4': 0.0, 'palm_5': 0.0, 'palm_6': 65535.0, 'palm_7': 1.0, 'palm_8': 6.0, 'palm_9': 32.0}})""], ""squeeze_baseline_angles"": null, ""squeeze_baseline_forces"": null, ""squeeze_frames"": [], ""squeeze_baseline_source"": """", ""squeeze_hover_tail_count"": 10, ""squeeze_middle_ready"": null, ""squeeze_middle_contact_delta"": null, ""squeeze_middle_seek_steps"": 0, ""squeeze_command_sample_index"": null, ""contact_threshold"": 70.0, ""lift_force_delta"": null, ""weight_g"": null, ""notes"": ""claw_machine""}","{""little"": 896.0, ""ring"": 896.0, ""middle"": 896.0, ""index"": 896.0, ""thumb_bend"": 1125.0, ""thumb_swing"": 1698.0}","{""little"": 331.0, ""ring"": 265.0, ""middle"": 293.0, ""index"": 258.0, ""thumb_bend"": 373.0, ""thumb_swing"": 8.0}","[-31.865, 70.493, -65.958, 0.0, 42.714, 6.634]","{""ee.x"": 228.389, ""ee.y"": -141.968, ""ee.z"": 361.387, ""ee.rx"": 172.751, ""ee.ry"": 47.329, ""ee.rz"": 138.32}",175.536,55.498,119.972,197.205,-281.251,245.243,"{""ee.x"": 197.205, ""ee.y"": -281.251, ""ee.z"": 245.243, ""ee.rx"": 175.536, ""ee.ry"": 55.498, ""ee.rz"": 119.972}",172.751,47.329,138.32,228.389,-141.968,215.0,"{""ee.x"": 228.389, ""ee.y"": -141.968, ""ee.z"": 215.0, ""ee.rx"": 172.751, ""ee.ry"": 47.329, ""ee.rz"": 138.32}",1,172.751,47.329,138.32,228.389,-141.968,361.387,"{""ee.x"": 228.389, ""ee.y"": -141.968, ""ee.z"": 361.387, ""ee.rx"": 172.751, ""ee.ry"": 47.329, ""ee.rz"": 138.32}",172.751,47.329,138.32,228.389,-141.968,287.496,"{""ee.x"": 228.389, ""ee.y"": -141.968, ""ee.z"": 287.496, ""ee.rx"": 172.751, ""ee.ry"": 47.329, ""ee.rz"": 138.32}",complete,1,172.196,49.686,169.902,161.039,0.257,332.985,"{""ee.x"": 161.039, ""ee.y"": 0.257, ""ee.z"": 332.985, ""ee.rx"": 172.196, ""ee.ry"": 49.686, ""ee.rz"": 169.902}",1786713534.623829
"{'little': 896.0, 'ring': 896.0, 'middle': 898.0, 'index': 896.0, 'thumb_bend': 1452.0, 'thumb_swing': 1713.0}","{'little': 327.0, 'ring': 261.0, 'middle': 283.0, 'index': 268.0, 'thumb_bend': 0.0, 'thumb_swing': -4.0}","[0.094, 46.569, -45.702, 0.0, 43.975, 10.779]","{""ee.x"": 161.315, ""ee.y"": 0.266, ""ee.z"": 333.27, ""ee.rx"": 167.366, ""ee.ry"": 48.96, ""ee.rz"": 163.543}","{""label"": ""unknown"", ""trial_id"": ""20260814_211959"", ""repeat_index"": 0, ""baseline_angles"": {""little"": 1599.0, ""ring"": 1605.0, ""middle"": 1598.0, ""index"": 1599.0, ""thumb_bend"": 1468.0, ""thumb_swing"": 1050.0}, ""baseline_forces"": {""little"": 64.0, ""ring"": 24.0, ""middle"": 46.0, ""index"": 14.0, ""thumb_bend"": -1.0, ""thumb_swing"": 60.0}, ""frames"": [""TouchFrame(elapsed_s=0.181267508000019, angles={'little': 1590.0, 'ring': 1605.0, 'middle': 1598.0, 'index': 1599.0, 'thumb_bend': 1468.0, 'thumb_swing': 1028.0}, forces={'little': 71.0, 'ring': 22.0, 'middle': 46.0, 'index': 15.0, 'thumb_bend': -1.0, 'thumb_swing': 59.0}, tactile={'fingers': {'little': {'normal': 0.0, 'tangential': 0.0, 'angle': 65535.0, 'proximity': 0.0}, 'ring': {'normal': 20.0, 'tangential': 53.0, 'angle': 81.0, 'proximity': 0.0}, 'middle': {'normal': 0.0, 'tangential': 0.0, 'angle': 65535.0, 'proximity': 0.0}, 'index': {'normal': 0.0, 'tangential': 0.0, 'angle': 65535.0, 'proximity': 319887.0}, 'thumb': {'normal': 0.0, 'tangential': 0.0, 'angle': 65535.0, 'proximity': 0.0}}, 'palm': {'palm_1': 0.0, 'palm_2': 0.0, 'palm_3': 65535.0, 'palm_4': 0.0, 'palm_5': 0.0, 'palm_6': 65535.0, 'palm_7': 0.0, 'palm_8': 0.0, 'palm_9': 65535.0}})"", ""TouchFrame(elapsed_s=0.3645841930001552, angles={'little': 1525.0, 'ring': 1594.0, 'middle': 1598.0, 'index': 1599.0, 'thumb_bend': 1467.0, 'thumb_swing': 983.0}, forces={'little': 78.0, 'ring': 110.0, 'middle': 42.0, 'index': 13.0, 'thumb_bend': -1.0, 'thumb_swing': 77.0}, tactile={'fingers': {'little': {'normal': 0.0, 'tangential': 0.0, 'angle': 65535.0, 'proximity': 0.0}, 'ring': {'normal': 20.0, 'tangential': 52.0, 'angle': 82.0, 'proximity': 0.0}, 'middle': {'normal': 0.0, 'tangential': 0.0, 'angle': 65535.0, 'proximity': 0.0}, 'index': {'normal': 0.0, 'tangential': 0.0, 'angle': 65535.0, 'proximity': 327680.0}, 'thumb': {'normal': 0.0, 'tangential': 0.0, 'angle': 65535.0, 'proximity': 0.0}}, 'palm': {'palm_1': 0.0, 'palm_2': 0.0, 'palm_3': 65535.0, 'palm_4': 0.0, 'palm_5': 0.0, 'palm_6': 65535.0, 'palm_7': 0.0, 'palm_8': 0.0, 'palm_9': 65535.0}})"", ""TouchFrame(elapsed_s=0.5459344560003956, angles={'little': 1465.0, 'ring': 1540.0, 'middle': 1589.0, 'index': 1588.0, 'thumb_bend': 1431.0, 'thumb_swing': 929.0}, forces={'little': 93.0, 'ring': 210.0, 'middle': 124.0, 'index': 73.0, 'thumb_bend': 14.0, 'thumb_swing': 76.0}, tactile={'fingers': {'little': {'normal': 0.0, 'tangential': 0.0, 'angle': 65535.0, 'proximity': 0.0}, 'ring': {'normal': 26.0, 'tangential': 58.0, 'angle': 82.0, 'proximity': 65536.0}, 'middle': {'normal': 0.0, 'tangential': 0.0, 'angle': 65535.0, 'proximity': 0.0}, 'index': {'normal': 0.0, 'tangential': 0.0, 'angle': 65535.0, 'proximity': 327680.0}, 'thumb': {'normal': 0.0, 'tangential': 0.0, 'angle': 65535.0, 'proximity': 0.0}}, 'palm': {'palm_1': 0.0, 'palm_2': 0.0, 'palm_3': 65535.0, 'palm_4': 0.0, 'palm_5': 0.0, 'palm_6': 65535.0, 'palm_7': 0.0, 'palm_8': 0.0, 'palm_9': 65535.0}})"", ""TouchFrame(elapsed_s=0.7296649099998831, angles={'little': 1407.0, 'ring': 1481.0, 'middle': 1552.0, 'index': 1545.0, 'thumb_bend': 1405.0, 'thumb_swing': 913.0}, forces={'little': 91.0, 'ring': 71.0, 'middle': 549.0, 'index': 29.0, 'thumb_bend': 21.0, 'thumb_swing': 85.0}, tactile={'fingers': {'little': {'normal': 0.0, 'tangential': 0.0, 'angle': 65535.0, 'proximity': 0.0}, 'ring': {'normal': 22.0, 'tangential': 55.0, 'angle': 81.0, 'proximity': 53666.0}, 'middle': {'normal': 0.0, 'tangential': 0.0, 'angle': 65535.0, 'proximity': 0.0}, 'index': {'normal': 0.0, 'tangential': 0.0, 'angle': 65535.0, 'proximity': 65536.0}, 'thumb': {'normal': 0.0, 'tangential': 0.0, 'angle': 65535.0, 'proximity': 0.0}}, 'palm': {'palm_1': 0.0, 'palm_2': 0.0, 'palm_3': 65535.0, 'palm_4': 0.0, 'palm_5': 0.0, 'palm_6': 65535.0, 'palm_7': 0.0, 'palm_8': 0.0, 'palm_9': 65535.0}})"", ""TouchFrame(elapsed_s=0.91112148800039, angles={'little': 1351.0, 'ring': 1437.0, 'middle': 1528.0, 'index': 1502.0, 'thumb_bend': 1381.0, 'thumb_swing': 913.0}, forces={'little': 112.0, 'ring': 485.0, 'middle': 707.0, 'index': 28.0, 'thumb_bend': 201.0, 'thumb_swing': 313.0}, tactile={'fingers': {'little': {'normal': 0.0, 'tangential': 0.0, 'angle': 65535.0, 'proximity': 0.0}, 'ring': {'normal': 57.0, 'tangential': 59.0, 'angle': 28.0, 'proximity': 127553.0}, 'middle': {'normal': 0.0, 'tangential': 0.0, 'angle': 65535.0, 'proximity': 50811.0}, 'index': {'normal': 0.0, 'tangential': 0.0, 'angle': 65535.0, 'proximity': 131072.0}, 'thumb': {'normal': 0.0, 'tangential': 0.0, 'angle': 65535.0, 'proximity': 196608.0}}, 'palm': {'palm_1': 0.0, 'palm_2': 0.0, 'palm_3': 65535.0, 'palm_4': 0.0, 'palm_5': 0.0, 'palm_6': 65535.0, 'palm_7': 0.0, 'palm_8': 0.0, 'palm_9': 65535.0}})"", ""TouchFrame(elapsed_s=1.0956094830007714, angles={'little': 1301.0, 'ring': 1410.0, 'middle': 1528.0, 'index': 1447.0, 'thumb_bend': 1366.0, 'thumb_swing': 916.0}, forces={'little': 420.0, 'ring': 767.0, 'middle': 687.0, 'index': 33.0, 'thumb_bend': 1000.0, 'thumb_swing': 519.0}, tactile={'fingers': {'little': {'normal': 0.0, 'tangential': 0.0, 'angle': 65535.0, 'proximity': 0.0}, 'ring': {'normal': 85.0, 'tangential': 159.0, 'angle': 291.0, 'proximity': 262144.0}, 'middle': {'normal': 0.0, 'tangential': 0.0, 'angle': 65535.0, 'proximity': 0.0}, 'index': {'normal': 0.0, 'tangential': 0.0, 'angle': 65535.0, 'proximity': 131072.0}, 'thumb': {'normal': 0.0, 'tangential': 0.0, 'angle': 65535.0, 'proximity': 196608.0}}, 'palm': {'palm_1': 0.0, 'palm_2': 0.0, 'palm_3': 65535.0, 'palm_4': 0.0, 'palm_5': 0.0, 'palm_6': 65535.0, 'palm_7': 0.0, 'palm_8': 0.0, 'palm_9': 65535.0}})""], ""hover_frames"": [""TouchFrame(elapsed_s=0.08317935699960799, angles={'little': 1250.0, 'ring': 1403.0, 'middle': 1522.0, 'index': 1419.0, 'thumb_bend': 1368.0, 'thumb_swing': 918.0}, forces={'little': 452.0, 'ring': 170.0, 'middle': 57.0, 'index': 33.0, 'thumb_bend': 478.0, 'thumb_swing': 503.0}, tactile={'fingers': {'little': {'normal': 0.0, 'tangential': 0.0, 'angle': 65535.0, 'proximity': 0.0}, 'ring': {'normal': 26.0, 'tangential': 52.0, 'angle': 65.0, 'proximity': 65536.0}, 'middle': {'normal': 0.0, 'tangential': 0.0, 'angle': 65535.0, 'proximity': 0.0}, 'index': {'normal': 0.0, 'tangential': 0.0, 'angle': 65535.0, 'proximity': 524288.0}, 'thumb': {'normal': 6.0, 'tangential': 9.0, 'angle': 54.0, 'proximity': 182364.0}}, 'palm': {'palm_1': 0.0, 'palm_2': 0.0, 'palm_3': 65535.0, 'palm_4': 0.0, 'palm_5': 0.0, 'palm_6': 65535.0, 'palm_7': 0.0, 'palm_8': 0.0, 'palm_9': 65535.0}})"", ""TouchFrame(elapsed_s=0.26463576500009367, angles={'little': 1250.0, 'ring': 1403.0, 'middle': 1522.0, 'index': 1419.0, 'thumb_bend': 1368.0, 'thumb_swing': 918.0}, forces={'little': 452.0, 'ring': 172.0, 'middle': 58.0, 'index': 33.0, 'thumb_bend': 478.0, 'thumb_swing': 503.0}, tactile={'fingers': {'little': {'normal': 0.0, 'tangential': 0.0, 'angle': 65535.0, 'proximity': 0.0}, 'ring': {'normal': 26.0, 'tangential': 53.0, 'angle': 65.0, 'proximity': 65536.0}, 'middle': {'normal': 0.0, 'tangential': 0.0, 'angle': 65535.0, 'proximity': 0.0}, 'index': {'normal': 0.0, 'tangential': 0.0, 'angle': 65535.0, 'proximity': 196608.0}, 'thumb': {'normal': 6.0, 'tangential': 9.0, 'angle': 55.0, 'proximity': 181530.0}}, 'palm': {'palm_1': 0.0, 'palm_2': 0.0, 'palm_3': 65535.0, 'palm_4': 0.0, 'palm_5': 0.0, 'palm_6': 65535.0, 'palm_7': 0.0, 'palm_8': 0.0, 'palm_9': 65535.0}})"", ""TouchFrame(elapsed_s=0.44795272600003955, angles={'little': 1251.0, 'ring': 1403.0, 'middle': 1522.0, 'index': 1419.0, 'thumb_bend': 1368.0, 'thumb_swing': 918.0}, forces={'little': 452.0, 'ring': 172.0, 'middle': 57.0, 'index': 34.0, 'thumb_bend': 478.0, 'thumb_swing': 503.0}, tactile={'fingers': {'little': {'normal': 0.0, 'tangential': 0.0, 'angle': 65535.0, 'proximity': 0.0}, 'ring': {'normal': 26.0, 'tangential': 53.0, 'angle': 65.0, 'proximity': 65536.0}, 'middle': {'normal': 0.0, 'tangential': 0.0, 'angle': 65535.0, 'proximity': 0.0}, 'index': {'normal': 0.0, 'tangential': 0.0, 'angle': 65535.0, 'proximity': 327680.0}, 'thumb': {'normal': 6.0, 'tangential': 9.0, 'angle': 56.0, 'proximity': 181310.0}}, 'palm': {'palm_1': 0.0, 'palm_2': 0.0, 'palm_3': 65535.0, 'palm_4': 0.0, 'palm_5': 0.0, 'palm_6': 65535.0, 'palm_7': 0.0, 'palm_8': 0.0, 'palm_9': 65535.0}})"", ""TouchFrame(elapsed_s=0.6293372410000302, angles={'little': 1250.0, 'ring': 1403.0, 'middle': 1522.0, 'index': 1420.0, 'thumb_bend': 1368.0, 'thumb_swing': 918.0}, forces={'little': 452.0, 'ring': 172.0, 'middle': 58.0, 'index': 35.0, 'thumb_bend': 478.0, 'thumb_swing': 503.0}, tactile={'fingers': {'little': {'normal': 0.0, 'tangential': 0.0, 'angle': 65535.0, 'proximity': 0.0}, 'ring': {'normal': 26.0, 'tangential': 53.0, 'angle': 65.0, 'proximity': 65536.0}, 'middle': {'normal': 0.0, 'tangential': 0.0, 'angle': 65535.0, 'proximity': 0.0}, 'index': {'normal': 0.0, 'tangential': 0.0, 'angle': 65535.0, 'proximity': 327680.0}, 'thumb': {'normal': 6.0, 'tangential': 9.0, 'angle': 54.0, 'proximity': 181871.0}}, 'palm': {'palm_1': 0.0, 'palm_2': 0.0, 'palm_3': 65535.0, 'palm_4': 0.0, 'palm_5': 0.0, 'palm_6': 65535.0, 'palm_7': 0.0, 'palm_8': 0.0, 'palm_9': 65535.0}})"", ""TouchFrame(elapsed_s=0.8106193730000086, angles={'little': 1251.0, 'ring': 1403.0, 'middle': 1522.0, 'index': 1419.0, 'thumb_bend': 1368.0, 'thumb_swing': 918.0}, forces={'little': 452.0, 'ring': 171.0, 'middle': 57.0, 'index': 35.0, 'thumb_bend': 478.0, 'thumb_swing': 501.0}, tactile={'fingers': {'little': {'normal': 0.0, 'tangential': 0.0, 'angle': 65535.0, 'proximity': 0.0}, 'ring': {'normal': 26.0, 'tangential': 53.0, 'angle': 65.0, 'proximity': 65536.0}, 'middle': {'normal': 0.0, 'tangential': 0.0, 'angle': 65535.0, 'proximity': 0.0}, 'index': {'normal': 0.0, 'tangential': 0.0, 'angle': 65535.0, 'proximity': 131072.0}, 'thumb': {'normal': 6.0, 'tangential': 9.0, 'angle': 55.0, 'proximity': 183790.0}}, 'palm': {'palm_1': 0.0, 'palm_2': 0.0, 'palm_3': 65535.0, 'palm_4': 0.0, 'palm_5': 0.0, 'palm_6': 65535.0, 'palm_7': 0.0, 'palm_8': 0.0, 'palm_9': 65535.0}})"", ""TouchFrame(elapsed_s=0.9933867600002486, angles={'little': 1250.0, 'ring': 1403.0, 'middle': 1522.0, 'index': 1419.0, 'thumb_bend': 1368.0, 'thumb_swing': 918.0}, forces={'little': 452.0, 'ring': 172.0, 'middle': 58.0, 'index': 33.0, 'thumb_bend': 478.0, 'thumb_swing': 501.0}, tactile={'fingers': {'little': {'normal': 0.0, 'tangential': 0.0, 'angle': 65535.0, 'proximity': 0.0}, 'ring': {'normal': 26.0, 'tangential': 53.0, 'angle': 65.0, 'proximity': 65536.0}, 'middle': {'normal': 0.0, 'tangential': 0.0, 'angle': 65535.0, 'proximity': 0.0}, 'index': {'normal': 0.0, 'tangential': 0.0, 'angle': 65535.0, 'proximity': 446438.0}, 'thumb': {'normal': 6.0, 'tangential': 9.0, 'angle': 51.0, 'proximity': 185330.0}}, 'palm': {'palm_1': 0.0, 'palm_2': 0.0, 'palm_3': 65535.0, 'palm_4': 0.0, 'palm_5': 0.0, 'palm_6': 65535.0, 'palm_7': 0.0, 'palm_8': 0.0, 'palm_9': 65535.0}})"", ""TouchFrame(elapsed_s=1.1747619380003016, angles={'little': 1250.0, 'ring': 1403.0, 'middle': 1522.0, 'index': 1420.0, 'thumb_bend': 1368.0, 'thumb_swing': 918.0}, forces={'little': 452.0, 'ring': 172.0, 'middle': 57.0, 'index': 33.0, 'thumb_bend': 478.0, 'thumb_swing': 501.0}, tactile={'fingers': {'little': {'normal': 0.0, 'tangential': 0.0, 'angle': 65535.0, 'proximity': 0.0}, 'ring': {'normal': 26.0, 'tangential': 53.0, 'angle': 65.0, 'proximity': 65536.0}, 'middle': {'normal': 0.0, 'tangential': 0.0, 'angle': 65535.0, 'proximity': 0.0}, 'index': {'normal': 0.0, 'tangential': 0.0, 'angle': 65535.0, 'proximity': 327680.0}, 'thumb': {'normal': 7.0, 'tangential': 10.0, 'angle': 50.0, 'proximity': 182486.0}}, 'palm': {'palm_1': 0.0, 'palm_2': 0.0, 'palm_3': 65535.0, 'palm_4': 0.0, 'palm_5': 0.0, 'palm_6': 65535.0, 'palm_7': 0.0, 'palm_8': 0.0, 'palm_9': 65535.0}})"", ""TouchFrame(elapsed_s=1.3573948319999545, angles={'little': 1250.0, 'ring': 1403.0, 'middle': 1522.0, 'index': 1419.0, 'thumb_bend': 1368.0, 'thumb_swing': 918.0}, forces={'little': 452.0, 'ring': 172.0, 'middle': 59.0, 'index': 33.0, 'thumb_bend': 479.0, 'thumb_swing': 501.0}, tactile={'fingers': {'little': {'normal': 0.0, 'tangential': 0.0, 'angle': 65535.0, 'proximity': 0.0}, 'ring': {'normal': 26.0, 'tangential': 53.0, 'angle': 65.0, 'proximity': 65536.0}, 'middle': {'normal': 0.0, 'tangential': 0.0, 'angle': 65535.0, 'proximity': 0.0}, 'index': {'normal': 0.0, 'tangential': 0.0, 'angle': 65535.0, 'proximity': 393216.0}, 'thumb': {'normal': 7.0, 'tangential': 9.0, 'angle': 50.0, 'proximity': 183941.0}}, 'palm': {'palm_1': 0.0, 'palm_2': 0.0, 'palm_3': 65535.0, 'palm_4': 0.0, 'palm_5': 0.0, 'palm_6': 65535.0, 'palm_7': 0.0, 'palm_8': 0.0, 'palm_9': 65535.0}})"", ""TouchFrame(elapsed_s=1.5388460240001223, angles={'little': 1250.0, 'ring': 1403.0, 'middle': 1522.0, 'index': 1419.0, 'thumb_bend': 1368.0, 'thumb_swing': 918.0}, forces={'little': 452.0, 'ring': 170.0, 'middle': 58.0, 'index': 33.0, 'thumb_bend': 480.0, 'thumb_swing': 501.0}, tactile={'fingers': {'little': {'normal': 0.0, 'tangential': 0.0, 'angle': 65535.0, 'proximity': 0.0}, 'ring': {'normal': 26.0, 'tangential': 53.0, 'angle': 65.0, 'proximity': 65536.0}, 'middle': {'normal': 0.0, 'tangential': 0.0, 'angle': 65535.0, 'proximity': 0.0}, 'index': {'normal': 0.0, 'tangential': 0.0, 'angle': 65535.0, 'proximity': 458752.0}, 'thumb': {'normal': 7.0, 'tangential': 9.0, 'angle': 49.0, 'proximity': 185929.0}}, 'palm': {'palm_1': 0.0, 'palm_2': 0.0, 'palm_3': 65535.0, 'palm_4': 0.0, 'palm_5': 0.0, 'palm_6': 65535.0, 'palm_7': 0.0, 'palm_8': 0.0, 'palm_9': 65535.0}})"", ""TouchFrame(elapsed_s=1.720087945999694, angles={'little': 1250.0, 'ring': 1403.0, 'middle': 1522.0, 'index': 1419.0, 'thumb_bend': 1368.0, 'thumb_swing': 918.0}, forces={'little': 452.0, 'ring': 170.0, 'middle': 59.0, 'index': 33.0, 'thumb_bend': 480.0, 'thumb_swing': 502.0}, tactile={'fingers': {'little': {'normal': 0.0, 'tangential': 0.0, 'angle': 65535.0, 'proximity': 0.0}, 'ring': {'normal': 26.0, 'tangential': 54.0, 'angle': 65.0, 'proximity': 65536.0}, 'middle': {'normal': 0.0, 'tangential': 0.0, 'angle': 65535.0, 'proximity': 0.0}, 'index': {'normal': 0.0, 'tangential': 0.0, 'angle': 65535.0, 'proximity': 262144.0}, 'thumb': {'normal': 7.0, 'tangential': 9.0, 'angle': 50.0, 'proximity': 184784.0}}, 'palm': {'palm_1': 0.0, 'palm_2': 0.0, 'palm_3': 65535.0, 'palm_4': 0.0, 'palm_5': 0.0, 'palm_6': 65535.0, 'palm_7': 0.0, 'palm_8': 0.0, 'palm_9': 65535.0}})"", ""TouchFrame(elapsed_s=1.9031511029998, angles={'little': 1251.0, 'ring': 1403.0, 'middle': 1522.0, 'index': 1419.0, 'thumb_bend': 1368.0, 'thumb_swing': 918.0}, forces={'little': 452.0, 'ring': 171.0, 'middle': 58.0, 'index': 33.0, 'thumb_bend': 478.0, 'thumb_swing': 501.0}, tactile={'fingers': {'little': {'normal': 0.0, 'tangential': 0.0, 'angle': 65535.0, 'proximity': 0.0}, 'ring': {'normal': 26.0, 'tangential': 54.0, 'angle': 65.0, 'proximity': 65536.0}, 'middle': {'normal': 0.0, 'tangential': 0.0, 'angle': 65535.0, 'proximity': 0.0}, 'index': {'normal': 0.0, 'tangential': 0.0, 'angle': 65535.0, 'proximity': 0.0}, 'thumb': {'normal': 7.0, 'tangential': 9.0, 'angle': 48.0, 'proximity': 183251.0}}, 'palm': {'palm_1': 0.0, 'palm_2': 0.0, 'palm_3': 65535.0, 'palm_4': 0.0, 'palm_5': 0.0, 'palm_6': 65535.0, 'palm_7': 0.0, 'palm_8': 0.0, 'palm_9': 65535.0}})"", ""TouchFrame(elapsed_s=2.0844364089998635, angles={'little': 1250.0, 'ring': 1403.0, 'middle': 1522.0, 'index': 1419.0, 'thumb_bend': 1368.0, 'thumb_swing': 918.0}, forces={'little': 452.0, 'ring': 171.0, 'middle': 59.0, 'index': 33.0, 'thumb_bend': 480.0, 'thumb_swing': 500.0}, tactile={'fingers': {'little': {'normal': 0.0, 'tangential': 0.0, 'angle': 65535.0, 'proximity': 0.0}, 'ring': {'normal': 26.0, 'tangential': 53.0, 'angle': 65.0, 'proximity': 65536.0}, 'middle': {'normal': 0.0, 'tangential': 0.0, 'angle': 65535.0, 'proximity': 0.0}, 'index': {'normal': 0.0, 'tangential': 0.0, 'angle': 65535.0, 'proximity': 323187.0}, 'thumb': {'normal': 7.0, 'tangential': 9.0, 'angle': 49.0, 'proximity': 185649.0}}, 'palm': {'palm_1': 0.0, 'palm_2': 0.0, 'palm_3': 65535.0, 'palm_4': 0.0, 'palm_5': 0.0, 'palm_6': 65535.0, 'palm_7': 0.0, 'palm_8': 0.0, 'palm_9': 65535.0}})"", ""TouchFrame(elapsed_s=2.2669702410003083, angles={'little': 1250.0, 'ring': 1403.0, 'middle': 1522.0, 'index': 1419.0, 'thumb_bend': 1368.0, 'thumb_swing': 918.0}, forces={'little': 452.0, 'ring': 171.0, 'middle': 58.0, 'index': 33.0, 'thumb_bend': 479.0, 'thumb_swing': 499.0}, tactile={'fingers': {'little': {'normal': 0.0, 'tangential': 0.0, 'angle': 65535.0, 'proximity': 0.0}, 'ring': {'normal': 26.0, 'tangential': 54.0, 'angle': 65.0, 'proximity': 65536.0}, 'middle': {'normal': 0.0, 'tangential': 0.0, 'angle': 65535.0, 'proximity': 0.0}, 'index': {'normal': 0.0, 'tangential': 0.0, 'angle': 65535.0, 'proximity': 655360.0}, 'thumb': {'normal': 7.0, 'tangential': 9.0, 'angle': 51.0, 'proximity': 185102.0}}, 'palm': {'palm_1': 0.0, 'palm_2': 0.0, 'palm_3': 65535.0, 'palm_4': 0.0, 'palm_5': 0.0, 'palm_6': 65535.0, 'palm_7': 0.0, 'palm_8': 0.0, 'palm_9': 65535.0}})"", ""TouchFrame(elapsed_s=2.449009040999954, angles={'little': 1250.0, 'ring': 1403.0, 'middle': 1522.0, 'index': 1419.0, 'thumb_bend': 1368.0, 'thumb_swing': 918.0}, forces={'little': 452.0, 'ring': 172.0, 'middle': 59.0, 'index': 33.0, 'thumb_bend': 480.0, 'thumb_swing': 500.0}, tactile={'fingers': {'little': {'normal': 0.0, 'tangential': 0.0, 'angle': 65535.0, 'proximity': 0.0}, 'ring': {'normal': 26.0, 'tangential': 54.0, 'angle': 65.0, 'proximity': 65536.0}, 'middle': {'normal': 0.0, 'tangential': 0.0, 'angle': 65535.0, 'proximity': 0.0}, 'index': {'normal': 0.0, 'tangential': 0.0, 'angle': 65535.0, 'proximity': 183831.0}, 'thumb': {'normal': 7.0, 'tangential': 10.0, 'angle': 48.0, 'proximity': 185769.0}}, 'palm': {'palm_1': 0.0, 'palm_2': 0.0, 'palm_3': 65535.0, 'palm_4': 0.0, 'palm_5': 0.0, 'palm_6': 65535.0, 'palm_7': 0.0, 'palm_8': 0.0, 'palm_9': 65535.0}})"", ""TouchFrame(elapsed_s=2.6299498150001455, angles={'little': 1250.0, 'ring': 1403.0, 'middle': 1522.0, 'index': 1419.0, 'thumb_bend': 1368.0, 'thumb_swing': 918.0}, forces={'little': 452.0, 'ring': 172.0, 'middle': 59.0, 'index': 33.0, 'thumb_bend': 480.0, 'thumb_swing': 499.0}, tactile={'fingers': {'little': {'normal': 0.0, 'tangential': 0.0, 'angle': 65535.0, 'proximity': 0.0}, 'ring': {'normal': 26.0, 'tangential': 54.0, 'angle': 65.0, 'proximity': 65536.0}, 'middle': {'normal': 0.0, 'tangential': 0.0, 'angle': 65535.0, 'proximity': 0.0}, 'index': {'normal': 0.0, 'tangential': 0.0, 'angle': 65535.0, 'proximity': 262144.0}, 'thumb': {'normal': 7.0, 'tangential': 10.0, 'angle': 46.0, 'proximity': 187264.0}}, 'palm': {'palm_1': 0.0, 'palm_2': 0.0, 'palm_3': 65535.0, 'palm_4': 0.0, 'palm_5': 0.0, 'palm_6': 65535.0, 'palm_7': 0.0, 'palm_8': 0.0, 'palm_9': 65535.0}})"", ""TouchFrame(elapsed_s=2.8105619879997903, angles={'little': 1250.0, 'ring': 1403.0, 'middle': 1522.0, 'index': 1419.0, 'thumb_bend': 1368.0, 'thumb_swing': 918.0}, forces={'little': 452.0, 'ring': 172.0, 'middle': 59.0, 'index': 33.0, 'thumb_bend': 479.0, 'thumb_swing': 499.0}, tactile={'fingers': {'little': {'normal': 0.0, 'tangential': 0.0, 'angle': 65535.0, 'proximity': 0.0}, 'ring': {'normal': 26.0, 'tangential': 54.0, 'angle': 65.0, 'proximity': 65536.0}, 'middle': {'normal': 0.0, 'tangential': 0.0, 'angle': 65535.0, 'proximity': 0.0}, 'index': {'normal': 0.0, 'tangential': 0.0, 'angle': 65535.0, 'proximity': 524288.0}, 'thumb': {'normal': 7.0, 'tangential': 10.0, 'angle': 46.0, 'proximity': 187294.0}}, 'palm': {'palm_1': 0.0, 'palm_2': 0.0, 'palm_3': 65535.0, 'palm_4': 0.0, 'palm_5': 0.0, 'palm_6': 65535.0, 'palm_7': 0.0, 'palm_8': 0.0, 'palm_9': 65535.0}})"", ""TouchFrame(elapsed_s=2.9922014750000017, angles={'little': 1251.0, 'ring': 1403.0, 'middle': 1522.0, 'index': 1419.0, 'thumb_bend': 1368.0, 'thumb_swing': 918.0}, forces={'little': 452.0, 'ring': 172.0, 'middle': 59.0, 'index': 34.0, 'thumb_bend': 480.0, 'thumb_swing': 500.0}, tactile={'fingers': {'little': {'normal': 0.0, 'tangential': 0.0, 'angle': 65535.0, 'proximity': 0.0}, 'ring': {'normal': 26.0, 'tangential': 54.0, 'angle': 64.0, 'proximity': 65536.0}, 'middle': {'normal': 0.0, 'tangential': 0.0, 'angle': 65535.0, 'proximity': 0.0}, 'index': {'normal': 0.0, 'tangential': 0.0, 'angle': 65535.0, 'proximity': 0.0}, 'thumb': {'normal': 7.0, 'tangential': 10.0, 'angle': 44.0, 'proximity': 184844.0}}, 'palm': {'palm_1': 0.0, 'palm_2': 0.0, 'palm_3': 65535.0, 'palm_4': 0.0, 'palm_5': 0.0, 'palm_6': 65535.0, 'palm_7': 0.0, 'palm_8': 0.0, 'palm_9': 65535.0}})"", ""TouchFrame(elapsed_s=3.1732179010004984, angles={'little': 1250.0, 'ring': 1403.0, 'middle': 1522.0, 'index': 1419.0, 'thumb_bend': 1368.0, 'thumb_swing': 918.0}, forces={'little': 452.0, 'ring': 172.0, 'middle': 59.0, 'index': 33.0, 'thumb_bend': 480.0, 'thumb_swing': 499.0}, tactile={'fingers': {'little': {'normal': 0.0, 'tangential': 0.0, 'angle': 65535.0, 'proximity': 0.0}, 'ring': {'normal': 26.0, 'tangential': 54.0, 'angle': 64.0, 'proximity': 65536.0}, 'middle': {'normal': 0.0, 'tangential': 0.0, 'angle': 65535.0, 'proximity': 0.0}, 'index': {'normal': 0.0, 'tangential': 0.0, 'angle': 65535.0, 'proximity': 524288.0}, 'thumb': {'normal': 7.0, 'tangential': 9.0, 'angle': 48.0, 'proximity': 185982.0}}, 'palm': {'palm_1': 0.0, 'palm_2': 0.0, 'palm_3': 65535.0, 'palm_4': 0.0, 'palm_5': 0.0, 'palm_6': 65535.0, 'palm_7': 0.0, 'palm_8': 0.0, 'palm_9': 65535.0}})"", ""TouchFrame(elapsed_s=3.353909501999624, angles={'little': 1250.0, 'ring': 1403.0, 'middle': 1522.0, 'index': 1419.0, 'thumb_bend': 1368.0, 'thumb_swing': 918.0}, forces={'little': 452.0, 'ring': 172.0, 'middle': 59.0, 'index': 33.0, 'thumb_bend': 480.0, 'thumb_swing': 499.0}, tactile={'fingers': {'little': {'normal': 0.0, 'tangential': 0.0, 'angle': 65535.0, 'proximity': 0.0}, 'ring': {'normal': 26.0, 'tangential': 54.0, 'angle': 64.0, 'proximity': 65536.0}, 'middle': {'normal': 0.0, 'tangential': 0.0, 'angle': 65535.0, 'proximity': 0.0}, 'index': {'normal': 0.0, 'tangential': 0.0, 'angle': 65535.0, 'proximity': 0.0}, 'thumb': {'normal': 7.0, 'tangential': 9.0, 'angle': 45.0, 'proximity': 187158.0}}, 'palm': {'palm_1': 0.0, 'palm_2': 0.0, 'palm_3': 65535.0, 'palm_4': 0.0, 'palm_5': 0.0, 'palm_6': 65535.0, 'palm_7': 0.0, 'palm_8': 0.0, 'palm_9': 65535.0}})"", ""TouchFrame(elapsed_s=3.5344243099998494, angles={'little': 1250.0, 'ring': 1403.0, 'middle': 1522.0, 'index': 1419.0, 'thumb_bend': 1368.0, 'thumb_swing': 918.0}, forces={'little': 452.0, 'ring': 172.0, 'middle': 59.0, 'index': 34.0, 'thumb_bend': 478.0, 'thumb_swing': 499.0}, tactile={'fingers': {'little': {'normal': 0.0, 'tangential': 0.0, 'angle': 65535.0, 'proximity': 0.0}, 'ring': {'normal': 26.0, 'tangential': 54.0, 'angle': 64.0, 'proximity': 65536.0}, 'middle': {'normal': 0.0, 'tangential': 0.0, 'angle': 65535.0, 'proximity': 0.0}, 'index': {'normal': 0.0, 'tangential': 0.0, 'angle': 65535.0, 'proximity': 589824.0}, 'thumb': {'normal': 7.0, 'tangential': 9.0, 'angle': 46.0, 'proximity': 186392.0}}, 'palm': {'palm_1': 0.0, 'palm_2': 0.0, 'palm_3': 65535.0, 'palm_4': 0.0, 'palm_5': 0.0, 'palm_6': 65535.0, 'palm_7': 0.0, 'palm_8': 0.0, 'palm_9': 65535.0}})"", ""TouchFrame(elapsed_s=3.7150475199996436, angles={'little': 1251.0, 'ring': 1403.0, 'middle': 1522.0, 'index': 1419.0, 'thumb_bend': 1368.0, 'thumb_swing': 918.0}, forces={'little': 452.0, 'ring': 172.0, 'middle': 59.0, 'index': 34.0, 'thumb_bend': 478.0, 'thumb_swing': 499.0}, tactile={'fingers': {'little': {'normal': 0.0, 'tangential': 0.0, 'angle': 65535.0, 'proximity': 0.0}, 'ring': {'normal': 26.0, 'tangential': 54.0, 'angle': 64.0, 'proximity': 65536.0}, 'middle': {'normal': 0.0, 'tangential': 0.0, 'angle': 65535.0, 'proximity': 0.0}, 'index': {'normal': 0.0, 'tangential': 0.0, 'angle': 65535.0, 'proximity': 458752.0}, 'thumb': {'normal': 7.0, 'tangential': 9.0, 'angle': 45.0, 'proximity': 186999.0}}, 'palm': {'palm_1': 0.0, 'palm_2': 0.0, 'palm_3': 65535.0, 'palm_4': 0.0, 'palm_5': 0.0, 'palm_6': 65535.0, 'palm_7': 0.0, 'palm_8': 0.0, 'palm_9': 65535.0}})"", ""TouchFrame(elapsed_s=3.896040601000095, angles={'little': 1250.0, 'ring': 1403.0, 'middle': 1522.0, 'index': 1419.0, 'thumb_bend': 1368.0, 'thumb_swing': 918.0}, forces={'little': 452.0, 'ring': 172.0, 'middle': 59.0, 'index': 35.0, 'thumb_bend': 480.0, 'thumb_swing': 499.0}, tactile={'fingers': {'little': {'normal': 0.0, 'tangential': 0.0, 'angle': 65535.0, 'proximity': 0.0}, 'ring': {'normal': 26.0, 'tangential': 54.0, 'angle': 65.0, 'proximity': 65536.0}, 'middle': {'normal': 0.0, 'tangential': 0.0, 'angle': 65535.0, 'proximity': 0.0}, 'index': {'normal': 0.0, 'tangential': 0.0, 'angle': 65535.0, 'proximity': 589824.0}, 'thumb': {'normal': 7.0, 'tangential': 9.0, 'angle': 46.0, 'proximity': 186672.0}}, 'palm': {'palm_1': 0.0, 'palm_2': 0.0, 'palm_3': 65535.0, 'palm_4': 0.0, 'palm_5': 0.0, 'palm_6': 65535.0, 'palm_7': 0.0, 'palm_8': 0.0, 'palm_9': 65535.0}})"", ""TouchFrame(elapsed_s=4.078049699000076, angles={'little': 1250.0, 'ring': 1403.0, 'middle': 1522.0, 'index': 1419.0, 'thumb_bend': 1368.0, 'thumb_swing': 918.0}, forces={'little': 452.0, 'ring': 172.0, 'middle': 59.0, 'index': 35.0, 'thumb_bend': 480.0, 'thumb_swing': 499.0}, tactile={'fingers': {'little': {'normal': 0.0, 'tangential': 0.0, 'angle': 65535.0, 'proximity': 0.0}, 'ring': {'normal': 26.0, 'tangential': 54.0, 'angle': 65.0, 'proximity': 65536.0}, 'middle': {'normal': 0.0, 'tangential': 0.0, 'angle': 65535.0, 'proximity': 0.0}, 'index': {'normal': 0.0, 'tangential': 0.0, 'angle': 65535.0, 'proximity': 131072.0}, 'thumb': {'normal': 7.0, 'tangential': 10.0, 'angle': 43.0, 'proximity': 186187.0}}, 'palm': {'palm_1': 0.0, 'palm_2': 0.0, 'palm_3': 65535.0, 'palm_4': 0.0, 'palm_5': 0.0, 'palm_6': 65535.0, 'palm_7': 0.0, 'palm_8': 0.0, 'palm_9': 65535.0}})"", ""TouchFrame(elapsed_s=4.258883683000022, angles={'little': 1250.0, 'ring': 1403.0, 'middle': 1522.0, 'index': 1419.0, 'thumb_bend': 1368.0, 'thumb_swing': 918.0}, forces={'little': 451.0, 'ring': 172.0, 'middle': 59.0, 'index': 35.0, 'thumb_bend': 480.0, 'thumb_swing': 499.0}, tactile={'fingers': {'little': {'normal': 0.0, 'tangential': 0.0, 'angle': 65535.0, 'proximity': 0.0}, 'ring': {'normal': 26.0, 'tangential': 54.0, 'angle': 64.0, 'proximity': 65536.0}, 'middle': {'normal': 0.0, 'tangential': 0.0, 'angle': 65535.0, 'proximity': 0.0}, 'index': {'normal': 0.0, 'tangential': 0.0, 'angle': 65535.0, 'proximity': 524288.0}, 'thumb': {'normal': 7.0, 'tangential': 9.0, 'angle': 44.0, 'proximity': 186983.0}}, 'palm': {'palm_1': 0.0, 'palm_2': 0.0, 'palm_3': 65535.0, 'palm_4': 0.0, 'palm_5': 0.0, 'palm_6': 65535.0, 'palm_7': 0.0, 'palm_8': 0.0, 'palm_9': 65535.0}})"", ""TouchFrame(elapsed_s=4.439804659999936, angles={'little': 1250.0, 'ring': 1403.0, 'middle': 1522.0, 'index': 1420.0, 'thumb_bend': 1368.0, 'thumb_swing': 918.0}, forces={'little': 451.0, 'ring': 172.0, 'middle': 59.0, 'index': 35.0, 'thumb_bend': 478.0, 'thumb_swing': 499.0}, tactile={'fingers': {'little': {'normal': 0.0, 'tangential': 0.0, 'angle': 65535.0, 'proximity': 0.0}, 'ring': {'normal': 26.0, 'tangential': 54.0, 'angle': 65.0, 'proximity': 65536.0}, 'middle': {'normal': 0.0, 'tangential': 0.0, 'angle': 65535.0, 'proximity': 0.0}, 'index': {'normal': 0.0, 'tangential': 0.0, 'angle': 65535.0, 'proximity': 196608.0}, 'thumb': {'normal': 7.0, 'tangential': 10.0, 'angle': 43.0, 'proximity': 186741.0}}, 'palm': {'palm_1': 0.0, 'palm_2': 0.0, 'palm_3': 65535.0, 'palm_4': 0.0, 'palm_5': 0.0, 'palm_6': 65535.0, 'palm_7': 0.0, 'palm_8': 0.0, 'palm_9': 65535.0}})""], ""squeeze_baseline_angles"": null, ""squeeze_baseline_forces"": null, ""squeeze_frames"": [], ""squeeze_baseline_source"": """", ""squeeze_hover_tail_count"": 10, ""squeeze_middle_ready"": null, ""squeeze_middle_contact_delta"": null, ""squeeze_middle_seek_steps"": 0, ""squeeze_command_sample_index"": null, ""contact_threshold"": 70.0, ""lift_force_delta"": null, ""weight_g"": null, ""notes"": ""claw_machine""}","{""little"": 896.0, ""ring"": 896.0, ""middle"": 897.0, ""index"": 896.0, ""thumb_bend"": 1125.0, ""thumb_swing"": 1703.0}","{""little"": 326.0, ""ring"": 261.0, ""middle"": 288.0, ""index"": 245.0, ""thumb_bend"": 363.0, ""thumb_swing"": 12.0}","[-11.865, 58.49, -55.858, 0.0, 43.445, 9.147]","{""ee.x"": 207.971, ""ee.y"": -43.695, ""ee.z"": 353.182, ""ee.rx"": 169.663, ""ee.ry"": 48.092, ""ee.rz"": 154.364}",175.536,55.498,119.972,197.205,-281.251,245.243,"{""ee.x"": 197.205, ""ee.y"": -281.251, ""ee.z"": 245.243, ""ee.rx"": 175.536, ""ee.ry"": 55.498, ""ee.rz"": 119.972}",169.663,48.092,154.364,207.971,-43.695,215.0,"{""ee.x"": 207.971, ""ee.y"": -43.695, ""ee.z"": 215.0, ""ee.rx"": 169.663, ""ee.ry"": 48.092, ""ee.rz"": 154.364}",1,169.663,48.092,154.364,207.971,-43.695,353.182,"{""ee.x"": 207.971, ""ee.y"": -43.695, ""ee.z"": 353.182, ""ee.rx"": 169.663, ""ee.ry"": 48.092, ""ee.rz"": 154.364}",169.663,48.092,154.364,207.971,-43.695,287.496,"{""ee.x"": 207.971, ""ee.y"": -43.695, ""ee.z"": 287.496, ""ee.rx"": 169.663, ""ee.ry"": 48.092, ""ee.rz"": 154.364}",complete,1,172.196,49.686,169.902,161.039,0.257,332.985,"{""ee.x"": 161.039, ""ee.y"": 0.257, ""ee.z"": 332.985, ""ee.rx"": 172.196, ""ee.ry"": 49.686, ""ee.rz"": 169.902}",1786713629.7949696
"{'little': 1217.0, 'ring': 1223.0, 'middle': 1520.0, 'index': 1350.0, 'thumb_bend': 1356.0, 'thumb_swing': 913.0}","{'little': 111.0, 'ring': 83.0, 'middle': 56.0, 'index': 43.0, 'thumb_bend': 29.0, 'thumb_swing': 84.0}","[0.094, 46.475, -45.704, 0.0, 43.879, 9.078]","{""ee.x"": 161.071, ""ee.y"": 0.265, ""ee.z"": 333.668, ""ee.rx"": 169.219, ""ee.ry"": 49.491, ""ee.rz"": 166.035}","{""label"": ""unknown"", ""trial_id"": ""20260814_212033"", ""repeat_index"": 0, ""baseline_angles"": {""little"": 1599.0, ""ring"": 1599.0, ""middle"": 1596.0, ""index"": 1599.0, ""thumb_bend"": 1468.0, ""thumb_swing"": 1050.0}, ""baseline_forces"": {""little"": 62.0, ""ring"": -18.0, ""middle"": 21.0, ""index"": -7.0, ""thumb_bend"": -1.0, ""thumb_swing"": 60.0}, ""frames"": [""TouchFrame(elapsed_s=0.18344971400074428, angles={'little': 1590.0, 'ring': 1599.0, 'middle': 1596.0, 'index': 1599.0, 'thumb_bend': 1468.0, 'thumb_swing': 1028.0}, forces={'little': 70.0, 'ring': -15.0, 'middle': 25.0, 'index': -5.0, 'thumb_bend': -1.0, 'thumb_swing': 59.0}, tactile={'fingers': {'little': {'normal': 0.0, 'tangential': 0.0, 'angle': 65535.0, 'proximity': 0.0}, 'ring': {'normal': 0.0, 'tangential': 0.0, 'angle': 65535.0, 'proximity': 0.0}, 'middle': {'normal': 0.0, 'tangential': 0.0, 'angle': 65535.0, 'proximity': 0.0}, 'index': {'normal': 0.0, 'tangential': 0.0, 'angle': 65535.0, 'proximity': 524288.0}, 'thumb': {'normal': 56.0, 'tangential': 145.0, 'angle': 81.0, 'proximity': 0.0}}, 'palm': {'palm_1': 0.0, 'palm_2': 0.0, 'palm_3': 65535.0, 'palm_4': 0.0, 'palm_5': 0.0, 'palm_6': 65535.0, 'palm_7': 0.0, 'palm_8': 0.0, 'palm_9': 65535.0}})"", ""TouchFrame(elapsed_s=0.36462274600035016, angles={'little': 1524.0, 'ring': 1589.0, 'middle': 1597.0, 'index': 1599.0, 'thumb_bend': 1466.0, 'thumb_swing': 981.0}, forces={'little': 75.0, 'ring': 56.0, 'middle': 19.0, 'index': -9.0, 'thumb_bend': -1.0, 'thumb_swing': 80.0}, tactile={'fingers': {'little': {'normal': 0.0, 'tangential': 0.0, 'angle': 65535.0, 'proximity': 0.0}, 'ring': {'normal': 0.0, 'tangential': 0.0, 'angle': 65535.0, 'proximity': 0.0}, 'middle': {'normal': 0.0, 'tangential': 0.0, 'angle': 65535.0, 'proximity': 0.0}, 'index': {'normal': 0.0, 'tangential': 0.0, 'angle': 65535.0, 'proximity': 196608.0}, 'thumb': {'normal': 56.0, 'tangential': 145.0, 'angle': 81.0, 'proximity': 0.0}}, 'palm': {'palm_1': 0.0, 'palm_2': 0.0, 'palm_3': 65535.0, 'palm_4': 0.0, 'palm_5': 0.0, 'palm_6': 65535.0, 'palm_7': 0.0, 'palm_8': 0.0, 'palm_9': 65535.0}})"", ""TouchFrame(elapsed_s=0.5475069600006464, angles={'little': 1465.0, 'ring': 1537.0, 'middle': 1579.0, 'index': 1587.0, 'thumb_bend': 1430.0, 'thumb_swing': 929.0}, forces={'little': 79.0, 'ring': 295.0, 'middle': 90.0, 'index': 17.0, 'thumb_bend': 15.0, 'thumb_swing': 83.0}, tactile={'fingers': {'little': {'normal': 0.0, 'tangential': 0.0, 'angle': 65535.0, 'proximity': 0.0}, 'ring': {'normal': 0.0, 'tangential': 0.0, 'angle': 65535.0, 'proximity': 0.0}, 'middle': {'normal': 0.0, 'tangential': 0.0, 'angle': 65535.0, 'proximity': 0.0}, 'index': {'normal': 0.0, 'tangential': 0.0, 'angle': 65535.0, 'proximity': 131072.0}, 'thumb': {'normal': 56.0, 'tangential': 145.0, 'angle': 81.0, 'proximity': 0.0}}, 'palm': {'palm_1': 0.0, 'palm_2': 0.0, 'palm_3': 65535.0, 'palm_4': 0.0, 'palm_5': 0.0, 'palm_6': 65535.0, 'palm_7': 0.0, 'palm_8': 0.0, 'palm_9': 65535.0}})"", ""TouchFrame(elapsed_s=0.7290948670006401, angles={'little': 1407.0, 'ring': 1475.0, 'middle': 1548.0, 'index': 1549.0, 'thumb_bend': 1404.0, 'thumb_swing': 913.0}, forces={'little': 87.0, 'ring': 51.0, 'middle': 517.0, 'index': 111.0, 'thumb_bend': 23.0, 'thumb_swing': 86.0}, tactile={'fingers': {'little': {'normal': 0.0, 'tangential': 0.0, 'angle': 65535.0, 'proximity': 0.0}, 'ring': {'normal': 0.0, 'tangential': 0.0, 'angle': 65535.0, 'proximity': 0.0}, 'middle': {'normal': 0.0, 'tangential': 0.0, 'angle': 65535.0, 'proximity': 0.0}, 'index': {'normal': 0.0, 'tangential': 0.0, 'angle': 65535.0, 'proximity': 393216.0}, 'thumb': {'normal': 56.0, 'tangential': 145.0, 'angle': 81.0, 'proximity': 0.0}}, 'palm': {'palm_1': 0.0, 'palm_2': 0.0, 'palm_3': 65535.0, 'palm_4': 0.0, 'palm_5': 0.0, 'palm_6': 65535.0, 'palm_7': 0.0, 'palm_8': 0.0, 'palm_9': 65535.0}})"", ""TouchFrame(elapsed_s=0.9128302560002339, angles={'little': 1352.0, 'ring': 1426.0, 'middle': 1526.0, 'index': 1502.0, 'thumb_bend': 1375.0, 'thumb_swing': 913.0}, forces={'little': 94.0, 'ring': 52.0, 'middle': 737.0, 'index': 26.0, 'thumb_bend': 30.0, 'thumb_swing': 86.0}, tactile={'fingers': {'little': {'normal': 0.0, 'tangential': 0.0, 'angle': 65535.0, 'proximity': 0.0}, 'ring': {'normal': 0.0, 'tangential': 0.0, 'angle': 65535.0, 'proximity': 0.0}, 'middle': {'normal': 0.0, 'tangential': 0.0, 'angle': 65535.0, 'proximity': 65536.0}, 'index': {'normal': 0.0, 'tangential': 0.0, 'angle': 65535.0, 'proximity': 393216.0}, 'thumb': {'normal': 56.0, 'tangential': 145.0, 'angle': 81.0, 'proximity': 0.0}}, 'palm': {'palm_1': 0.0, 'palm_2': 0.0, 'palm_3': 65535.0, 'palm_4': 0.0, 'palm_5': 0.0, 'palm_6': 65535.0, 'palm_7': 0.0, 'palm_8': 0.0, 'palm_9': 65535.0}})"", ""TouchFrame(elapsed_s=1.0938585570002033, angles={'little': 1293.0, 'ring': 1373.0, 'middle': 1526.0, 'index': 1458.0, 'thumb_bend': 1356.0, 'thumb_swing': 913.0}, forces={'little': 107.0, 'ring': 60.0, 'middle': 713.0, 'index': 31.0, 'thumb_bend': 34.0, 'thumb_swing': 86.0}, tactile={'fingers': {'little': {'normal': 0.0, 'tangential': 0.0, 'angle': 65535.0, 'proximity': 0.0}, 'ring': {'normal': 0.0, 'tangential': 0.0, 'angle': 65535.0, 'proximity': 0.0}, 'middle': {'normal': 0.0, 'tangential': 0.0, 'angle': 65535.0, 'proximity': 0.0}, 'index': {'normal': 0.0, 'tangential': 0.0, 'angle': 65535.0, 'proximity': 131072.0}, 'thumb': {'normal': 56.0, 'tangential': 145.0, 'angle': 80.0, 'proximity': 0.0}}, 'palm': {'palm_1': 0.0, 'palm_2': 0.0, 'palm_3': 65535.0, 'palm_4': 0.0, 'palm_5': 0.0, 'palm_6': 65535.0, 'palm_7': 0.0, 'palm_8': 0.0, 'palm_9': 65535.0}})"", ""TouchFrame(elapsed_s=1.2749441200003275, angles={'little': 1233.0, 'ring': 1316.0, 'middle': 1526.0, 'index': 1407.0, 'thumb_bend': 1356.0, 'thumb_swing': 913.0}, forces={'little': 125.0, 'ring': 70.0, 'middle': 702.0, 'index': 37.0, 'thumb_bend': 32.0, 'thumb_swing': 84.0}, tactile={'fingers': {'little': {'normal': 0.0, 'tangential': 0.0, 'angle': 65535.0, 'proximity': 0.0}, 'ring': {'normal': 0.0, 'tangential': 0.0, 'angle': 65535.0, 'proximity': 0.0}, 'middle': {'normal': 0.0, 'tangential': 0.0, 'angle': 65535.0, 'proximity': 0.0}, 'index': {'normal': 0.0, 'tangential': 0.0, 'angle': 65535.0, 'proximity': 131072.0}, 'thumb': {'normal': 56.0, 'tangential': 145.0, 'angle': 81.0, 'proximity': 0.0}}, 'palm': {'palm_1': 0.0, 'palm_2': 0.0, 'palm_3': 65535.0, 'palm_4': 0.0, 'palm_5': 0.0, 'palm_6': 65535.0, 'palm_7': 0.0, 'palm_8': 0.0, 'palm_9': 65535.0}})"", ""TouchFrame(elapsed_s=1.4581777430003058, angles={'little': 1213.0, 'ring': 1265.0, 'middle': 1526.0, 'index': 1369.0, 'thumb_bend': 1356.0, 'thumb_swing': 913.0}, forces={'little': 127.0, 'ring': 80.0, 'middle': 695.0, 'index': 41.0, 'thumb_bend': 32.0, 'thumb_swing': 84.0}, tactile={'fingers': {'little': {'normal': 0.0, 'tangential': 0.0, 'angle': 65535.0, 'proximity': 0.0}, 'ring': {'normal': 0.0, 'tangential': 0.0, 'angle': 65535.0, 'proximity': 0.0}, 'middle': {'normal': 0.0, 'tangential': 0.0, 'angle': 65535.0, 'proximity': 0.0}, 'index': {'normal': 0.0, 'tangential': 0.0, 'angle': 65535.0, 'proximity': 393216.0}, 'thumb': {'normal': 56.0, 'tangential': 145.0, 'angle': 81.0, 'proximity': 0.0}}, 'palm': {'palm_1': 0.0, 'palm_2': 0.0, 'palm_3': 65535.0, 'palm_4': 0.0, 'palm_5': 0.0, 'palm_6': 65535.0, 'palm_7': 0.0, 'palm_8': 0.0, 'palm_9': 65535.0}})""], ""hover_frames"": [""TouchFrame(elapsed_s=0.08085664899954281, angles={'little': 1217.0, 'ring': 1223.0, 'middle': 1520.0, 'index': 1351.0, 'thumb_bend': 1356.0, 'thumb_swing': 913.0}, forces={'little': 107.0, 'ring': 84.0, 'middle': 55.0, 'index': 43.0, 'thumb_bend': 30.0, 'thumb_swing': 84.0}, tactile={'fingers': {'little': {'normal': 0.0, 'tangential': 0.0, 'angle': 65535.0, 'proximity': 0.0}, 'ring': {'normal': 0.0, 'tangential': 0.0, 'angle': 65535.0, 'proximity': 0.0}, 'middle': {'normal': 0.0, 'tangential': 0.0, 'angle': 65535.0, 'proximity': 0.0}, 'index': {'normal': 0.0, 'tangential': 0.0, 'angle': 65535.0, 'proximity': 327680.0}, 'thumb': {'normal': 56.0, 'tangential': 145.0, 'angle': 81.0, 'proximity': 0.0}}, 'palm': {'palm_1': 0.0, 'palm_2': 0.0, 'palm_3': 65535.0, 'palm_4': 0.0, 'palm_5': 0.0, 'palm_6': 65535.0, 'palm_7': 0.0, 'palm_8': 0.0, 'palm_9': 65535.0}})"", ""TouchFrame(elapsed_s=0.263610761999189, angles={'little': 1217.0, 'ring': 1223.0, 'middle': 1520.0, 'index': 1351.0, 'thumb_bend': 1356.0, 'thumb_swing': 913.0}, forces={'little': 107.0, 'ring': 85.0, 'middle': 56.0, 'index': 43.0, 'thumb_bend': 30.0, 'thumb_swing': 84.0}, tactile={'fingers': {'little': {'normal': 0.0, 'tangential': 0.0, 'angle': 65535.0, 'proximity': 0.0}, 'ring': {'normal': 0.0, 'tangential': 0.0, 'angle': 65535.0, 'proximity': 0.0}, 'middle': {'normal': 0.0, 'tangential': 0.0, 'angle': 65535.0, 'proximity': 0.0}, 'index': {'normal': 0.0, 'tangential': 0.0, 'angle': 65535.0, 'proximity': 121284.0}, 'thumb': {'normal': 56.0, 'tangential': 145.0, 'angle': 81.0, 'proximity': 0.0}}, 'palm': {'palm_1': 0.0, 'palm_2': 0.0, 'palm_3': 65535.0, 'palm_4': 0.0, 'palm_5': 0.0, 'palm_6': 65535.0, 'palm_7': 0.0, 'palm_8': 0.0, 'palm_9': 65535.0}})"", ""TouchFrame(elapsed_s=0.4446819469994807, angles={'little': 1217.0, 'ring': 1223.0, 'middle': 1520.0, 'index': 1351.0, 'thumb_bend': 1356.0, 'thumb_swing': 913.0}, forces={'little': 107.0, 'ring': 84.0, 'middle': 56.0, 'index': 43.0, 'thumb_bend': 30.0, 'thumb_swing': 84.0}, tactile={'fingers': {'little': {'normal': 0.0, 'tangential': 0.0, 'angle': 65535.0, 'proximity': 0.0}, 'ring': {'normal': 0.0, 'tangential': 0.0, 'angle': 65535.0, 'proximity': 0.0}, 'middle': {'normal': 0.0, 'tangential': 0.0, 'angle': 65535.0, 'proximity': 0.0}, 'index': {'normal': 0.0, 'tangential': 0.0, 'angle': 65535.0, 'proximity': 582047.0}, 'thumb': {'normal': 56.0, 'tangential': 145.0, 'angle': 81.0, 'proximity': 0.0}}, 'palm': {'palm_1': 0.0, 'palm_2': 0.0, 'palm_3': 65535.0, 'palm_4': 0.0, 'palm_5': 0.0, 'palm_6': 65535.0, 'palm_7': 0.0, 'palm_8': 0.0, 'palm_9': 65535.0}})"", ""TouchFrame(elapsed_s=0.6256837559994892, angles={'little': 1217.0, 'ring': 1223.0, 'middle': 1520.0, 'index': 1351.0, 'thumb_bend': 1356.0, 'thumb_swing': 913.0}, forces={'little': 108.0, 'ring': 83.0, 'middle': 55.0, 'index': 41.0, 'thumb_bend': 30.0, 'thumb_swing': 84.0}, tactile={'fingers': {'little': {'normal': 0.0, 'tangential': 0.0, 'angle': 65535.0, 'proximity': 0.0}, 'ring': {'normal': 0.0, 'tangential': 0.0, 'angle': 65535.0, 'proximity': 0.0}, 'middle': {'normal': 0.0, 'tangential': 0.0, 'angle': 65535.0, 'proximity': 0.0}, 'index': {'normal': 0.0, 'tangential': 0.0, 'angle': 65535.0, 'proximity': 581978.0}, 'thumb': {'normal': 56.0, 'tangential': 145.0, 'angle': 81.0, 'proximity': 0.0}}, 'palm': {'palm_1': 0.0, 'palm_2': 0.0, 'palm_3': 65535.0, 'palm_4': 0.0, 'palm_5': 0.0, 'palm_6': 65535.0, 'palm_7': 0.0, 'palm_8': 0.0, 'palm_9': 65535.0}})"", ""TouchFrame(elapsed_s=0.8086546729991824, angles={'little': 1217.0, 'ring': 1223.0, 'middle': 1520.0, 'index': 1351.0, 'thumb_bend': 1356.0, 'thumb_swing': 913.0}, forces={'little': 107.0, 'ring': 83.0, 'middle': 56.0, 'index': 41.0, 'thumb_bend': 30.0, 'thumb_swing': 84.0}, tactile={'fingers': {'little': {'normal': 0.0, 'tangential': 0.0, 'angle': 65535.0, 'proximity': 0.0}, 'ring': {'normal': 0.0, 'tangential': 0.0, 'angle': 65535.0, 'proximity': 0.0}, 'middle': {'normal': 0.0, 'tangential': 0.0, 'angle': 65535.0, 'proximity': 0.0}, 'index': {'normal': 0.0, 'tangential': 0.0, 'angle': 65535.0, 'proximity': 262144.0}, 'thumb': {'normal': 56.0, 'tangential': 145.0, 'angle': 81.0, 'proximity': 0.0}}, 'palm': {'palm_1': 0.0, 'palm_2': 0.0, 'palm_3': 65535.0, 'palm_4': 0.0, 'palm_5': 0.0, 'palm_6': 65535.0, 'palm_7': 0.0, 'palm_8': 0.0, 'palm_9': 65535.0}})"", ""TouchFrame(elapsed_s=0.9897748449993742, angles={'little': 1217.0, 'ring': 1223.0, 'middle': 1520.0, 'index': 1351.0, 'thumb_bend': 1356.0, 'thumb_swing': 913.0}, forces={'little': 108.0, 'ring': 83.0, 'middle': 56.0, 'index': 41.0, 'thumb_bend': 30.0, 'thumb_swing': 84.0}, tactile={'fingers': {'little': {'normal': 0.0, 'tangential': 0.0, 'angle': 65535.0, 'proximity': 0.0}, 'ring': {'normal': 0.0, 'tangential': 0.0, 'angle': 65535.0, 'proximity': 0.0}, 'middle': {'normal': 0.0, 'tangential': 0.0, 'angle': 65535.0, 'proximity': 0.0}, 'index': {'normal': 0.0, 'tangential': 0.0, 'angle': 65535.0, 'proximity': 327680.0}, 'thumb': {'normal': 56.0, 'tangential': 145.0, 'angle': 81.0, 'proximity': 0.0}}, 'palm': {'palm_1': 0.0, 'palm_2': 0.0, 'palm_3': 65535.0, 'palm_4': 0.0, 'palm_5': 0.0, 'palm_6': 65535.0, 'palm_7': 0.0, 'palm_8': 0.0, 'palm_9': 65535.0}})"", ""TouchFrame(elapsed_s=1.1707990979994065, angles={'little': 1217.0, 'ring': 1223.0, 'middle': 1520.0, 'index': 1351.0, 'thumb_bend': 1356.0, 'thumb_swing': 913.0}, forces={'little': 108.0, 'ring': 83.0, 'middle': 55.0, 'index': 41.0, 'thumb_bend': 29.0, 'thumb_swing': 84.0}, tactile={'fingers': {'little': {'normal': 0.0, 'tangential': 0.0, 'angle': 65535.0, 'proximity': 0.0}, 'ring': {'normal': 0.0, 'tangential': 0.0, 'angle': 65535.0, 'proximity': 0.0}, 'middle': {'normal': 0.0, 'tangential': 0.0, 'angle': 65535.0, 'proximity': 0.0}, 'index': {'normal': 0.0, 'tangential': 0.0, 'angle': 65535.0, 'proximity': 393216.0}, 'thumb': {'normal': 56.0, 'tangential': 145.0, 'angle': 81.0, 'proximity': 0.0}}, 'palm': {'palm_1': 0.0, 'palm_2': 0.0, 'palm_3': 65535.0, 'palm_4': 0.0, 'palm_5': 0.0, 'palm_6': 65535.0, 'palm_7': 0.0, 'palm_8': 0.0, 'palm_9': 65535.0}})"", ""TouchFrame(elapsed_s=1.3542858949995207, angles={'little': 1217.0, 'ring': 1223.0, 'middle': 1520.0, 'index': 1351.0, 'thumb_bend': 1356.0, 'thumb_swing': 913.0}, forces={'little': 107.0, 'ring': 83.0, 'middle': 55.0, 'index': 41.0, 'thumb_bend': 30.0, 'thumb_swing': 84.0}, tactile={'fingers': {'little': {'normal': 0.0, 'tangential': 0.0, 'angle': 65535.0, 'proximity': 0.0}, 'ring': {'normal': 0.0, 'tangential': 0.0, 'angle': 65535.0, 'proximity': 0.0}, 'middle': {'normal': 0.0, 'tangential': 0.0, 'angle': 65535.0, 'proximity': 0.0}, 'index': {'normal': 0.0, 'tangential': 0.0, 'angle': 65535.0, 'proximity': 131072.0}, 'thumb': {'normal': 56.0, 'tangential': 145.0, 'angle': 81.0, 'proximity': 0.0}}, 'palm': {'palm_1': 0.0, 'palm_2': 0.0, 'palm_3': 65535.0, 'palm_4': 0.0, 'palm_5': 0.0, 'palm_6': 65535.0, 'palm_7': 0.0, 'palm_8': 0.0, 'palm_9': 65535.0}})"", ""TouchFrame(elapsed_s=1.53581043199938, angles={'little': 1217.0, 'ring': 1223.0, 'middle': 1520.0, 'index': 1351.0, 'thumb_bend': 1356.0, 'thumb_swing': 913.0}, forces={'little': 108.0, 'ring': 83.0, 'middle': 55.0, 'index': 42.0, 'thumb_bend': 29.0, 'thumb_swing': 84.0}, tactile={'fingers': {'little': {'normal': 0.0, 'tangential': 0.0, 'angle': 65535.0, 'proximity': 0.0}, 'ring': {'normal': 0.0, 'tangential': 0.0, 'angle': 65535.0, 'proximity': 0.0}, 'middle': {'normal': 0.0, 'tangential': 0.0, 'angle': 65535.0, 'proximity': 0.0}, 'index': {'normal': 0.0, 'tangential': 0.0, 'angle': 65535.0, 'proximity': 393216.0}, 'thumb': {'normal': 56.0, 'tangential': 145.0, 'angle': 81.0, 'proximity': 0.0}}, 'palm': {'palm_1': 0.0, 'palm_2': 0.0, 'palm_3': 65535.0, 'palm_4': 0.0, 'palm_5': 0.0, 'palm_6': 65535.0, 'palm_7': 0.0, 'palm_8': 0.0, 'palm_9': 65535.0}})"", ""TouchFrame(elapsed_s=1.6992602169993916, angles={'little': 1217.0, 'ring': 1223.0, 'middle': 1520.0, 'index': 1350.0, 'thumb_bend': 1356.0, 'thumb_swing': 913.0}, forces={'little': 108.0, 'ring': 83.0, 'middle': 55.0, 'index': 43.0, 'thumb_bend': 29.0, 'thumb_swing': 84.0}, tactile={'fingers': {'little': {'normal': 0.0, 'tangential': 0.0, 'angle': 65535.0, 'proximity': 0.0}, 'ring': {'normal': 0.0, 'tangential': 0.0, 'angle': 65535.0, 'proximity': 0.0}, 'middle': {'normal': 0.0, 'tangential': 0.0, 'angle': 65535.0, 'proximity': 0.0}, 'index': {'normal': 0.0, 'tangential': 0.0, 'angle': 65535.0, 'proximity': 327680.0}, 'thumb': {'normal': 56.0, 'tangential': 145.0, 'angle': 81.0, 'proximity': 0.0}}, 'palm': {'palm_1': 0.0, 'palm_2': 0.0, 'palm_3': 65535.0, 'palm_4': 0.0, 'palm_5': 0.0, 'palm_6': 65535.0, 'palm_7': 0.0, 'palm_8': 0.0, 'palm_9': 65535.0}})"", ""TouchFrame(elapsed_s=1.8601901519996318, angles={'little': 1217.0, 'ring': 1223.0, 'middle': 1520.0, 'index': 1351.0, 'thumb_bend': 1356.0, 'thumb_swing': 913.0}, forces={'little': 109.0, 'ring': 83.0, 'middle': 55.0, 'index': 42.0, 'thumb_bend': 29.0, 'thumb_swing': 84.0}, tactile={'fingers': {'little': {'normal': 0.0, 'tangential': 0.0, 'angle': 65535.0, 'proximity': 0.0}, 'ring': {'normal': 0.0, 'tangential': 0.0, 'angle': 65535.0, 'proximity': 0.0}, 'middle': {'normal': 0.0, 'tangential': 0.0, 'angle': 65535.0, 'proximity': 0.0}, 'index': {'normal': 0.0, 'tangential': 0.0, 'angle': 65535.0, 'proximity': 131072.0}, 'thumb': {'normal': 56.0, 'tangential': 145.0, 'angle': 81.0, 'proximity': 0.0}}, 'palm': {'palm_1': 0.0, 'palm_2': 0.0, 'palm_3': 65535.0, 'palm_4': 0.0, 'palm_5': 0.0, 'palm_6': 65535.0, 'palm_7': 0.0, 'palm_8': 0.0, 'palm_9': 65535.0}})"", ""TouchFrame(elapsed_s=2.0416727819992957, angles={'little': 1217.0, 'ring': 1223.0, 'middle': 1520.0, 'index': 1351.0, 'thumb_bend': 1356.0, 'thumb_swing': 913.0}, forces={'little': 108.0, 'ring': 83.0, 'middle': 55.0, 'index': 43.0, 'thumb_bend': 29.0, 'thumb_swing': 84.0}, tactile={'fingers': {'little': {'normal': 0.0, 'tangential': 0.0, 'angle': 65535.0, 'proximity': 0.0}, 'ring': {'normal': 0.0, 'tangential': 0.0, 'angle': 65535.0, 'proximity': 0.0}, 'middle': {'normal': 0.0, 'tangential': 0.0, 'angle': 65535.0, 'proximity': 0.0}, 'index': {'normal': 0.0, 'tangential': 0.0, 'angle': 65535.0, 'proximity': 458752.0}, 'thumb': {'normal': 56.0, 'tangential': 145.0, 'angle': 81.0, 'proximity': 0.0}}, 'palm': {'palm_1': 0.0, 'palm_2': 0.0, 'palm_3': 65535.0, 'palm_4': 0.0, 'palm_5': 0.0, 'palm_6': 65535.0, 'palm_7': 0.0, 'palm_8': 0.0, 'palm_9': 65535.0}})"", ""TouchFrame(elapsed_s=2.2253542649996234, angles={'little': 1217.0, 'ring': 1223.0, 'middle': 1520.0, 'index': 1351.0, 'thumb_bend': 1356.0, 'thumb_swing': 913.0}, forces={'little': 109.0, 'ring': 83.0, 'middle': 55.0, 'index': 43.0, 'thumb_bend': 29.0, 'thumb_swing': 84.0}, tactile={'fingers': {'little': {'normal': 0.0, 'tangential': 0.0, 'angle': 65535.0, 'proximity': 0.0}, 'ring': {'normal': 0.0, 'tangential': 0.0, 'angle': 65535.0, 'proximity': 0.0}, 'middle': {'normal': 0.0, 'tangential': 0.0, 'angle': 65535.0, 'proximity': 0.0}, 'index': {'normal': 0.0, 'tangential': 0.0, 'angle': 65535.0, 'proximity': 196608.0}, 'thumb': {'normal': 56.0, 'tangential': 145.0, 'angle': 81.0, 'proximity': 0.0}}, 'palm': {'palm_1': 0.0, 'palm_2': 0.0, 'palm_3': 65535.0, 'palm_4': 0.0, 'palm_5': 0.0, 'palm_6': 65535.0, 'palm_7': 0.0, 'palm_8': 0.0, 'palm_9': 65535.0}})"", ""TouchFrame(elapsed_s=2.4068587749998187, angles={'little': 1217.0, 'ring': 1223.0, 'middle': 1520.0, 'index': 1351.0, 'thumb_bend': 1356.0, 'thumb_swing': 913.0}, forces={'little': 108.0, 'ring': 83.0, 'middle': 55.0, 'index': 43.0, 'thumb_bend': 29.0, 'thumb_swing': 84.0}, tactile={'fingers': {'little': {'normal': 0.0, 'tangential': 0.0, 'angle': 65535.0, 'proximity': 0.0}, 'ring': {'normal': 0.0, 'tangential': 0.0, 'angle': 65535.0, 'proximity': 0.0}, 'middle': {'normal': 0.0, 'tangential': 0.0, 'angle': 65535.0, 'proximity': 0.0}, 'index': {'normal': 0.0, 'tangential': 0.0, 'angle': 65535.0, 'proximity': 327680.0}, 'thumb': {'normal': 56.0, 'tangential': 145.0, 'angle': 81.0, 'proximity': 0.0}}, 'palm': {'palm_1': 0.0, 'palm_2': 0.0, 'palm_3': 65535.0, 'palm_4': 0.0, 'palm_5': 0.0, 'palm_6': 65535.0, 'palm_7': 0.0, 'palm_8': 0.0, 'palm_9': 65535.0}})"", ""TouchFrame(elapsed_s=2.5897160459999213, angles={'little': 1217.0, 'ring': 1223.0, 'middle': 1520.0, 'index': 1351.0, 'thumb_bend': 1356.0, 'thumb_swing': 913.0}, forces={'little': 108.0, 'ring': 83.0, 'middle': 55.0, 'index': 43.0, 'thumb_bend': 29.0, 'thumb_swing': 84.0}, tactile={'fingers': {'little': {'normal': 0.0, 'tangential': 0.0, 'angle': 65535.0, 'proximity': 0.0}, 'ring': {'normal': 0.0, 'tangential': 0.0, 'angle': 65535.0, 'proximity': 0.0}, 'middle': {'normal': 0.0, 'tangential': 0.0, 'angle': 65535.0, 'proximity': 0.0}, 'index': {'normal': 0.0, 'tangential': 0.0, 'angle': 65535.0, 'proximity': 327680.0}, 'thumb': {'normal': 56.0, 'tangential': 145.0, 'angle': 81.0, 'proximity': 0.0}}, 'palm': {'palm_1': 0.0, 'palm_2': 0.0, 'palm_3': 65535.0, 'palm_4': 0.0, 'palm_5': 0.0, 'palm_6': 65535.0, 'palm_7': 0.0, 'palm_8': 0.0, 'palm_9': 65535.0}})"", ""TouchFrame(elapsed_s=2.770768852999936, angles={'little': 1217.0, 'ring': 1223.0, 'middle': 1520.0, 'index': 1351.0, 'thumb_bend': 1356.0, 'thumb_swing': 913.0}, forces={'little': 109.0, 'ring': 84.0, 'middle': 55.0, 'index': 43.0, 'thumb_bend': 29.0, 'thumb_swing': 84.0}, tactile={'fingers': {'little': {'normal': 0.0, 'tangential': 0.0, 'angle': 65535.0, 'proximity': 0.0}, 'ring': {'normal': 0.0, 'tangential': 0.0, 'angle': 65535.0, 'proximity': 0.0}, 'middle': {'normal': 0.0, 'tangential': 0.0, 'angle': 65535.0, 'proximity': 0.0}, 'index': {'normal': 0.0, 'tangential': 0.0, 'angle': 65535.0, 'proximity': 65536.0}, 'thumb': {'normal': 56.0, 'tangential': 145.0, 'angle': 81.0, 'proximity': 0.0}}, 'palm': {'palm_1': 0.0, 'palm_2': 0.0, 'palm_3': 65535.0, 'palm_4': 0.0, 'palm_5': 0.0, 'palm_6': 65535.0, 'palm_7': 0.0, 'palm_8': 0.0, 'palm_9': 65535.0}})"", ""TouchFrame(elapsed_s=2.954248471000028, angles={'little': 1217.0, 'ring': 1223.0, 'middle': 1520.0, 'index': 1350.0, 'thumb_bend': 1356.0, 'thumb_swing': 913.0}, forces={'little': 109.0, 'ring': 83.0, 'middle': 55.0, 'index': 43.0, 'thumb_bend': 29.0, 'thumb_swing': 84.0}, tactile={'fingers': {'little': {'normal': 0.0, 'tangential': 0.0, 'angle': 65535.0, 'proximity': 0.0}, 'ring': {'normal': 0.0, 'tangential': 0.0, 'angle': 65535.0, 'proximity': 0.0}, 'middle': {'normal': 0.0, 'tangential': 0.0, 'angle': 65535.0, 'proximity': 0.0}, 'index': {'normal': 0.0, 'tangential': 0.0, 'angle': 65535.0, 'proximity': 126693.0}, 'thumb': {'normal': 56.0, 'tangential': 145.0, 'angle': 81.0, 'proximity': 0.0}}, 'palm': {'palm_1': 0.0, 'palm_2': 0.0, 'palm_3': 65535.0, 'palm_4': 0.0, 'palm_5': 0.0, 'palm_6': 65535.0, 'palm_7': 0.0, 'palm_8': 0.0, 'palm_9': 65535.0}})"", ""TouchFrame(elapsed_s=3.1351721429991812, angles={'little': 1217.0, 'ring': 1223.0, 'middle': 1520.0, 'index': 1351.0, 'thumb_bend': 1356.0, 'thumb_swing': 913.0}, forces={'little': 109.0, 'ring': 81.0, 'middle': 55.0, 'index': 43.0, 'thumb_bend': 29.0, 'thumb_swing': 84.0}, tactile={'fingers': {'little': {'normal': 0.0, 'tangential': 0.0, 'angle': 65535.0, 'proximity': 0.0}, 'ring': {'normal': 0.0, 'tangential': 0.0, 'angle': 65535.0, 'proximity': 0.0}, 'middle': {'normal': 0.0, 'tangential': 0.0, 'angle': 65535.0, 'proximity': 0.0}, 'index': {'normal': 0.0, 'tangential': 0.0, 'angle': 65535.0, 'proximity': 262144.0}, 'thumb': {'normal': 56.0, 'tangential': 145.0, 'angle': 81.0, 'proximity': 0.0}}, 'palm': {'palm_1': 0.0, 'palm_2': 0.0, 'palm_3': 65535.0, 'palm_4': 0.0, 'palm_5': 0.0, 'palm_6': 65535.0, 'palm_7': 0.0, 'palm_8': 0.0, 'palm_9': 65535.0}})"", ""TouchFrame(elapsed_s=3.3163525269992533, angles={'little': 1217.0, 'ring': 1223.0, 'middle': 1520.0, 'index': 1351.0, 'thumb_bend': 1356.0, 'thumb_swing': 913.0}, forces={'little': 109.0, 'ring': 81.0, 'middle': 66.0, 'index': 43.0, 'thumb_bend': 29.0, 'thumb_swing': 84.0}, tactile={'fingers': {'little': {'normal': 0.0, 'tangential': 0.0, 'angle': 65535.0, 'proximity': 0.0}, 'ring': {'normal': 0.0, 'tangential': 0.0, 'angle': 65535.0, 'proximity': 0.0}, 'middle': {'normal': 0.0, 'tangential': 0.0, 'angle': 65535.0, 'proximity': 1310720.0}, 'index': {'normal': 0.0, 'tangential': 0.0, 'angle': 65535.0, 'proximity': 720896.0}, 'thumb': {'normal': 56.0, 'tangential': 145.0, 'angle': 81.0, 'proximity': 0.0}}, 'palm': {'palm_1': 0.0, 'palm_2': 0.0, 'palm_3': 65535.0, 'palm_4': 0.0, 'palm_5': 0.0, 'palm_6': 65535.0, 'palm_7': 0.0, 'palm_8': 0.0, 'palm_9': 65535.0}})"", ""TouchFrame(elapsed_s=3.4997248079998826, angles={'little': 1217.0, 'ring': 1223.0, 'middle': 1520.0, 'index': 1350.0, 'thumb_bend': 1356.0, 'thumb_swing': 913.0}, forces={'little': 109.0, 'ring': 81.0, 'middle': 66.0, 'index': 43.0, 'thumb_bend': 29.0, 'thumb_swing': 85.0}, tactile={'fingers': {'little': {'normal': 0.0, 'tangential': 0.0, 'angle': 65535.0, 'proximity': 0.0}, 'ring': {'normal': 0.0, 'tangential': 0.0, 'angle': 65535.0, 'proximity': 0.0}, 'middle': {'normal': 0.0, 'tangential': 0.0, 'angle': 65535.0, 'proximity': 1572864.0}, 'index': {'normal': 0.0, 'tangential': 0.0, 'angle': 65535.0, 'proximity': 393216.0}, 'thumb': {'normal': 56.0, 'tangential': 145.0, 'angle': 81.0, 'proximity': 0.0}}, 'palm': {'palm_1': 0.0, 'palm_2': 0.0, 'palm_3': 65535.0, 'palm_4': 0.0, 'palm_5': 0.0, 'palm_6': 65535.0, 'palm_7': 0.0, 'palm_8': 0.0, 'palm_9': 65535.0}})"", ""TouchFrame(elapsed_s=3.681148017999476, angles={'little': 1217.0, 'ring': 1223.0, 'middle': 1520.0, 'index': 1351.0, 'thumb_bend': 1356.0, 'thumb_swing': 913.0}, forces={'little': 109.0, 'ring': 80.0, 'middle': 76.0, 'index': 43.0, 'thumb_bend': 29.0, 'thumb_swing': 85.0}, tactile={'fingers': {'little': {'normal': 0.0, 'tangential': 0.0, 'angle': 65535.0, 'proximity': 0.0}, 'ring': {'normal': 0.0, 'tangential': 0.0, 'angle': 65535.0, 'proximity': 0.0}, 'middle': {'normal': 0.0, 'tangential': 0.0, 'angle': 65535.0, 'proximity': 655360.0}, 'index': {'normal': 0.0, 'tangential': 0.0, 'angle': 65535.0, 'proximity': 393216.0}, 'thumb': {'normal': 56.0, 'tangential': 145.0, 'angle': 81.0, 'proximity': 0.0}}, 'palm': {'palm_1': 0.0, 'palm_2': 0.0, 'palm_3': 65535.0, 'palm_4': 0.0, 'palm_5': 0.0, 'palm_6': 65535.0, 'palm_7': 0.0, 'palm_8': 0.0, 'palm_9': 65535.0}})"", ""TouchFrame(elapsed_s=3.864978871999483, angles={'little': 1217.0, 'ring': 1223.0, 'middle': 1520.0, 'index': 1351.0, 'thumb_bend': 1356.0, 'thumb_swing': 913.0}, forces={'little': 109.0, 'ring': 80.0, 'middle': 82.0, 'index': 42.0, 'thumb_bend': 29.0, 'thumb_swing': 84.0}, tactile={'fingers': {'little': {'normal': 0.0, 'tangential': 0.0, 'angle': 65535.0, 'proximity': 0.0}, 'ring': {'normal': 0.0, 'tangential': 0.0, 'angle': 65535.0, 'proximity': 0.0}, 'middle': {'normal': 0.0, 'tangential': 0.0, 'angle': 65535.0, 'proximity': 846472.0}, 'index': {'normal': 0.0, 'tangential': 0.0, 'angle': 65535.0, 'proximity': 524288.0}, 'thumb': {'normal': 56.0, 'tangential': 145.0, 'angle': 81.0, 'proximity': 0.0}}, 'palm': {'palm_1': 0.0, 'palm_2': 0.0, 'palm_3': 65535.0, 'palm_4': 0.0, 'palm_5': 0.0, 'palm_6': 65535.0, 'palm_7': 0.0, 'palm_8': 0.0, 'palm_9': 65535.0}})"", ""TouchFrame(elapsed_s=4.046238068999628, angles={'little': 1217.0, 'ring': 1223.0, 'middle': 1520.0, 'index': 1351.0, 'thumb_bend': 1356.0, 'thumb_swing': 913.0}, forces={'little': 109.0, 'ring': 81.0, 'middle': 62.0, 'index': 43.0, 'thumb_bend': 29.0, 'thumb_swing': 84.0}, tactile={'fingers': {'little': {'normal': 0.0, 'tangential': 0.0, 'angle': 65535.0, 'proximity': 0.0}, 'ring': {'normal': 0.0, 'tangential': 0.0, 'angle': 65535.0, 'proximity': 0.0}, 'middle': {'normal': 0.0, 'tangential': 0.0, 'angle': 65535.0, 'proximity': 655360.0}, 'index': {'normal': 0.0, 'tangential': 0.0, 'angle': 65535.0, 'proximity': 327680.0}, 'thumb': {'normal': 56.0, 'tangential': 145.0, 'angle': 81.0, 'proximity': 0.0}}, 'palm': {'palm_1': 0.0, 'palm_2': 0.0, 'palm_3': 65535.0, 'palm_4': 0.0, 'palm_5': 0.0, 'palm_6': 65535.0, 'palm_7': 0.0, 'palm_8': 0.0, 'palm_9': 65535.0}})"", ""TouchFrame(elapsed_s=4.230065067999931, angles={'little': 1217.0, 'ring': 1223.0, 'middle': 1520.0, 'index': 1350.0, 'thumb_bend': 1356.0, 'thumb_swing': 913.0}, forces={'little': 109.0, 'ring': 81.0, 'middle': 61.0, 'index': 43.0, 'thumb_bend': 29.0, 'thumb_swing': 84.0}, tactile={'fingers': {'little': {'normal': 0.0, 'tangential': 0.0, 'angle': 65535.0, 'proximity': 0.0}, 'ring': {'normal': 0.0, 'tangential': 0.0, 'angle': 65535.0, 'proximity': 0.0}, 'middle': {'normal': 0.0, 'tangential': 0.0, 'angle': 65535.0, 'proximity': 0.0}, 'index': {'normal': 0.0, 'tangential': 0.0, 'angle': 65535.0, 'proximity': 0.0}, 'thumb': {'normal': 56.0, 'tangential': 145.0, 'angle': 81.0, 'proximity': 0.0}}, 'palm': {'palm_1': 0.0, 'palm_2': 0.0, 'palm_3': 65535.0, 'palm_4': 0.0, 'palm_5': 0.0, 'palm_6': 65535.0, 'palm_7': 0.0, 'palm_8': 0.0, 'palm_9': 65535.0}})"", ""TouchFrame(elapsed_s=4.411494134999884, angles={'little': 1217.0, 'ring': 1223.0, 'middle': 1520.0, 'index': 1350.0, 'thumb_bend': 1356.0, 'thumb_swing': 913.0}, forces={'little': 109.0, 'ring': 81.0, 'middle': 59.0, 'index': 44.0, 'thumb_bend': 29.0, 'thumb_swing': 84.0}, tactile={'fingers': {'little': {'normal': 0.0, 'tangential': 0.0, 'angle': 65535.0, 'proximity': 0.0}, 'ring': {'normal': 0.0, 'tangential': 0.0, 'angle': 65535.0, 'proximity': 0.0}, 'middle': {'normal': 0.0, 'tangential': 0.0, 'angle': 65535.0, 'proximity': 0.0}, 'index': {'normal': 0.0, 'tangential': 0.0, 'angle': 65535.0, 'proximity': 131072.0}, 'thumb': {'normal': 56.0, 'tangential': 145.0, 'angle': 81.0, 'proximity': 0.0}}, 'palm': {'palm_1': 0.0, 'palm_2': 0.0, 'palm_3': 65535.0, 'palm_4': 0.0, 'palm_5': 0.0, 'palm_6': 65535.0, 'palm_7': 0.0, 'palm_8': 0.0, 'palm_9': 65535.0}})""], ""squeeze_baseline_angles"": null, ""squeeze_baseline_forces"": null, ""squeeze_frames"": [], ""squeeze_baseline_source"": """", ""squeeze_hover_tail_count"": 10, ""squeeze_middle_ready"": null, ""squeeze_middle_contact_delta"": null, ""squeeze_middle_seek_steps"": 0, ""squeeze_command_sample_index"": null, ""contact_threshold"": 70.0, ""lift_force_delta"": null, ""weight_g"": null, ""notes"": ""claw_machine""}","{""little"": 896.0, ""ring"": 896.0, ""middle"": 898.0, ""index"": 896.0, ""thumb_bend"": 1125.0, ""thumb_swing"": 1704.0}","{""little"": 327.0, ""ring"": 261.0, ""middle"": 287.0, ""index"": 243.0, ""thumb_bend"": 369.0, ""thumb_swing"": 8.0}","[0.094, 46.569, -45.702, 0.0, 43.975, 9.078]","{""ee.x"": 161.315, ""ee.y"": 0.266, ""ee.z"": 333.27, ""ee.rx"": 169.291, ""ee.ry"": 49.305, ""ee.rz"": 166.089}",175.536,55.498,119.972,197.205,-281.251,245.243,"{""ee.x"": 197.205, ""ee.y"": -281.251, ""ee.z"": 245.243, ""ee.rx"": 175.536, ""ee.ry"": 55.498, ""ee.rz"": 119.972}",169.291,49.305,166.089,161.315,0.266,215.0,"{""ee.x"": 161.315, ""ee.y"": 0.266, ""ee.z"": 215.0, ""ee.rx"": 169.291, ""ee.ry"": 49.305, ""ee.rz"": 166.089}",0,169.291,49.305,166.089,161.315,0.266,333.27,"{""ee.x"": 161.315, ""ee.y"": 0.266, ""ee.z"": 333.27, ""ee.rx"": 169.291, ""ee.ry"": 49.305, ""ee.rz"": 166.089}",169.291,49.305,166.089,161.315,0.266,287.496,"{""ee.x"": 161.315, ""ee.y"": 0.266, ""ee.z"": 287.496, ""ee.rx"": 169.291, ""ee.ry"": 49.305, ""ee.rz"": 166.089}",complete_no_hold,1,172.196,49.686,169.902,161.039,0.257,332.985,"{""ee.x"": 161.039, ""ee.y"": 0.257, ""ee.z"": 332.985, ""ee.rx"": 172.196, ""ee.ry"": 49.686, ""ee.rz"": 169.902}",1786713643.0795019
"{'little': 896.0, 'ring': 896.0, 'middle': 897.0, 'index': 896.0, 'thumb_bend': 1452.0, 'thumb_swing': 1714.0}","{'little': 326.0, 'ring': 261.0, 'middle': 278.0, 'index': 267.0, 'thumb_bend': 0.0, 'thumb_swing': 10.0}","[0.059, 46.574, -45.661, 0.0, 43.952, 10.83]","{""ee.x"": 161.341, ""ee.y"": 0.167, ""ee.z"": 333.049, ""ee.rx"": 167.319, ""ee.ry"": 48.927, ""ee.rz"": 163.441}","{""label"": ""unknown"", ""trial_id"": ""20260815_100042"", ""repeat_index"": 0, ""baseline_angles"": {""little"": 1597.0, ""ring"": 1599.0, ""middle"": 1598.0, ""index"": 1598.0, ""thumb_bend"": 1468.0, ""thumb_swing"": 1051.0}, ""baseline_forces"": {""little"": 60.0, ""ring"": 17.0, ""middle"": 52.0, ""index"": 23.0, ""thumb_bend"": -1.0, ""thumb_swing"": 65.0}, ""frames"": [""TouchFrame(elapsed_s=0.1815799909963971, angles={'little': 1589.0, 'ring': 1599.0, 'middle': 1598.0, 'index': 1598.0, 'thumb_bend': 1468.0, 'thumb_swing': 1034.0}, forces={'little': 68.0, 'ring': 12.0, 'middle': 40.0, 'index': 17.0, 'thumb_bend': -1.0, 'thumb_swing': 67.0}, tactile={'fingers': {'little': {'normal': 0.0, 'tangential': 0.0, 'angle': 65535.0, 'proximity': 0.0}, 'ring': {'normal': 0.0, 'tangential': 0.0, 'angle': 65535.0, 'proximity': 0.0}, 'middle': {'normal': 0.0, 'tangential': 0.0, 'angle': 65535.0, 'proximity': 0.0}, 'index': {'normal': 0.0, 'tangential': 0.0, 'angle': 65535.0, 'proximity': 65536.0}, 'thumb': {'normal': 28.0, 'tangential': 64.0, 'angle': 97.0, 'proximity': 0.0}}, 'palm': {'palm_1': 0.0, 'palm_2': 0.0, 'palm_3': 65535.0, 'palm_4': 0.0, 'palm_5': 0.0, 'palm_6': 65535.0, 'palm_7': 0.0, 'palm_8': 0.0, 'palm_9': 65535.0}})"", ""TouchFrame(elapsed_s=0.3657037529992522, angles={'little': 1523.0, 'ring': 1589.0, 'middle': 1598.0, 'index': 1598.0, 'thumb_bend': 1465.0, 'thumb_swing': 984.0}, forces={'little': 117.0, 'ring': 66.0, 'middle': 38.0, 'index': 13.0, 'thumb_bend': -1.0, 'thumb_swing': 86.0}, tactile={'fingers': {'little': {'normal': 9.0, 'tangential': 9.0, 'angle': 17.0, 'proximity': 0.0}, 'ring': {'normal': 0.0, 'tangential': 0.0, 'angle': 65535.0, 'proximity': 0.0}, 'middle': {'normal': 0.0, 'tangential': 0.0, 'angle': 65535.0, 'proximity': 0.0}, 'index': {'normal': 0.0, 'tangential': 0.0, 'angle': 65535.0, 'proximity': 118741.0}, 'thumb': {'normal': 28.0, 'tangential': 64.0, 'angle': 97.0, 'proximity': 0.0}}, 'palm': {'palm_1': 0.0, 'palm_2': 0.0, 'palm_3': 65535.0, 'palm_4': 0.0, 'palm_5': 0.0, 'palm_6': 65535.0, 'palm_7': 0.0, 'palm_8': 0.0, 'palm_9': 65535.0}})"", ""TouchFrame(elapsed_s=0.5492519899999024, angles={'little': 1465.0, 'ring': 1533.0, 'middle': 1589.0, 'index': 1587.0, 'thumb_bend': 1430.0, 'thumb_swing': 929.0}, forces={'little': 86.0, 'ring': 331.0, 'middle': 91.0, 'index': 50.0, 'thumb_bend': 14.0, 'thumb_swing': 89.0}, tactile={'fingers': {'little': {'normal': 0.0, 'tangential': 0.0, 'angle': 65535.0, 'proximity': 0.0}, 'ring': {'normal': 0.0, 'tangential': 0.0, 'angle': 65535.0, 'proximity': 0.0}, 'middle': {'normal': 0.0, 'tangential': 0.0, 'angle': 65535.0, 'proximity': 0.0}, 'index': {'normal': 0.0, 'tangential': 0.0, 'angle': 65535.0, 'proximity': 393216.0}, 'thumb': {'normal': 28.0, 'tangential': 64.0, 'angle': 97.0, 'proximity': 0.0}}, 'palm': {'palm_1': 0.0, 'palm_2': 0.0, 'palm_3': 65535.0, 'palm_4': 0.0, 'palm_5': 0.0, 'palm_6': 65535.0, 'palm_7': 0.0, 'palm_8': 0.0, 'palm_9': 65535.0}})"", ""TouchFrame(elapsed_s=0.730860928997572, angles={'little': 1404.0, 'ring': 1477.0, 'middle': 1549.0, 'index': 1545.0, 'thumb_bend': 1403.0, 'thumb_swing': 912.0}, forces={'little': 90.0, 'ring': 49.0, 'middle': 605.0, 'index': 30.0, 'thumb_bend': 21.0, 'thumb_swing': 91.0}, tactile={'fingers': {'little': {'normal': 0.0, 'tangential': 0.0, 'angle': 65535.0, 'proximity': 0.0}, 'ring': {'normal': 0.0, 'tangential': 0.0, 'angle': 65535.0, 'proximity': 0.0}, 'middle': {'normal': 0.0, 'tangential': 0.0, 'angle': 65535.0, 'proximity': 0.0}, 'index': {'normal': 0.0, 'tangential': 0.0, 'angle': 65535.0, 'proximity': 0.0}, 'thumb': {'normal': 28.0, 'tangential': 64.0, 'angle': 97.0, 'proximity': 0.0}}, 'palm': {'palm_1': 0.0, 'palm_2': 0.0, 'palm_3': 65535.0, 'palm_4': 0.0, 'palm_5': 0.0, 'palm_6': 65535.0, 'palm_7': 0.0, 'palm_8': 0.0, 'palm_9': 65535.0}})"", ""TouchFrame(elapsed_s=0.9135876669970457, angles={'little': 1351.0, 'ring': 1427.0, 'middle': 1529.0, 'index': 1502.0, 'thumb_bend': 1376.0, 'thumb_swing': 912.0}, forces={'little': 174.0, 'ring': 161.0, 'middle': 733.0, 'index': 81.0, 'thumb_bend': 55.0, 'thumb_swing': 205.0}, tactile={'fingers': {'little': {'normal': 0.0, 'tangential': 0.0, 'angle': 65535.0, 'proximity': 0.0}, 'ring': {'normal': 21.0, 'tangential': 60.0, 'angle': 0.0, 'proximity': 0.0}, 'middle': {'normal': 0.0, 'tangential': 0.0, 'angle': 65535.0, 'proximity': 0.0}, 'index': {'normal': 0.0, 'tangential': 0.0, 'angle': 65535.0, 'proximity': 458752.0}, 'thumb': {'normal': 27.0, 'tangential': 61.0, 'angle': 99.0, 'proximity': 0.0}}, 'palm': {'palm_1': 0.0, 'palm_2': 0.0, 'palm_3': 65535.0, 'palm_4': 0.0, 'palm_5': 0.0, 'palm_6': 65535.0, 'palm_7': 0.0, 'palm_8': 0.0, 'palm_9': 65535.0}})"", ""TouchFrame(elapsed_s=1.0963522939928225, angles={'little': 1298.0, 'ring': 1384.0, 'middle': 1528.0, 'index': 1449.0, 'thumb_bend': 1362.0, 'thumb_swing': 915.0}, forces={'little': 317.0, 'ring': 736.0, 'middle': 675.0, 'index': 33.0, 'thumb_bend': 697.0, 'thumb_swing': 502.0}, tactile={'fingers': {'little': {'normal': 0.0, 'tangential': 0.0, 'angle': 65535.0, 'proximity': 0.0}, 'ring': {'normal': 93.0, 'tangential': 184.0, 'angle': 302.0, 'proximity': 262144.0}, 'middle': {'normal': 0.0, 'tangential': 0.0, 'angle': 65535.0, 'proximity': 0.0}, 'index': {'normal': 0.0, 'tangential': 0.0, 'angle': 65535.0, 'proximity': 196608.0}, 'thumb': {'normal': 0.0, 'tangential': 0.0, 'angle': 65535.0, 'proximity': 131072.0}}, 'palm': {'palm_1': 0.0, 'palm_2': 0.0, 'palm_3': 65535.0, 'palm_4': 0.0, 'palm_5': 0.0, 'palm_6': 65535.0, 'palm_7': 0.0, 'palm_8': 0.0, 'palm_9': 65535.0}})"", ""TouchFrame(elapsed_s=1.279866275996028, angles={'little': 1231.0, 'ring': 1369.0, 'middle': 1528.0, 'index': 1411.0, 'thumb_bend': 1362.0, 'thumb_swing': 918.0}, forces={'little': 548.0, 'ring': 247.0, 'middle': 686.0, 'index': 38.0, 'thumb_bend': 655.0, 'thumb_swing': 580.0}, tactile={'fingers': {'little': {'normal': 0.0, 'tangential': 0.0, 'angle': 65535.0, 'proximity': 0.0}, 'ring': {'normal': 0.0, 'tangential': 0.0, 'angle': 65535.0, 'proximity': 0.0}, 'middle': {'normal': 0.0, 'tangential': 0.0, 'angle': 65535.0, 'proximity': 0.0}, 'index': {'normal': 0.0, 'tangential': 0.0, 'angle': 65535.0, 'proximity': 327680.0}, 'thumb': {'normal': 0.0, 'tangential': 0.0, 'angle': 65535.0, 'proximity': 131072.0}}, 'palm': {'palm_1': 0.0, 'palm_2': 0.0, 'palm_3': 65535.0, 'palm_4': 0.0, 'palm_5': 0.0, 'palm_6': 65535.0, 'palm_7': 0.0, 'palm_8': 0.0, 'palm_9': 65535.0}})"", ""TouchFrame(elapsed_s=1.461382916997536, angles={'little': 1223.0, 'ring': 1341.0, 'middle': 1528.0, 'index': 1370.0, 'thumb_bend': 1362.0, 'thumb_swing': 921.0}, forces={'little': 216.0, 'ring': 952.0, 'middle': 653.0, 'index': 42.0, 'thumb_bend': 777.0, 'thumb_swing': 598.0}, tactile={'fingers': {'little': {'normal': 0.0, 'tangential': 0.0, 'angle': 65535.0, 'proximity': 0.0}, 'ring': {'normal': 93.0, 'tangential': 131.0, 'angle': 312.0, 'proximity': 196608.0}, 'middle': {'normal': 0.0, 'tangential': 0.0, 'angle': 65535.0, 'proximity': 0.0}, 'index': {'normal': 0.0, 'tangential': 0.0, 'angle': 65535.0, 'proximity': 327680.0}, 'thumb': {'normal': 0.0, 'tangential': 0.0, 'angle': 65535.0, 'proximity': 196608.0}}, 'palm': {'palm_1': 0.0, 'palm_2': 0.0, 'palm_3': 65535.0, 'palm_4': 0.0, 'palm_5': 0.0, 'palm_6': 65535.0, 'palm_7': 0.0, 'palm_8': 0.0, 'palm_9': 65535.0}})""], ""hover_frames"": [""TouchFrame(elapsed_s=0.08144061100028921, angles={'little': 1229.0, 'ring': 1341.0, 'middle': 1522.0, 'index': 1351.0, 'thumb_bend': 1362.0, 'thumb_swing': 921.0}, forces={'little': 101.0, 'ring': 879.0, 'middle': 52.0, 'index': 43.0, 'thumb_bend': 726.0, 'thumb_swing': 570.0}, tactile={'fingers': {'little': {'normal': 0.0, 'tangential': 0.0, 'angle': 65535.0, 'proximity': 0.0}, 'ring': {'normal': 95.0, 'tangential': 133.0, 'angle': 312.0, 'proximity': 196608.0}, 'middle': {'normal': 0.0, 'tangential': 0.0, 'angle': 65535.0, 'proximity': 0.0}, 'index': {'normal': 0.0, 'tangential': 0.0, 'angle': 65535.0, 'proximity': 131072.0}, 'thumb': {'normal': 7.0, 'tangential': 23.0, 'angle': 278.0, 'proximity': 196608.0}}, 'palm': {'palm_1': 0.0, 'palm_2': 0.0, 'palm_3': 65535.0, 'palm_4': 0.0, 'palm_5': 0.0, 'palm_6': 65535.0, 'palm_7': 0.0, 'palm_8': 0.0, 'palm_9': 65535.0}})"", ""TouchFrame(elapsed_s=0.26455532800173387, angles={'little': 1229.0, 'ring': 1341.0, 'middle': 1522.0, 'index': 1351.0, 'thumb_bend': 1362.0, 'thumb_swing': 921.0}, forces={'little': 102.0, 'ring': 876.0, 'middle': 52.0, 'index': 43.0, 'thumb_bend': 724.0, 'thumb_swing': 570.0}, tactile={'fingers': {'little': {'normal': 0.0, 'tangential': 0.0, 'angle': 65535.0, 'proximity': 0.0}, 'ring': {'normal': 96.0, 'tangential': 134.0, 'angle': 313.0, 'proximity': 196608.0}, 'middle': {'normal': 0.0, 'tangential': 0.0, 'angle': 65535.0, 'proximity': 0.0}, 'index': {'normal': 0.0, 'tangential': 0.0, 'angle': 65535.0, 'proximity': 524288.0}, 'thumb': {'normal': 8.0, 'tangential': 22.0, 'angle': 279.0, 'proximity': 196608.0}}, 'palm': {'palm_1': 0.0, 'palm_2': 0.0, 'palm_3': 65535.0, 'palm_4': 0.0, 'palm_5': 0.0, 'palm_6': 65535.0, 'palm_7': 0.0, 'palm_8': 0.0, 'palm_9': 65535.0}})"", ""TouchFrame(elapsed_s=0.44695880400104215, angles={'little': 1229.0, 'ring': 1341.0, 'middle': 1522.0, 'index': 1351.0, 'thumb_bend': 1362.0, 'thumb_swing': 921.0}, forces={'little': 102.0, 'ring': 872.0, 'middle': 53.0, 'index': 43.0, 'thumb_bend': 722.0, 'thumb_swing': 570.0}, tactile={'fingers': {'little': {'normal': 0.0, 'tangential': 0.0, 'angle': 65535.0, 'proximity': 0.0}, 'ring': {'normal': 96.0, 'tangential': 134.0, 'angle': 313.0, 'proximity': 196608.0}, 'middle': {'normal': 0.0, 'tangential': 0.0, 'angle': 65535.0, 'proximity': 0.0}, 'index': {'normal': 0.0, 'tangential': 0.0, 'angle': 65535.0, 'proximity': 327680.0}, 'thumb': {'normal': 8.0, 'tangential': 22.0, 'angle': 279.0, 'proximity': 196608.0}}, 'palm': {'palm_1': 0.0, 'palm_2': 0.0, 'palm_3': 65535.0, 'palm_4': 0.0, 'palm_5': 0.0, 'palm_6': 65535.0, 'palm_7': 0.0, 'palm_8': 0.0, 'palm_9': 65535.0}})"", ""TouchFrame(elapsed_s=0.6301092360008624, angles={'little': 1229.0, 'ring': 1341.0, 'middle': 1522.0, 'index': 1351.0, 'thumb_bend': 1362.0, 'thumb_swing': 921.0}, forces={'little': 104.0, 'ring': 870.0, 'middle': 51.0, 'index': 43.0, 'thumb_bend': 722.0, 'thumb_swing': 568.0}, tactile={'fingers': {'little': {'normal': 0.0, 'tangential': 0.0, 'angle': 65535.0, 'proximity': 0.0}, 'ring': {'normal': 95.0, 'tangential': 134.0, 'angle': 313.0, 'proximity': 196608.0}, 'middle': {'normal': 0.0, 'tangential': 0.0, 'angle': 65535.0, 'proximity': 0.0}, 'index': {'normal': 0.0, 'tangential': 0.0, 'angle': 65535.0, 'proximity': 196608.0}, 'thumb': {'normal': 8.0, 'tangential': 23.0, 'angle': 277.0, 'proximity': 196608.0}}, 'palm': {'palm_1': 0.0, 'palm_2': 0.0, 'palm_3': 65535.0, 'palm_4': 0.0, 'palm_5': 0.0, 'palm_6': 65535.0, 'palm_7': 0.0, 'palm_8': 0.0, 'palm_9': 65535.0}})"", ""TouchFrame(elapsed_s=0.8112311840013717, angles={'little': 1229.0, 'ring': 1341.0, 'middle': 1522.0, 'index': 1351.0, 'thumb_bend': 1362.0, 'thumb_swing': 921.0}, forces={'little': 104.0, 'ring': 868.0, 'middle': 52.0, 'index': 44.0, 'thumb_bend': 720.0, 'thumb_swing': 568.0}, tactile={'fingers': {'little': {'normal': 0.0, 'tangential': 0.0, 'angle': 65535.0, 'proximity': 0.0}, 'ring': {'normal': 96.0, 'tangential': 133.0, 'angle': 312.0, 'proximity': 196608.0}, 'middle': {'normal': 0.0, 'tangential': 0.0, 'angle': 65535.0, 'proximity': 0.0}, 'index': {'normal': 0.0, 'tangential': 0.0, 'angle': 65535.0, 'proximity': 646207.0}, 'thumb': {'normal': 8.0, 'tangential': 22.0, 'angle': 279.0, 'proximity': 196608.0}}, 'palm': {'palm_1': 0.0, 'palm_2': 0.0, 'palm_3': 65535.0, 'palm_4': 0.0, 'palm_5': 0.0, 'palm_6': 65535.0, 'palm_7': 0.0, 'palm_8': 0.0, 'palm_9': 65535.0}})"", ""TouchFrame(elapsed_s=0.9918299350028974, angles={'little': 1229.0, 'ring': 1341.0, 'middle': 1522.0, 'index': 1351.0, 'thumb_bend': 1362.0, 'thumb_swing': 921.0}, forces={'little': 104.0, 'ring': 866.0, 'middle': 53.0, 'index': 43.0, 'thumb_bend': 718.0, 'thumb_swing': 568.0}, tactile={'fingers': {'little': {'normal': 0.0, 'tangential': 0.0, 'angle': 65535.0, 'proximity': 0.0}, 'ring': {'normal': 96.0, 'tangential': 133.0, 'angle': 313.0, 'proximity': 196608.0}, 'middle': {'normal': 0.0, 'tangential': 0.0, 'angle': 65535.0, 'proximity': 0.0}, 'index': {'normal': 0.0, 'tangential': 0.0, 'angle': 65535.0, 'proximity': 262144.0}, 'thumb': {'normal': 8.0, 'tangential': 22.0, 'angle': 279.0, 'proximity': 196608.0}}, 'palm': {'palm_1': 0.0, 'palm_2': 0.0, 'palm_3': 65535.0, 'palm_4': 0.0, 'palm_5': 0.0, 'palm_6': 65535.0, 'palm_7': 0.0, 'palm_8': 0.0, 'palm_9': 65535.0}})"", ""TouchFrame(elapsed_s=1.1724895389997982, angles={'little': 1229.0, 'ring': 1341.0, 'middle': 1522.0, 'index': 1351.0, 'thumb_bend': 1362.0, 'thumb_swing': 921.0}, forces={'little': 104.0, 'ring': 864.0, 'middle': 53.0, 'index': 43.0, 'thumb_bend': 718.0, 'thumb_swing': 568.0}, tactile={'fingers': {'little': {'normal': 0.0, 'tangential': 0.0, 'angle': 65535.0, 'proximity': 0.0}, 'ring': {'normal': 96.0, 'tangential': 134.0, 'angle': 312.0, 'proximity': 196608.0}, 'middle': {'normal': 0.0, 'tangential': 0.0, 'angle': 65535.0, 'proximity': 0.0}, 'index': {'normal': 0.0, 'tangential': 0.0, 'angle': 65535.0, 'proximity': 196608.0}, 'thumb': {'normal': 8.0, 'tangential': 22.0, 'angle': 279.0, 'proximity': 196608.0}}, 'palm': {'palm_1': 0.0, 'palm_2': 0.0, 'palm_3': 65535.0, 'palm_4': 0.0, 'palm_5': 0.0, 'palm_6': 65535.0, 'palm_7': 0.0, 'palm_8': 0.0, 'palm_9': 65535.0}})"", ""TouchFrame(elapsed_s=1.3540503379990696, angles={'little': 1229.0, 'ring': 1341.0, 'middle': 1522.0, 'index': 1351.0, 'thumb_bend': 1362.0, 'thumb_swing': 921.0}, forces={'little': 106.0, 'ring': 862.0, 'middle': 53.0, 'index': 44.0, 'thumb_bend': 718.0, 'thumb_swing': 568.0}, tactile={'fingers': {'little': {'normal': 0.0, 'tangential': 0.0, 'angle': 65535.0, 'proximity': 0.0}, 'ring': {'normal': 96.0, 'tangential': 134.0, 'angle': 313.0, 'proximity': 196608.0}, 'middle': {'normal': 0.0, 'tangential': 0.0, 'angle': 65535.0, 'proximity': 0.0}, 'index': {'normal': 0.0, 'tangential': 0.0, 'angle': 65535.0, 'proximity': 327680.0}, 'thumb': {'normal': 8.0, 'tangential': 22.0, 'angle': 280.0, 'proximity': 196608.0}}, 'palm': {'palm_1': 0.0, 'palm_2': 0.0, 'palm_3': 65535.0, 'palm_4': 0.0, 'palm_5': 0.0, 'palm_6': 65535.0, 'palm_7': 0.0, 'palm_8': 0.0, 'palm_9': 65535.0}})"", ""TouchFrame(elapsed_s=1.5357179869970423, angles={'little': 1229.0, 'ring': 1341.0, 'middle': 1522.0, 'index': 1351.0, 'thumb_bend': 1362.0, 'thumb_swing': 921.0}, forces={'little': 107.0, 'ring': 860.0, 'middle': 53.0, 'index': 45.0, 'thumb_bend': 717.0, 'thumb_swing': 568.0}, tactile={'fingers': {'little': {'normal': 0.0, 'tangential': 0.0, 'angle': 65535.0, 'proximity': 0.0}, 'ring': {'normal': 96.0, 'tangential': 133.0, 'angle': 312.0, 'proximity': 196608.0}, 'middle': {'normal': 0.0, 'tangential': 0.0, 'angle': 65535.0, 'proximity': 0.0}, 'index': {'normal': 0.0, 'tangential': 0.0, 'angle': 65535.0, 'proximity': 191673.0}, 'thumb': {'normal': 8.0, 'tangential': 22.0, 'angle': 279.0, 'proximity': 196608.0}}, 'palm': {'palm_1': 0.0, 'palm_2': 0.0, 'palm_3': 65535.0, 'palm_4': 0.0, 'palm_5': 0.0, 'palm_6': 65535.0, 'palm_7': 0.0, 'palm_8': 0.0, 'palm_9': 65535.0}})"", ""TouchFrame(elapsed_s=1.716962024998793, angles={'little': 1229.0, 'ring': 1341.0, 'middle': 1523.0, 'index': 1351.0, 'thumb_bend': 1362.0, 'thumb_swing': 921.0}, forces={'little': 107.0, 'ring': 859.0, 'middle': 53.0, 'index': 44.0, 'thumb_bend': 717.0, 'thumb_swing': 566.0}, tactile={'fingers': {'little': {'normal': 0.0, 'tangential': 0.0, 'angle': 65535.0, 'proximity': 0.0}, 'ring': {'normal': 96.0, 'tangential': 134.0, 'angle': 312.0, 'proximity': 196608.0}, 'middle': {'normal': 0.0, 'tangential': 0.0, 'angle': 65535.0, 'proximity': 0.0}, 'index': {'normal': 0.0, 'tangential': 0.0, 'angle': 65535.0, 'proximity': 655360.0}, 'thumb': {'normal': 8.0, 'tangential': 22.0, 'angle': 279.0, 'proximity': 196608.0}}, 'palm': {'palm_1': 0.0, 'palm_2': 0.0, 'palm_3': 65535.0, 'palm_4': 0.0, 'palm_5': 0.0, 'palm_6': 65535.0, 'palm_7': 0.0, 'palm_8': 0.0, 'palm_9': 65535.0}})"", ""TouchFrame(elapsed_s=1.8988797179990797, angles={'little': 1229.0, 'ring': 1341.0, 'middle': 1522.0, 'index': 1351.0, 'thumb_bend': 1362.0, 'thumb_swing': 921.0}, forces={'little': 107.0, 'ring': 858.0, 'middle': 53.0, 'index': 45.0, 'thumb_bend': 715.0, 'thumb_swing': 566.0}, tactile={'fingers': {'little': {'normal': 0.0, 'tangential': 0.0, 'angle': 65535.0, 'proximity': 0.0}, 'ring': {'normal': 96.0, 'tangential': 134.0, 'angle': 312.0, 'proximity': 196608.0}, 'middle': {'normal': 0.0, 'tangential': 0.0, 'angle': 65535.0, 'proximity': 0.0}, 'index': {'normal': 0.0, 'tangential': 0.0, 'angle': 65535.0, 'proximity': 393216.0}, 'thumb': {'normal': 8.0, 'tangential': 21.0, 'angle': 279.0, 'proximity': 196608.0}}, 'palm': {'palm_1': 0.0, 'palm_2': 0.0, 'palm_3': 65535.0, 'palm_4': 0.0, 'palm_5': 0.0, 'palm_6': 65535.0, 'palm_7': 0.0, 'palm_8': 0.0, 'palm_9': 65535.0}})"", ""TouchFrame(elapsed_s=2.080867828000919, angles={'little': 1229.0, 'ring': 1341.0, 'middle': 1522.0, 'index': 1351.0, 'thumb_bend': 1362.0, 'thumb_swing': 921.0}, forces={'little': 108.0, 'ring': 855.0, 'middle': 53.0, 'index': 45.0, 'thumb_bend': 715.0, 'thumb_swing': 566.0}, tactile={'fingers': {'little': {'normal': 0.0, 'tangential': 0.0, 'angle': 65535.0, 'proximity': 0.0}, 'ring': {'normal': 96.0, 'tangential': 134.0, 'angle': 312.0, 'proximity': 196608.0}, 'middle': {'normal': 0.0, 'tangential': 0.0, 'angle': 65535.0, 'proximity': 0.0}, 'index': {'normal': 0.0, 'tangential': 0.0, 'angle': 65535.0, 'proximity': 131072.0}, 'thumb': {'normal': 8.0, 'tangential': 21.0, 'angle': 278.0, 'proximity': 196608.0}}, 'palm': {'palm_1': 0.0, 'palm_2': 0.0, 'palm_3': 65535.0, 'palm_4': 0.0, 'palm_5': 0.0, 'palm_6': 65535.0, 'palm_7': 0.0, 'palm_8': 0.0, 'palm_9': 65535.0}})"", ""TouchFrame(elapsed_s=2.2619753499966464, angles={'little': 1229.0, 'ring': 1341.0, 'middle': 1522.0, 'index': 1351.0, 'thumb_bend': 1362.0, 'thumb_swing': 921.0}, forces={'little': 109.0, 'ring': 855.0, 'middle': 53.0, 'index': 45.0, 'thumb_bend': 715.0, 'thumb_swing': 565.0}, tactile={'fingers': {'little': {'normal': 0.0, 'tangential': 0.0, 'angle': 65535.0, 'proximity': 0.0}, 'ring': {'normal': 96.0, 'tangential': 134.0, 'angle': 312.0, 'proximity': 196608.0}, 'middle': {'normal': 0.0, 'tangential': 0.0, 'angle': 65535.0, 'proximity': 0.0}, 'index': {'normal': 0.0, 'tangential': 0.0, 'angle': 65535.0, 'proximity': 458752.0}, 'thumb': {'normal': 8.0, 'tangential': 21.0, 'angle': 279.0, 'proximity': 196608.0}}, 'palm': {'palm_1': 0.0, 'palm_2': 0.0, 'palm_3': 65535.0, 'palm_4': 0.0, 'palm_5': 0.0, 'palm_6': 65535.0, 'palm_7': 0.0, 'palm_8': 0.0, 'palm_9': 65535.0}})"", ""TouchFrame(elapsed_s=2.4454962099989643, angles={'little': 1229.0, 'ring': 1341.0, 'middle': 1523.0, 'index': 1351.0, 'thumb_bend': 1362.0, 'thumb_swing': 921.0}, forces={'little': 109.0, 'ring': 853.0, 'middle': 53.0, 'index': 45.0, 'thumb_bend': 713.0, 'thumb_swing': 565.0}, tactile={'fingers': {'little': {'normal': 0.0, 'tangential': 0.0, 'angle': 65535.0, 'proximity': 0.0}, 'ring': {'normal': 96.0, 'tangential': 133.0, 'angle': 312.0, 'proximity': 196608.0}, 'middle': {'normal': 0.0, 'tangential': 0.0, 'angle': 65535.0, 'proximity': 0.0}, 'index': {'normal': 0.0, 'tangential': 0.0, 'angle': 65535.0, 'proximity': 262144.0}, 'thumb': {'normal': 8.0, 'tangential': 21.0, 'angle': 279.0, 'proximity': 196608.0}}, 'palm': {'palm_1': 0.0, 'palm_2': 0.0, 'palm_3': 65535.0, 'palm_4': 0.0, 'palm_5': 0.0, 'palm_6': 65535.0, 'palm_7': 0.0, 'palm_8': 0.0, 'palm_9': 65535.0}})"", ""TouchFrame(elapsed_s=2.626968933000171, angles={'little': 1229.0, 'ring': 1341.0, 'middle': 1522.0, 'index': 1351.0, 'thumb_bend': 1362.0, 'thumb_swing': 921.0}, forces={'little': 109.0, 'ring': 853.0, 'middle': 53.0, 'index': 45.0, 'thumb_bend': 713.0, 'thumb_swing': 565.0}, tactile={'fingers': {'little': {'normal': 0.0, 'tangential': 0.0, 'angle': 65535.0, 'proximity': 0.0}, 'ring': {'normal': 96.0, 'tangential': 134.0, 'angle': 312.0, 'proximity': 196608.0}, 'middle': {'normal': 0.0, 'tangential': 0.0, 'angle': 65535.0, 'proximity': 0.0}, 'index': {'normal': 0.0, 'tangential': 0.0, 'angle': 65535.0, 'proximity': 131072.0}, 'thumb': {'normal': 8.0, 'tangential': 22.0, 'angle': 279.0, 'proximity': 196608.0}}, 'palm': {'palm_1': 0.0, 'palm_2': 0.0, 'palm_3': 65535.0, 'palm_4': 0.0, 'palm_5': 0.0, 'palm_6': 65535.0, 'palm_7': 0.0, 'palm_8': 0.0, 'palm_9': 65535.0}})"", ""TouchFrame(elapsed_s=2.810474562997115, angles={'little': 1229.0, 'ring': 1341.0, 'middle': 1522.0, 'index': 1351.0, 'thumb_bend': 1362.0, 'thumb_swing': 921.0}, forces={'little': 109.0, 'ring': 851.0, 'middle': 53.0, 'index': 45.0, 'thumb_bend': 713.0, 'thumb_swing': 565.0}, tactile={'fingers': {'little': {'normal': 0.0, 'tangential': 0.0, 'angle': 65535.0, 'proximity': 0.0}, 'ring': {'normal': 96.0, 'tangential': 134.0, 'angle': 312.0, 'proximity': 196608.0}, 'middle': {'normal': 0.0, 'tangential': 0.0, 'angle': 65535.0, 'proximity': 0.0}, 'index': {'normal': 0.0, 'tangential': 0.0, 'angle': 65535.0, 'proximity': 393216.0}, 'thumb': {'normal': 8.0, 'tangential': 21.0, 'angle': 280.0, 'proximity': 196608.0}}, 'palm': {'palm_1': 0.0, 'palm_2': 0.0, 'palm_3': 65535.0, 'palm_4': 0.0, 'palm_5': 0.0, 'palm_6': 65535.0, 'palm_7': 0.0, 'palm_8': 0.0, 'palm_9': 65535.0}})"", ""TouchFrame(elapsed_s=2.9923132170006284, angles={'little': 1229.0, 'ring': 1341.0, 'middle': 1523.0, 'index': 1351.0, 'thumb_bend': 1362.0, 'thumb_swing': 921.0}, forces={'little': 109.0, 'ring': 849.0, 'middle': 53.0, 'index': 45.0, 'thumb_bend': 713.0, 'thumb_swing': 564.0}, tactile={'fingers': {'little': {'normal': 0.0, 'tangential': 0.0, 'angle': 65535.0, 'proximity': 0.0}, 'ring': {'normal': 96.0, 'tangential': 134.0, 'angle': 312.0, 'proximity': 196608.0}, 'middle': {'normal': 0.0, 'tangential': 0.0, 'angle': 65535.0, 'proximity': 0.0}, 'index': {'normal': 0.0, 'tangential': 0.0, 'angle': 65535.0, 'proximity': 196608.0}, 'thumb': {'normal': 8.0, 'tangential': 21.0, 'angle': 279.0, 'proximity': 196608.0}}, 'palm': {'palm_1': 0.0, 'palm_2': 0.0, 'palm_3': 65535.0, 'palm_4': 0.0, 'palm_5': 0.0, 'palm_6': 65535.0, 'palm_7': 0.0, 'palm_8': 0.0, 'palm_9': 65535.0}})"", ""TouchFrame(elapsed_s=3.176044293002633, angles={'little': 1229.0, 'ring': 1341.0, 'middle': 1522.0, 'index': 1351.0, 'thumb_bend': 1362.0, 'thumb_swing': 921.0}, forces={'little': 109.0, 'ring': 849.0, 'middle': 53.0, 'index': 43.0, 'thumb_bend': 711.0, 'thumb_swing': 564.0}, tactile={'fingers': {'little': {'normal': 0.0, 'tangential': 0.0, 'angle': 65535.0, 'proximity': 0.0}, 'ring': {'normal': 96.0, 'tangential': 134.0, 'angle': 312.0, 'proximity': 196608.0}, 'middle': {'normal': 0.0, 'tangential': 0.0, 'angle': 65535.0, 'proximity': 0.0}, 'index': {'normal': 0.0, 'tangential': 0.0, 'angle': 65535.0, 'proximity': 393216.0}, 'thumb': {'normal': 8.0, 'tangential': 21.0, 'angle': 279.0, 'proximity': 196608.0}}, 'palm': {'palm_1': 0.0, 'palm_2': 0.0, 'palm_3': 65535.0, 'palm_4': 0.0, 'palm_5': 0.0, 'palm_6': 65535.0, 'palm_7': 0.0, 'palm_8': 0.0, 'palm_9': 65535.0}})"", ""TouchFrame(elapsed_s=3.3597184469981585, angles={'little': 1229.0, 'ring': 1341.0, 'middle': 1523.0, 'index': 1351.0, 'thumb_bend': 1362.0, 'thumb_swing': 921.0}, forces={'little': 109.0, 'ring': 847.0, 'middle': 53.0, 'index': 43.0, 'thumb_bend': 711.0, 'thumb_swing': 564.0}, tactile={'fingers': {'little': {'normal': 0.0, 'tangential': 0.0, 'angle': 65535.0, 'proximity': 0.0}, 'ring': {'normal': 96.0, 'tangential': 134.0, 'angle': 312.0, 'proximity': 196608.0}, 'middle': {'normal': 0.0, 'tangential': 0.0, 'angle': 65535.0, 'proximity': 0.0}, 'index': {'normal': 0.0, 'tangential': 0.0, 'angle': 65535.0, 'proximity': 379596.0}, 'thumb': {'normal': 8.0, 'tangential': 20.0, 'angle': 279.0, 'proximity': 196608.0}}, 'palm': {'palm_1': 0.0, 'palm_2': 0.0, 'palm_3': 65535.0, 'palm_4': 0.0, 'palm_5': 0.0, 'palm_6': 65535.0, 'palm_7': 0.0, 'palm_8': 0.0, 'palm_9': 65535.0}})"", ""TouchFrame(elapsed_s=3.54121243100235, angles={'little': 1229.0, 'ring': 1341.0, 'middle': 1522.0, 'index': 1351.0, 'thumb_bend': 1362.0, 'thumb_swing': 921.0}, forces={'little': 109.0, 'ring': 847.0, 'middle': 53.0, 'index': 43.0, 'thumb_bend': 711.0, 'thumb_swing': 564.0}, tactile={'fingers': {'little': {'normal': 0.0, 'tangential': 0.0, 'angle': 65535.0, 'proximity': 0.0}, 'ring': {'normal': 96.0, 'tangential': 133.0, 'angle': 312.0, 'proximity': 196608.0}, 'middle': {'normal': 0.0, 'tangential': 0.0, 'angle': 65535.0, 'proximity': 0.0}, 'index': {'normal': 0.0, 'tangential': 0.0, 'angle': 65535.0, 'proximity': 260554.0}, 'thumb': {'normal': 8.0, 'tangential': 21.0, 'angle': 279.0, 'proximity': 196608.0}}, 'palm': {'palm_1': 0.0, 'palm_2': 0.0, 'palm_3': 65535.0, 'palm_4': 0.0, 'palm_5': 0.0, 'palm_6': 65535.0, 'palm_7': 0.0, 'palm_8': 0.0, 'palm_9': 65535.0}})"", ""TouchFrame(elapsed_s=3.725345926002774, angles={'little': 1229.0, 'ring': 1340.0, 'middle': 1522.0, 'index': 1351.0, 'thumb_bend': 1362.0, 'thumb_swing': 921.0}, forces={'little': 109.0, 'ring': 845.0, 'middle': 53.0, 'index': 43.0, 'thumb_bend': 709.0, 'thumb_swing': 564.0}, tactile={'fingers': {'little': {'normal': 0.0, 'tangential': 0.0, 'angle': 65535.0, 'proximity': 0.0}, 'ring': {'normal': 96.0, 'tangential': 134.0, 'angle': 312.0, 'proximity': 196608.0}, 'middle': {'normal': 0.0, 'tangential': 0.0, 'angle': 65535.0, 'proximity': 0.0}, 'index': {'normal': 0.0, 'tangential': 0.0, 'angle': 65535.0, 'proximity': 0.0}, 'thumb': {'normal': 8.0, 'tangential': 21.0, 'angle': 279.0, 'proximity': 196608.0}}, 'palm': {'palm_1': 0.0, 'palm_2': 0.0, 'palm_3': 65535.0, 'palm_4': 0.0, 'palm_5': 0.0, 'palm_6': 65535.0, 'palm_7': 0.0, 'palm_8': 0.0, 'palm_9': 65535.0}})"", ""TouchFrame(elapsed_s=3.9067447429988533, angles={'little': 1229.0, 'ring': 1341.0, 'middle': 1522.0, 'index': 1351.0, 'thumb_bend': 1362.0, 'thumb_swing': 921.0}, forces={'little': 111.0, 'ring': 845.0, 'middle': 53.0, 'index': 43.0, 'thumb_bend': 709.0, 'thumb_swing': 563.0}, tactile={'fingers': {'little': {'normal': 0.0, 'tangential': 0.0, 'angle': 65535.0, 'proximity': 0.0}, 'ring': {'normal': 96.0, 'tangential': 134.0, 'angle': 312.0, 'proximity': 196608.0}, 'middle': {'normal': 0.0, 'tangential': 0.0, 'angle': 65535.0, 'proximity': 0.0}, 'index': {'normal': 0.0, 'tangential': 0.0, 'angle': 65535.0, 'proximity': 393216.0}, 'thumb': {'normal': 9.0, 'tangential': 20.0, 'angle': 278.0, 'proximity': 196608.0}}, 'palm': {'palm_1': 0.0, 'palm_2': 0.0, 'palm_3': 65535.0, 'palm_4': 0.0, 'palm_5': 0.0, 'palm_6': 65535.0, 'palm_7': 0.0, 'palm_8': 0.0, 'palm_9': 65535.0}})"", ""TouchFrame(elapsed_s=4.0903647520026425, angles={'little': 1229.0, 'ring': 1341.0, 'middle': 1522.0, 'index': 1351.0, 'thumb_bend': 1362.0, 'thumb_swing': 921.0}, forces={'little': 111.0, 'ring': 843.0, 'middle': 53.0, 'index': 43.0, 'thumb_bend': 709.0, 'thumb_swing': 562.0}, tactile={'fingers': {'little': {'normal': 0.0, 'tangential': 0.0, 'angle': 65535.0, 'proximity': 0.0}, 'ring': {'normal': 96.0, 'tangential': 134.0, 'angle': 312.0, 'proximity': 196608.0}, 'middle': {'normal': 0.0, 'tangential': 0.0, 'angle': 65535.0, 'proximity': 0.0}, 'index': {'normal': 0.0, 'tangential': 0.0, 'angle': 65535.0, 'proximity': 720896.0}, 'thumb': {'normal': 8.0, 'tangential': 20.0, 'angle': 281.0, 'proximity': 196608.0}}, 'palm': {'palm_1': 0.0, 'palm_2': 0.0, 'palm_3': 65535.0, 'palm_4': 0.0, 'palm_5': 0.0, 'palm_6': 65535.0, 'palm_7': 0.0, 'palm_8': 0.0, 'palm_9': 65535.0}})"", ""TouchFrame(elapsed_s=4.2715767190020415, angles={'little': 1229.0, 'ring': 1340.0, 'middle': 1522.0, 'index': 1351.0, 'thumb_bend': 1362.0, 'thumb_swing': 921.0}, forces={'little': 111.0, 'ring': 843.0, 'middle': 53.0, 'index': 43.0, 'thumb_bend': 709.0, 'thumb_swing': 562.0}, tactile={'fingers': {'little': {'normal': 0.0, 'tangential': 0.0, 'angle': 65535.0, 'proximity': 0.0}, 'ring': {'normal': 96.0, 'tangential': 134.0, 'angle': 312.0, 'proximity': 196608.0}, 'middle': {'normal': 0.0, 'tangential': 0.0, 'angle': 65535.0, 'proximity': 0.0}, 'index': {'normal': 0.0, 'tangential': 0.0, 'angle': 65535.0, 'proximity': 0.0}, 'thumb': {'normal': 9.0, 'tangential': 20.0, 'angle': 280.0, 'proximity': 196608.0}}, 'palm': {'palm_1': 0.0, 'palm_2': 0.0, 'palm_3': 65535.0, 'palm_4': 0.0, 'palm_5': 0.0, 'palm_6': 65535.0, 'palm_7': 0.0, 'palm_8': 0.0, 'palm_9': 65535.0}})"", ""TouchFrame(elapsed_s=4.455067975999555, angles={'little': 1229.0, 'ring': 1341.0, 'middle': 1522.0, 'index': 1351.0, 'thumb_bend': 1362.0, 'thumb_swing': 921.0}, forces={'little': 111.0, 'ring': 842.0, 'middle': 52.0, 'index': 43.0, 'thumb_bend': 707.0, 'thumb_swing': 562.0}, tactile={'fingers': {'little': {'normal': 0.0, 'tangential': 0.0, 'angle': 65535.0, 'proximity': 0.0}, 'ring': {'normal': 96.0, 'tangential': 134.0, 'angle': 312.0, 'proximity': 196608.0}, 'middle': {'normal': 0.0, 'tangential': 0.0, 'angle': 65535.0, 'proximity': 0.0}, 'index': {'normal': 0.0, 'tangential': 0.0, 'angle': 65535.0, 'proximity': 377798.0}, 'thumb': {'normal': 9.0, 'tangential': 20.0, 'angle': 281.0, 'proximity': 196608.0}}, 'palm': {'palm_1': 0.0, 'palm_2': 0.0, 'palm_3': 65535.0, 'palm_4': 0.0, 'palm_5': 0.0, 'palm_6': 65535.0, 'palm_7': 0.0, 'palm_8': 0.0, 'palm_9': 65535.0}})""], ""squeeze_baseline_angles"": null, ""squeeze_baseline_forces"": null, ""squeeze_frames"": [], ""squeeze_baseline_source"": """", ""squeeze_hover_tail_count"": 10, ""squeeze_middle_ready"": null, ""squeeze_middle_contact_delta"": null, ""squeeze_middle_seek_steps"": 0, ""squeeze_command_sample_index"": null, ""contact_threshold"": 70.0, ""lift_force_delta"": null, ""weight_g"": null, ""notes"": ""claw_machine""}","{""little"": 896.0, ""ring"": 896.0, ""middle"": 897.0, ""index"": 896.0, ""thumb_bend"": 1125.0, ""thumb_swing"": 1699.0}","{""little"": 332.0, ""ring"": 264.0, ""middle"": 287.0, ""index"": 257.0, ""thumb_bend"": 365.0, ""thumb_swing"": 18.0}","[-45.894, 56.477, -54.09, 0.0, 43.515, 10.067]","{""ee.x"": 141.613, ""ee.y"": -146.104, ""ee.z"": 350.305, ""ee.rx"": 168.591, ""ee.ry"": 48.089, ""ee.rz"": 118.934}",175.536,55.498,119.972,197.205,-281.251,245.243,"{""ee.x"": 197.205, ""ee.y"": -281.251, ""ee.z"": 245.243, ""ee.rx"": 175.536, ""ee.ry"": 55.498, ""ee.rz"": 119.972}",168.591,48.089,118.934,141.613,-146.104,215.0,"{""ee.x"": 141.613, ""ee.y"": -146.104, ""ee.z"": 215.0, ""ee.rx"": 168.591, ""ee.ry"": 48.089, ""ee.rz"": 118.934}",1,168.591,48.089,118.934,141.613,-146.104,350.305,"{""ee.x"": 141.613, ""ee.y"": -146.104, ""ee.z"": 350.305, ""ee.rx"": 168.591, ""ee.ry"": 48.089, ""ee.rz"": 118.934}",168.591,48.089,118.934,141.613,-146.104,287.496,"{""ee.x"": 141.613, ""ee.y"": -146.104, ""ee.z"": 287.496, ""ee.rx"": 168.591, ""ee.ry"": 48.089, ""ee.rz"": 118.934}",complete,1,172.196,49.686,169.902,161.039,0.257,332.985,"{""ee.x"": 161.039, ""ee.y"": 0.257, ""ee.z"": 332.985, ""ee.rx"": 172.196, ""ee.ry"": 49.686, ""ee.rz"": 169.902}",1786759272.0241122
